post_id,theme,subtopic,confidence
7470167639785082145,jobs,all_jobs_panic,high
7502044516719922437,jobs,all_jobs_panic,high
7516523171361787159,jobs,all_jobs_panic,high
7630944567663119646,jobs,service_blue_collar,high
7631237483963010311,jobs,all_jobs_panic,high
7610516929459080479,jobs,all_jobs_panic,high
7610209992402160910,jobs,all_jobs_panic,high
7618664766382411030,jobs,all_jobs_panic,medium
7629841094804589846,jobs,layoffs_news,high
7617256429988138253,jobs,all_jobs_panic,high
7604918911137533206,jobs,all_jobs_panic,high
7631849007156923650,deepfake,misinfo_general,high
7628508447297867039,jobs,all_jobs_panic,high
7630912600456400159,jobs,all_jobs_panic,high
7547448190362979639,jobs,all_jobs_panic,high
7632371615585619218,jobs,layoffs_news,high
7631070686928309518,jobs,all_jobs_panic,high
7632191262195535124,jobs,all_jobs_panic,high
7632120870747573517,jobs,layoffs_news,high
7631860947304451361,jobs,all_jobs_panic,high
7617944467898715414,xrisk,loss_of_control,high
7608937173605223713,jobs,service_blue_collar,medium
7631670146515455246,xrisk,agi_superintelligence,high
7465174229009435935,jobs,service_blue_collar,high
7630952944610839839,jobs,all_jobs_panic,high
7630323927214001421,jobs,service_blue_collar,high
7624566998944501013,jobs,all_jobs_panic,high
7628948732838530311,jobs,layoffs_news,high
7631334170303728917,jobs,all_jobs_panic,high
7559785571946745101,jobs,all_jobs_panic,high
7631221294758890766,jobs,service_blue_collar,high
7632466746443599118,deepfake,nonconsensual_imagery,high
7630429465117543701,jobs,all_jobs_panic,high
7632086716106525982,jobs,all_jobs_panic,high
7631886769570598166,jobs,all_jobs_panic,high
7632825350778588430,jobs,all_jobs_panic,high
7632125631123311885,jobs,layoffs_news,high
7630522391961128206,jobs,layoffs_news,high
7511784117399276822,jobs,layoffs_news,medium
7600763901193538838,environment,general_resource,high
7589596167537708299,jobs,layoffs_news,high
7611663668224281863,jobs,layoffs_news,high
7632117030388354318,jobs,personal_loss,high
7543819810019347720,jobs,personal_loss,high
7619294492402765078,jobs,white_collar_tech,high
7631455528367033622,jobs,all_jobs_panic,high
7556219145248083202,jobs,all_jobs_panic,high
7628843287859825950,jobs,layoffs_news,high
7630426894302711063,jobs,layoffs_news,high
7631548039747882253,jobs,layoffs_news,high
7631877324371184910,jobs,layoffs_news,high
7605354360486251789,jobs,layoffs_news,high
7632414917391371542,jobs,layoffs_news,high
7510080362165308702,jobs,all_jobs_panic,high
7618040584179092757,jobs,layoffs_news,high
7629089335236758797,xrisk,loss_of_control,high
7631684692751715597,jobs,layoffs_news,high
7617561642649341206,jobs,layoffs_news,high
7632071210423143702,jobs,personal_loss,high
7539247507516198158,jobs,all_jobs_panic,high
7631287735453584654,jobs,layoffs_news,high
7632294918941166861,jobs,layoffs_news,medium
7631455852200742151,jobs,all_jobs_panic,high
7631410761796947213,jobs,all_jobs_panic,high
7632610540463934728,regulation,safety_oversight,high
7626171548914814228,jobs,layoffs_news,high
7632537195349298453,general_neg,hate_quit,medium
7623794246272781575,jobs,all_jobs_panic,medium
7629748964882992406,jobs,layoffs_news,high
7631290189683379469,jobs,layoffs_news,high
7629065437669592327,jobs,all_jobs_panic,high
7611602549694614815,jobs,personal_loss,high
7629798377164737814,jobs,layoffs_news,medium
7631275540082724126,jobs,all_jobs_panic,high
7594235512928357646,jobs,layoffs_news,high
7631575390229679374,art,consent_training,high
7616321933721832721,jobs,layoffs_news,high
7631742738756537614,jobs,service_blue_collar,high
7628180640948604181,jobs,all_jobs_panic,high
7627133038220119310,jobs,all_jobs_panic,high
7330457761404161285,jobs,all_jobs_panic,high
7551259430252334343,jobs,personal_loss,high
7626138296233577758,jobs,personal_loss,high
7631613585122233614,xrisk,loss_of_control,high
7630053444518153503,jobs,personal_loss,medium
7631499840395971862,jobs,all_jobs_panic,high
7631775733362281758,jobs,white_collar_tech,high
7510701748961709358,jobs,personal_loss,high
7628308947069340950,jobs,all_jobs_panic,high
7631958118540315935,jobs,all_jobs_panic,high
7517288318896246047,jobs,layoffs_news,high
7632353692376681742,regulation,pro_regulation,high
7605848086887288085,environment,data_centers,high
7627970194454973714,environment,data_centers,high
7565096213951860023,environment,data_centers,high
7626480610781039886,environment,data_centers,high
7631678026866003231,environment,data_centers,high
7488185726685695275,environment,data_centers,high
7617488901388782861,environment,data_centers,high
7585030935968582943,environment,data_centers,high
7551183082229878038,environment,data_centers,high
7616717220017638686,environment,water_usage,high
7631896338447240478,environment,data_centers,high
7593074860377640214,environment,electricity_grid,high
7632085837680790815,environment,data_centers,high
7632172379476610324,art,consent_training,medium
7632328164097690902,environment,electricity_grid,high
7562156199295110430,environment,general_resource,medium
7568299813230382343,environment,electricity_grid,high
7486138635348102405,environment,electricity_grid,high
7621523549374729503,environment,general_resource,high
7617636417757252878,environment,electricity_grid,high
7623403146756279583,environment,electricity_grid,high
7586867778129349902,environment,data_centers,high
7632418875052657942,environment,water_usage,high
7463020551158730016,environment,electricity_grid,high
7618829129042988308,environment,electricity_grid,high
7526764533323418894,environment,electricity_grid,high
7537401206977678647,environment,water_usage,high
7625693264762522911,environment,water_usage,high
7595682888994147606,environment,water_usage,medium
7506352853896662277,environment,water_usage,high
7616109114363612438,environment,electricity_grid,high
7527488020996574495,environment,water_usage,high
7593500051301879095,environment,water_usage,high
7465351830667824407,environment,water_usage,high
7607688737073417493,environment,water_usage,high
7609715292998044942,environment,water_usage,high
7619073723521355039,environment,water_usage,high
7628297347407154453,environment,water_usage,high
7554395347682888973,environment,water_usage,high
7591624100624239890,environment,water_usage,high
7511985116487503134,environment,water_usage,high
7625754334818602247,environment,water_usage,high
7625535166655581447,environment,water_usage,high
7624362417207921938,environment,water_usage,high
7443910463542283551,environment,carbon_climate,high
7587199390645767455,environment,carbon_climate,high
7588875165560327432,environment,water_usage,high
7517342690212662583,environment,carbon_climate,medium
7568541263788625174,environment,carbon_climate,high
7415255622368775455,xrisk,loss_of_control,high
7525578794061581581,environment,carbon_climate,high
7523218734115196166,environment,carbon_climate,high
7548546973901622535,environment,carbon_climate,high
7566437153455049997,environment,electricity_grid,high
7543154408943602975,environment,water_usage,high
7593836750561234207,environment,carbon_climate,medium
7600511313596435733,environment,water_usage,high
7632405885247130911,environment,water_usage,high
7619406345099398413,environment,data_centers,high
7551176586435775774,deepfake,misinfo_general,high
7594534864683027734,environment,carbon_climate,medium
7591856726052228374,environment,carbon_climate,medium
7574104936707919135,environment,carbon_climate,high
7609166729133985042,environment,electricity_grid,high
7562943612955151646,environment,electricity_grid,high
7630174962082532638,environment,electricity_grid,high
7563783769572855095,environment,electricity_grid,high
7511833470314745119,environment,electricity_grid,high
7456137104268086533,environment,electricity_grid,high
7560442844071152951,environment,electricity_grid,high
7174544159494212910,art,consent_training,high
7560721507626929439,environment,electricity_grid,high
7630351200612781313,surveillance,state_corporate,high
7568886188816403724,art,noai_activism,high
7629483790603357462,art,consent_training,high
7260579758117883142,art,consent_training,high
7629497108956990740,art,noai_activism,high
7461614742344387862,art,noai_activism,high
7558632437920714014,art,noai_activism,high
7580758166242102550,art,noai_activism,high
7177137305206017286,art,noai_activism,high
7628973585662512405,art,noai_activism,medium
7586449175802367262,art,consent_training,high
7516203525404200234,art,consent_training,high
7630830775046278433,deepfake,scam_fraud,high
7295756232135068961,art,consent_training,high
7606828604227390741,art,style_mimicry,high
7625792725052378390,art,style_mimicry,high
7474614652454948112,art,consent_training,high
7611293862002167062,art,noai_activism,high
7629678743325560067,art,consent_training,high
7489057934920387862,art,consent_training,high
7624323544679320863,art,style_mimicry,high
7418833403140771115,art,style_mimicry,high
7532056113529818386,art,consent_training,high
7603723239822494997,art,noai_activism,high
7498897972487294251,art,noai_activism,high
7610144593782328589,art,consent_training,high
7631008318345039118,art,noai_activism,high
7587318947515567373,art,noai_activism,high
7558877642897018115,art,noai_activism,high
7615401617487170837,general_neg,hate_quit,medium
7632015338506439958,art,noai_activism,high
7523761710981729550,art,creative_job_loss,high
7625174481375464722,art,noai_activism,high
7318873933715868959,art,noai_activism,high
7529455137278922002,art,noai_activism,medium
7554493505293339918,art,creative_job_loss,high
7535540492222663958,art,noai_activism,high
7533454856422493495,art,noai_activism,high
7619999191779085590,art,noai_activism,high
7620083280078998814,environment,water_usage,high
7621607493671636257,art,noai_activism,high
7607564017388883233,art,noai_activism,high
7571688619459611935,art,noai_activism,high
7628372527202438431,environment,general_resource,low
7421571363258780961,art,noai_activism,high
7611953088752241942,art,noai_activism,high
7577415419451968790,art,noai_activism,high
7558947620937338143,art,noai_activism,high
7607220440989240590,education,learning_harm,high
7571564321482837278,art,noai_activism,high
7632469225365425422,art,consent_training,high
7534415146559540502,art,noai_activism,high
7599082532356771086,art,noai_activism,high
7525802696570309902,art,style_mimicry,medium
7620441346309983508,art,style_mimicry,high
7527785915771538744,art,noai_activism,high
7627120231953026324,art,style_mimicry,high
7540319683610791190,art,noai_activism,high
7567749336063380756,art,style_mimicry,high
7551188076505140494,art,noai_activism,high
7630444155960937760,art,noai_activism,medium
7572387302924717325,art,music_voice_theft,high
7548404790628207894,art,music_voice_theft,high
7537629349558668564,art,music_voice_theft,high
7571949667714436383,art,music_voice_theft,high
7627393968950594838,art,music_voice_theft,high
7512697288649608494,art,consent_training,high
7608967817970453782,art,consent_training,medium
7519189352308657430,art,music_voice_theft,medium
7515600967572917550,art,music_voice_theft,high
7631387520638520590,art,consent_training,high
7517446433197346103,art,music_voice_theft,high
7579972123721043255,art,consent_training,high
7627841466311724310,art,music_voice_theft,high
7601820406776990994,art,music_voice_theft,high
7478416913635282219,art,music_voice_theft,high
7577980397947047198,art,music_voice_theft,high
7631442430893575440,deepfake,scam_fraud,high
7631924667221134614,art,music_voice_theft,high
7602031046284086536,deepfake,scam_fraud,high
7630459170441006357,deepfake,scam_fraud,high
7439915356271086894,deepfake,scam_fraud,high
7560607562098363704,deepfake,scam_fraud,high
7571161928551124279,general_neg,ai_slop,high
7598578494360096022,deepfake,scam_fraud,high
7327983075621735713,deepfake,misinfo_general,high
7630690474008988949,deepfake,scam_fraud,high
7631551012481944854,deepfake,scam_fraud,high
7631667721092107527,deepfake,scam_fraud,high
7580581313753681172,deepfake,scam_fraud,high
7620404258763967766,deepfake,scam_fraud,high
7465360697283710250,deepfake,celebrity_impersonation,high
7622463181629197582,deepfake,scam_fraud,high
7518080710717099295,deepfake,scam_fraud,high
7608349888954240263,deepfake,scam_fraud,high
7559833433761975565,art,noai_activism,high
7631335663811529997,art,consent_training,high
7541433908362071318,art,consent_training,high
7624005129393409294,general_neg,product_degradation,high
7510351641191779614,art,consent_training,high
7564067616487181590,art,consent_training,high
7504737045135330582,regulation,pro_regulation,high
7610407812367273224,art,music_voice_theft,high
7568638436106652942,art,consent_training,high
7584189022646422814,art,consent_training,high
7619434091582131470,art,consent_training,high
7546577271268642070,art,consent_training,high
7446458844760247594,art,consent_training,high
7515135366425333014,art,consent_training,high
7547769514855845133,art,consent_training,high
7623866055680625942,art,consent_training,high
7497703084349459743,art,noai_activism,high
7533717823198186782,art,noai_activism,high
7179282854914919726,art,consent_training,high
7625892340980534549,art,noai_activism,high
7593461988051717399,art,consent_training,high
7546750179035155742,art,noai_activism,high
7631460687587429665,art,consent_training,high
7496420790192147734,art,noai_activism,medium
7598345761805405460,art,noai_activism,high
7500689521370074391,art,noai_activism,high
7581921883696794902,art,noai_activism,high
7629307013109058838,art,noai_activism,high
7488038720231345454,art,noai_activism,high
7621643192567450894,art,noai_activism,high
7552028004164144415,art,noai_activism,high
7177206433790823681,art,noai_activism,high
7550500397828312351,surveillance,facial_recognition,high
7551806802904583446,surveillance,tracking_spying,high
7630779969760677142,surveillance,tracking_spying,high
7502219365060840747,surveillance,facial_recognition,high
7630787128519052551,surveillance,facial_recognition,high
7605634170420743437,surveillance,facial_recognition,high
7600596201544748310,surveillance,state_corporate,medium
7457056115264703774,surveillance,facial_recognition,high
7456222794620095774,surveillance,facial_recognition,high
7435773406563274027,surveillance,facial_recognition,high
7631239008122604814,art,other,high
7622733371654950164,surveillance,facial_recognition,high
7606375443310120214,surveillance,tracking_spying,high
7577412260277259543,surveillance,data_privacy,high
7614410444786109710,surveillance,data_privacy,high
7504354099018681622,surveillance,state_corporate,high
7572751915130326294,deepfake,misinfo_general,medium
7512974030870154542,surveillance,tracking_spying,high
7601238503480954133,surveillance,tracking_spying,high
7630876324843785503,surveillance,state_corporate,high
7563697341887155486,surveillance,state_corporate,high
7532503027102567694,surveillance,tracking_spying,high
7367205880267427118,surveillance,tracking_spying,high
7629388033711770913,surveillance,state_corporate,high
7516166192197963054,surveillance,state_corporate,high
7549862952816643351,surveillance,state_corporate,high
7316932586939436321,surveillance,tracking_spying,high
7495813046258896174,surveillance,state_corporate,high
7461131030821375250,surveillance,state_corporate,high
7591927257631968567,surveillance,state_corporate,high
7494250424124394783,surveillance,state_corporate,high
7562199863077637394,surveillance,facial_recognition,high
7514143622405606686,surveillance,state_corporate,high
7543628494433946910,surveillance,tracking_spying,high
7600477550401293623,surveillance,state_corporate,high
7632628443414416662,surveillance,facial_recognition,high
7524649065565408567,surveillance,tracking_spying,high
7632190407757139214,education,student_cheating,high
7607666464698502414,surveillance,facial_recognition,high
7632110914736557325,education,student_cheating,high
7631252199783370014,general_neg,product_degradation,medium
7617097373675785492,general_neg,ai_slop,medium
7576023413655964950,general_neg,product_degradation,high
7631928950243052830,education,learning_harm,high
7596297863991266578,education,learning_harm,high
7566978133782482187,education,student_cheating,high
7504749512498466070,education,student_cheating,high
7543267596481645837,general_neg,antiai_identity,medium
7631314606136331534,education,learning_harm,high
7519687751042682168,education,student_cheating,high
7536508218944572689,art,other,high
7601628629532986679,education,teacher_impact,high
7490259927307537707,general_neg,bubble_skepticism,medium
7631925514940255502,deepfake,misinfo_general,high
7560547761909714196,art,consent_training,high
7536507226589039873,general_neg,ai_slop,high
7490818165438647598,education,teacher_impact,high
7535237998531726606,education,learning_harm,high
7571293427837472011,education,student_cheating,high
7512805646736330030,education,learning_harm,high
7538447137219087646,education,student_cheating,high
7622522452538608904,education,student_cheating,high
7628736599785786638,education,student_cheating,high
7533191179895082271,education,school_bans,high
7630038873208376598,deepfake,misinfo_general,high
7489583418079071530,education,student_cheating,medium
7510674697923595550,education,school_bans,high
7514057994989030678,xrisk,loss_of_control,high
7627320219626736927,xrisk,loss_of_control,high
7632065516273962247,xrisk,loss_of_control,high
7616837950281616654,xrisk,other,medium
7546232049846193430,xrisk,agi_superintelligence,high
7629531510382546206,deepfake,scam_fraud,high
7611522899605736726,regulation,pro_regulation,high
7629397203492130078,deepfake,scam_fraud,high
7432513584984313120,xrisk,extinction_doom,high
7629227650917109013,general_neg,product_degradation,medium
7629534487889612052,regulation,safety_oversight,high
7213531132917468462,xrisk,agi_superintelligence,high
7605228679609781524,surveillance,other,high
7302730087475006726,deepfake,misinfo_general,high
7338071913622785312,deepfake,misinfo_general,high
7514481512851524894,surveillance,other,high
7314740924821654816,xrisk,agi_superintelligence,high
7441020415994088726,xrisk,agi_superintelligence,high
7630925049603656974,surveillance,tracking_spying,medium
7611720471742139661,surveillance,state_corporate,high
7621575331316600078,environment,carbon_climate,medium
7576697192996441366,art,creative_job_loss,high
7591746321116073271,environment,general_resource,medium
7404929720380411178,art,noai_activism,high
7546007302592105783,general_neg,product_degradation,high
7567018255383252227,surveillance,other,high
7595574927328234760,regulation,pro_regulation,high
7564216745821474079,surveillance,data_privacy,high
7621290253864750349,general_neg,hate_quit,high
7512228139968335134,deepfake,nonconsensual_imagery,medium
7532583945041464589,surveillance,data_privacy,medium
7512364586499198264,xrisk,loss_of_control,high
7511725197418827039,xrisk,loss_of_control,high
7514904572314406160,xrisk,loss_of_control,high
7527050822237064478,xrisk,loss_of_control,high
7631294369089195277,general_neg,hate_quit,medium
7554414569993653522,deepfake,nonconsensual_imagery,high
7436590478016974122,regulation,corporate_critique,high
7632000054500347169,xrisk,loss_of_control,high
7629909729191447821,regulation,safety_oversight,high
7562230007154724127,regulation,safety_oversight,high
7607828522744188173,regulation,safety_oversight,high
7567094496752602399,regulation,pro_regulation,high
7632286944424152327,regulation,pro_regulation,high
7629431079186763038,regulation,safety_oversight,high
7529639216070839574,deepfake,misinfo_general,medium
7503767476602293511,regulation,pro_regulation,high
7631984180066405662,regulation,pro_regulation,high
7615224451386576148,deepfake,nonconsensual_imagery,high
7632402956939169056,deepfake,misinfo_general,high
7622725746217258253,deepfake,scam_fraud,high
7557450543082376504,deepfake,scam_fraud,medium
7622424226158431510,deepfake,misinfo_general,high
7556931786429713676,deepfake,political_election,high
7594104184031464726,deepfake,celebrity_impersonation,medium
7553823414855732491,deepfake,misinfo_general,high
7624644451847245088,deepfake,nonconsensual_imagery,high
7466841181310209313,deepfake,nonconsensual_imagery,high
7427304348386118958,deepfake,nonconsensual_imagery,high
7514097304782146862,deepfake,nonconsensual_imagery,high
7622008685409226006,deepfake,scam_fraud,high
7506784024220798213,deepfake,scam_fraud,high
7632615011025800481,deepfake,misinfo_general,high
7631608602444238102,environment,water_usage,high
7594450646556888341,environment,carbon_climate,high
7632079018644311309,surveillance,data_privacy,high
7631014522685263117,surveillance,data_privacy,high
7528601724378991902,general_neg,hate_quit,medium
7629537356089019670,surveillance,data_privacy,high
7630045174541995286,surveillance,data_privacy,medium
7591856626466917654,environment,electricity_grid,high
7629845367793650958,art,consent_training,high
7596488150483045640,surveillance,data_privacy,medium
7254657673545682203,deepfake,misinfo_general,high
7525840988200258838,deepfake,misinfo_general,high
6925910971810598150,deepfake,celebrity_impersonation,high
7447621941739146542,deepfake,scam_fraud,high
7631859739453967638,deepfake,scam_fraud,high
7595652906641100054,deepfake,scam_fraud,high
7499178884798156087,deepfake,misinfo_general,high
7498161271662054678,deepfake,nonconsensual_imagery,high
7630995980799806740,deepfake,misinfo_general,high
7632137907398020372,deepfake,misinfo_general,high
7627887157830585607,deepfake,misinfo_general,high
7613793571581299982,deepfake,scam_fraud,high
7621495543587540257,deepfake,scam_fraud,high
7617832620277140756,deepfake,political_election,high
7632787728731557127,deepfake,misinfo_general,high
7632037077168770325,deepfake,scam_fraud,high
7367252466347314465,deepfake,misinfo_general,high
7489541182595271958,deepfake,scam_fraud,high
7538083092666387717,deepfake,scam_fraud,high
7618515345522855199,art,other,high
7632397749719158038,deepfake,misinfo_general,high
7624299604120571144,deepfake,scam_fraud,high
7617273656724426002,deepfake,scam_fraud,high
7601441076578176274,deepfake,scam_fraud,high
7622038124297800990,deepfake,scam_fraud,high
7491097266300734766,deepfake,scam_fraud,high
7577799929779834143,deepfake,scam_fraud,high
7614162309996662019,deepfake,scam_fraud,high
7631931950126615830,deepfake,scam_fraud,high
7632444903695371541,deepfake,misinfo_general,high
7629059228975631630,deepfake,scam_fraud,high
7610690416819719431,deepfake,scam_fraud,high
7593078512483896593,deepfake,misinfo_general,high
7587080848025931028,deepfake,scam_fraud,high
7568181647472856334,deepfake,misinfo_general,high
7516821001217264952,deepfake,misinfo_general,high
7511809425670278431,deepfake,misinfo_general,high
7545818170557353238,deepfake,misinfo_general,high
7619061633293290782,deepfake,misinfo_general,high
7525266599629065503,deepfake,misinfo_general,high
7596117806261800247,deepfake,misinfo_general,high
7518748551325830422,deepfake,misinfo_general,high
7615959302494293261,deepfake,misinfo_general,high
7539545427859803414,deepfake,misinfo_general,high
7631514559899077909,deepfake,misinfo_general,high
7560794500914892045,deepfake,misinfo_general,high
7559992669271838008,deepfake,misinfo_general,high
7561834990577749278,deepfake,misinfo_general,high
7611432259475770632,deepfake,misinfo_general,high
7628601552214805761,deepfake,misinfo_general,high
7491128241625763080,deepfake,misinfo_general,high
7631656235661544726,regulation,corporate_critique,high
7631537830728092950,xrisk,loss_of_control,medium
7489218219975118102,deepfake,scam_fraud,high
7627009147841645846,deepfake,misinfo_general,high
7631445431477685517,jobs,service_blue_collar,high
7608391994183896338,deepfake,misinfo_general,high
7632235549989932308,deepfake,misinfo_general,high
7613109859147435286,deepfake,misinfo_general,high
7515789000003554606,deepfake,misinfo_general,high
7472565398878145834,deepfake,misinfo_general,high
7534125040976071966,art,style_mimicry,medium
7449932885370424606,general_neg,ai_slop,high
7564987682607189262,general_neg,ai_slop,high
7618810217807088926,general_neg,ai_slop,high
7506503032306191638,art,noai_activism,high
7514115202481147167,art,style_mimicry,medium
7626726976706940192,general_neg,ai_slop,high
7587636703888706837,general_neg,ai_slop,high
7549177610803088672,deepfake,misinfo_general,high
7630034482074111254,art,creative_job_loss,high
7632505281016040712,art,noai_activism,high
7538639190808956168,general_neg,ai_slop,high
7624198660930145566,art,creative_job_loss,high
7632090145038273813,general_neg,hate_quit,medium
7609615606450507026,art,style_mimicry,high
7580520344071441686,art,style_mimicry,high
7447044377756683528,general_neg,ai_slop,high
7553886008643685687,deepfake,scam_fraud,high
7553463549310422302,deepfake,scam_fraud,high
7347361721494883626,general_neg,ai_slop,high
7606180181341932818,art,noai_activism,high
7529986531268775181,deepfake,misinfo_general,high
7604677002246819086,general_neg,ai_slop,medium
7530453496164928782,art,creative_job_loss,high
7177552289878609198,art,noai_activism,high
7568923413763427598,art,creative_job_loss,high
7576498951524797727,general_neg,ai_slop,high
7452745566582328608,art,noai_activism,high
7592789937313910027,general_neg,product_degradation,high
7500056674854620462,deepfake,misinfo_general,high
7575967129711758622,general_neg,product_degradation,high
7551613273267834119,general_neg,ai_slop,high
7585166502513347853,xrisk,loss_of_control,medium
7630958307846393110,jobs,white_collar_tech,medium
7399736763377372422,general_neg,product_degradation,high
7439113399549644075,xrisk,loss_of_control,high
7547853406359145742,general_neg,product_degradation,high
7506667450432343342,jobs,other,high
7550681809156148510,surveillance,data_privacy,medium
7583873491301059862,general_neg,product_degradation,high
7580769145772346679,deepfake,misinfo_general,medium
7373913347328363822,general_neg,product_degradation,high
7510345273911119146,general_neg,product_degradation,high
7550681098691300622,deepfake,misinfo_general,high
7561896455108119838,general_neg,product_degradation,high
7560039340059938078,deepfake,misinfo_general,high
7512504310647819551,deepfake,misinfo_general,high
7563618688352455950,art,noai_activism,high
7594381926069275936,regulation,pro_regulation,high
7581180866446118158,general_neg,ai_slop,high
7478018595964931383,deepfake,misinfo_general,high
7533269960882244877,regulation,econ_bubble,medium
7563233799182568734,general_neg,ai_slop,medium
7554906389227867405,general_neg,ai_slop,high
7617718951459425544,general_neg,ai_slop,medium
7563958844360035615,deepfake,misinfo_general,high
7564755162535939350,jobs,all_jobs_panic,medium
7630195799716072726,general_neg,hate_quit,medium
7620557142625422612,environment,water_usage,high
7456967909470981422,general_neg,ai_slop,high
7509172049361800494,education,learning_harm,high
7566756969332100365,general_neg,antiai_identity,medium
7570809899744087327,art,creative_job_loss,high
7545904063779540246,art,noai_activism,high
7462714079233314079,art,noai_activism,medium
7362227526489656622,art,music_voice_theft,medium
7630851472657272086,jobs,all_jobs_panic,medium
7510339326383787294,art,noai_activism,high
7630638333815033108,deepfake,nonconsensual_imagery,high
7580160162992753950,art,noai_activism,high
7629051222598700310,art,noai_activism,high
7629872509134900503,art,consent_training,high
7624218160979397908,deepfake,scam_fraud,high
7590021117662809366,art,noai_activism,high
7629846697744600333,surveillance,data_privacy,high
7337775821156879648,art,noai_activism,high
7632449220838001933,surveillance,other,high
7515073665784941854,art,noai_activism,high
7630339860913507606,art,consent_training,high
7630463216916729102,deepfake,misinfo_general,high
7630295283087248653,deepfake,misinfo_general,high
7615668070748572950,jobs,service_blue_collar,high
7597589812308135190,jobs,service_blue_collar,high
7475010106124471557,jobs,service_blue_collar,high
7625670334053731614,general_neg,product_degradation,high
7627164375551429902,general_neg,product_degradation,high
7577443439373978893,general_neg,ai_slop,high
7564488268537023775,jobs,service_blue_collar,high
7528505678151912717,jobs,service_blue_collar,high
7608594244189588749,general_neg,product_degradation,high
7618566641605053718,jobs,service_blue_collar,high
7628140871128501526,jobs,service_blue_collar,medium
7614587297278823694,jobs,service_blue_collar,high
7623133095432080653,jobs,service_blue_collar,high
7465783701276806446,surveillance,other,high
7503908358160665878,jobs,service_blue_collar,high
7492091887424228650,surveillance,state_corporate,medium
7544138934050245943,surveillance,other,high
7600377948008369430,surveillance,other,high
7631907084480564501,jobs,service_blue_collar,medium
7554816843895049486,xrisk,loss_of_control,medium
7550712950684667150,art,other,high
7632163971935636750,general_neg,product_degradation,high
7579696555872029974,general_neg,product_degradation,medium
7574632684228480269,general_neg,product_degradation,high
7514695228868070687,general_neg,product_degradation,medium
7616436663597813014,surveillance,state_corporate,high
7499679936798575918,deepfake,misinfo_general,high
7577888975638088982,regulation,corporate_critique,high
7570075772027735352,surveillance,facial_recognition,high
7611763155282300190,general_neg,hate_quit,low
7631497245686254862,deepfake,misinfo_general,medium
7630501681280732434,regulation,corporate_critique,high
7448029156044033311,regulation,corporate_critique,high
7558204185875942663,art,creative_job_loss,high
7631340461013126413,xrisk,other,medium
7537705334362623254,general_neg,product_degradation,medium
7616476998780701974,regulation,corporate_critique,high
7592054513167584567,art,other,high
7574588770335444236,regulation,safety_oversight,high
7630454578739285262,xrisk,loss_of_control,high
7601172015717813526,general_neg,hate_quit,high
7547779400851262728,surveillance,data_privacy,high
7632655586890665236,general_neg,product_degradation,high
7467882225246211334,deepfake,misinfo_general,high
7504729892903226654,art,noai_activism,high
7534348614080974102,general_neg,product_degradation,high
7610257800446364958,general_neg,hate_quit,medium
7539811284947111182,general_neg,product_degradation,high
7529249084935359766,general_neg,hate_quit,medium
7496970495275912478,general_neg,ai_slop,high
7456517660449197355,education,learning_harm,high
7585605344554962190,surveillance,state_corporate,high
7598793653083049238,general_neg,bubble_skepticism,high
7442874839909584171,art,noai_activism,high
7626036242127277332,jobs,white_collar_tech,high
7611927037837708574,jobs,other,high
7615913997484723478,education,student_cheating,high
7557137458320723214,jobs,all_jobs_panic,medium
7627687677625666830,general_neg,bubble_skepticism,high
7603169708984093965,xrisk,other,low
7553681667727133974,general_neg,bubble_skepticism,high
7601739245954272567,jobs,all_jobs_panic,medium
7564858197069024525,general_neg,bubble_skepticism,high
7561548409891474710,regulation,econ_bubble,high
7604493991098240270,jobs,other,high
7625575541260897557,environment,data_centers,high
7621295692744559894,general_neg,bubble_skepticism,medium
7630439339469655318,regulation,econ_bubble,high
7616786216469449997,general_neg,bubble_skepticism,high
7618997842996153622,jobs,other,high
7561086996425215254,general_neg,bubble_skepticism,high
7556007445034781970,general_neg,bubble_skepticism,high
7630789525215743245,jobs,other,high
7627632551070321953,environment,data_centers,high
7623781740137647391,environment,general_resource,low
7632914761457421598,art,noai_activism,high
7631013150611066142,general_neg,ai_slop,high
7616136162918419726,environment,data_centers,high
7632801679951285534,general_neg,hate_quit,high
7630250935872146702,deepfake,misinfo_general,high
7608418549861764366,art,noai_activism,high
7630544350853729567,environment,carbon_climate,medium
7610853110583528735,art,noai_activism,high
7606432962309065997,environment,general_resource,high
7608632209406250253,art,noai_activism,high
7626832541898509599,environment,other,high
7629397396212043021,art,noai_activism,high
7607996231092014367,general_neg,hate_quit,medium
7572694619843022110,art,noai_activism,high
7620565040369831181,deepfake,misinfo_general,high
7630974096037137678,environment,water_usage,high
7597332999268519180,art,noai_activism,medium
7611642385268821261,environment,general_resource,low
7620586012976172318,environment,general_resource,medium
7628634420039159053,art,noai_activism,high
7629809163333356831,art,noai_activism,high
7632891063304228110,art,noai_activism,high
7615258779281542430,general_neg,antiai_identity,high
7602712635489930509,art,noai_activism,high
7617609777442491679,art,music_voice_theft,high
7613751981995281697,art,noai_activism,high
7548642995940199710,art,noai_activism,high
7632817356913282325,art,noai_activism,high
7611613439437393160,art,noai_activism,high
7605387103756684558,general_neg,antiai_identity,high
7629797399191375135,art,noai_activism,high
7535483885057051909,art,noai_activism,high
7487294620137704734,art,noai_activism,high
7493284290629766422,art,noai_activism,high
7626816669037464852,art,noai_activism,high
7622302269815393557,xrisk,loss_of_control,high
7250158950413307179,art,noai_activism,high
7632746897643441421,art,noai_activism,high
7397852781580733739,jobs,white_collar_tech,high
7515126374391237918,art,noai_activism,high
7627960030985309453,art,noai_activism,high
7629015859993857311,art,noai_activism,high
7576217855373348097,art,noai_activism,high
7595694975262723350,art,noai_activism,high
7616124861127150862,art,creative_job_loss,high
7631793123034696980,art,noai_activism,high
7597458424451943692,art,noai_activism,high
7629320153645305119,environment,data_centers,high
7570119119043874079,art,noai_activism,high
7523296978273438999,general_neg,hate_quit,high
7630757818169150751,art,noai_activism,high
7604771849129446670,environment,carbon_climate,medium
7537706576774253879,art,noai_activism,high
7590418140413185310,general_neg,antiai_identity,high
7595801118517513494,environment,carbon_climate,medium
7561300974699040031,general_neg,antiai_identity,medium
7629920853660077342,art,consent_training,high
7610134817132268822,art,noai_activism,high
7630016349795863841,art,noai_activism,high
7590940900298165534,art,noai_activism,high
7626740540436008214,art,noai_activism,high
7584867264885755166,art,noai_activism,high
7631983649876921613,surveillance,data_privacy,high
7629948852736429342,art,consent_training,high
7631368646035655966,art,noai_activism,high
7631943336982580502,art,consent_training,high
7630564221264104735,surveillance,data_privacy,high
7490585985965837590,art,creative_job_loss,medium
7617861527135194390,general_neg,ai_slop,high
7602810794149023006,art,noai_activism,low
7631234371449539858,art,style_mimicry,high
7584439523174550797,art,style_mimicry,medium
7509417058614988054,art,noai_activism,high
7534037469763833110,art,noai_activism,high
7478155719133400325,general_neg,hate_quit,medium
7555219474882776375,environment,water_usage,medium
7622760173727206687,jobs,all_jobs_panic,medium
7628659847516474638,general_neg,bubble_skepticism,high
7626019344144665869,general_neg,bubble_skepticism,high
7511151012426583318,environment,carbon_climate,high
7594145243323305238,general_neg,antiai_identity,high
7566462297544150280,art,noai_activism,high
7530457494309653790,art,noai_activism,high
7558590180949626125,art,noai_activism,high
7594144684352523542,general_neg,antiai_identity,medium
7555985142116912415,art,noai_activism,high
7624570536294681870,art,noai_activism,high
7631583689167916309,art,noai_activism,high
7576416441935613215,art,noai_activism,high
7608974592358518023,art,noai_activism,high
7620415037642919188,environment,water_usage,high
7526176510638607671,environment,water_usage,high
7620340381598764319,art,noai_activism,high
7560513531045514509,art,noai_activism,high
7595397437980790047,deepfake,misinfo_general,high
7519076946115071239,education,learning_harm,high
7614669512050363679,surveillance,data_privacy,medium
7560338840280501534,surveillance,data_privacy,high
7617467768299900182,general_neg,hate_quit,high
7603138884976872735,jobs,personal_loss,high
7631815298290552095,art,noai_activism,high
7629447770222513409,general_neg,antiai_identity,high
7559086352671739148,general_neg,hate_quit,high
7625865467596492046,general_neg,hate_quit,high
7632121233466854687,surveillance,state_corporate,medium
7571262663586630926,art,noai_activism,high
7629685697196182815,art,noai_activism,high
7632101091936685343,art,noai_activism,high
7627461592522804500,art,noai_activism,high
7614190833553739030,art,noai_activism,high
7586794484717964575,art,noai_activism,high
7548735846699126030,art,noai_activism,high
7580055356018035999,art,noai_activism,high
7488029170312777015,art,noai_activism,high
7586792166106615062,art,noai_activism,high
7626578357458636062,art,noai_activism,high
7624729819531578644,art,noai_activism,high
7178192196183526662,art,noai_activism,high
7300831707543080238,art,noai_activism,high
7614521594807061783,art,noai_activism,high
7619696732804222230,art,noai_activism,high
7627181237286833422,general_neg,ai_slop,high
7630636086930230541,general_neg,antiai_identity,high
7448926772067896622,art,creative_job_loss,medium
7561045315365670200,general_neg,hate_quit,medium
7594330502450957599,general_neg,antiai_identity,medium
7605232643835186454,environment,general_resource,medium
7525146999209872646,general_neg,hate_quit,high
7631107665074064647,art,noai_activism,high
7599991668980403476,general_neg,hate_quit,medium
7631990555240647949,general_neg,ai_slop,high
7629345905040297248,art,noai_activism,high
7536016817513450774,art,noai_activism,medium
7618025991625100566,general_neg,hate_quit,high
7621573784713055508,art,music_voice_theft,high
7620757040356494612,general_neg,ai_slop,high
7607781950442474774,jobs,other,high
7607017629986917653,art,consent_training,medium
7543109229373164831,general_neg,hate_quit,medium
7632577298251713825,art,noai_activism,high
7632672928563350806,art,noai_activism,high
7515803353990040878,deepfake,misinfo_general,high
7595667140435397919,general_neg,antiai_identity,high
7568574218825125142,art,noai_activism,high
7588972280982686984,art,noai_activism,high
7610957033898118414,environment,electricity_grid,high
7578891304843709698,deepfake,misinfo_general,high
7511339233437682952,art,noai_activism,high
7619785791794859277,general_neg,ai_slop,high
7365413940232277281,education,learning_harm,medium
7631660888478551327,environment,general_resource,medium
7542895211941203214,surveillance,facial_recognition,high
7592752169187626254,general_neg,product_degradation,high
7528642708961758495,environment,general_resource,high
7479110117674274070,surveillance,facial_recognition,high
7348890026874326278,art,noai_activism,high
7621183986907335968,art,noai_activism,high
7618666580565609759,general_neg,ai_slop,high
7630212039872548119,art,consent_training,high
7624173673640955156,deepfake,scam_fraud,high
7372289484915772715,deepfake,political_election,high
7584920501416512798,art,noai_activism,high
7631041157274930463,art,noai_activism,medium
7610821304370859286,environment,general_resource,medium
7622732899208416520,art,music_voice_theft,medium
7560361343702895885,art,consent_training,high
7250200972356570394,deepfake,scam_fraud,high
7603174758460525855,art,style_mimicry,high
7617233155396832543,deepfake,scam_fraud,high
7631191508841958687,deepfake,misinfo_general,high
7459220124399176990,surveillance,facial_recognition,high
7623098682350521633,general_neg,product_degradation,high
7449435668700269846,art,noai_activism,high
7623507960471309586,environment,electricity_grid,high
7627198010862095630,general_neg,ai_slop,high
7564590633072037141,surveillance,tracking_spying,high
7602743042658946317,jobs,service_blue_collar,high
7459220136491339039,surveillance,facial_recognition,high
7598723436323589431,deepfake,scam_fraud,high
7632385547155131662,deepfake,misinfo_general,high
7590721870786252039,art,noai_activism,high
7621323908079258910,jobs,all_jobs_panic,medium
7624730161165978910,general_neg,hate_quit,medium
7545186897417571606,environment,electricity_grid,high
7577179517861530900,surveillance,data_privacy,high
7631597431402056973,education,student_cheating,high
7616865962960112927,art,noai_activism,medium
7536322357183532344,surveillance,tracking_spying,high
7487971226787368214,art,noai_activism,high
7608475524217752862,art,noai_activism,high
7511416664366353686,art,consent_training,high
7551153019191053590,surveillance,state_corporate,high
7592128646299536647,jobs,all_jobs_panic,high
7566079532793367822,jobs,all_jobs_panic,medium
7376956121740791045,deepfake,misinfo_general,high
7574021174246575373,general_neg,ai_slop,high
7527065272960716054,art,noai_activism,high
7607667465413299468,deepfake,scam_fraud,high
7621641631703354637,surveillance,data_privacy,high
7495601093213277482,environment,electricity_grid,high
7536332914972232990,general_neg,product_degradation,high
7620521975290596630,art,noai_activism,high
7557381470738713911,general_neg,ai_slop,high
7576122787010465054,regulation,econ_bubble,high
7557405161992359198,art,noai_activism,high
7630069902610664718,jobs,all_jobs_panic,high
7602764900011707661,art,style_mimicry,high
7466190168664493358,art,consent_training,medium
7623237580116561183,art,noai_activism,high
7593064020245056790,environment,general_resource,medium
7531118547775261966,deepfake,misinfo_general,high
7584836738003176718,jobs,layoffs_news,high
7290438879411326210,deepfake,nonconsensual_imagery,high
7466811179164257567,deepfake,misinfo_general,high
7454164507628342574,art,noai_activism,high
7631259616415845654,deepfake,nonconsensual_imagery,high
7500232177649536311,surveillance,tracking_spying,high
7558605633356860727,art,noai_activism,high
7587433769674607894,jobs,other,high
7631805519681965342,deepfake,misinfo_general,high
7360675126603435296,general_neg,hate_quit,medium
7627164475212238088,art,noai_activism,high
7631134787163475221,deepfake,scam_fraud,high
7631461427030625557,deepfake,misinfo_general,high
7632426523374505237,deepfake,scam_fraud,high
7618969462120762646,art,consent_training,high
7565711742026747166,general_neg,product_degradation,high
7629126827260398870,environment,general_resource,medium
7592501093779655950,art,noai_activism,high
7302398770942119169,surveillance,state_corporate,high
7607270850575846670,xrisk,agi_superintelligence,high
7624449977309351186,art,music_voice_theft,medium
7629769046841363726,general_neg,product_degradation,high
7467649782702509345,xrisk,personal_dread,high
7605688603745783053,surveillance,tracking_spying,high
7581702025839234325,art,consent_training,high
7631667956157582623,environment,general_resource,medium
7580245704484949269,art,style_mimicry,medium
7573345843986615583,education,student_cheating,high
7631272934144740638,education,school_bans,medium
7387991804613758214,jobs,layoffs_news,high
7584760213815692557,surveillance,tracking_spying,high
7559019416369777933,deepfake,scam_fraud,high
7502125320456244511,education,learning_harm,high
7620200003167964438,deepfake,misinfo_general,high
7568222532705275150,art,noai_activism,high
7626972248691281173,general_neg,ai_slop,high
7179371552755109166,art,noai_activism,high
7516485213363457287,environment,carbon_climate,high
7631247824406990093,jobs,all_jobs_panic,medium
7543076908989238535,general_neg,product_degradation,medium
7564064792521084216,deepfake,misinfo_general,high
7556346385369435422,art,noai_activism,medium
7354624947236392235,art,noai_activism,high
7620566397550152982,deepfake,scam_fraud,high
7476780393472085266,environment,water_usage,high
7577438912268848406,deepfake,misinfo_general,high
7521804985458330886,jobs,all_jobs_panic,medium
7533674380908301590,art,noai_activism,high
7631749735841271054,deepfake,political_election,high
7620945898469690638,art,noai_activism,high
7580255339178773778,art,noai_activism,high
7604664649421737230,general_neg,ai_slop,high
7604157096568818958,surveillance,tracking_spying,low
7557532216092331295,general_neg,antiai_identity,high
7629382178333396244,art,noai_activism,high
7549971207022546190,art,consent_training,high
7625697534391946510,environment,electricity_grid,high
7625837689996119309,environment,electricity_grid,high
7627413490852154644,art,noai_activism,high
7564119905923091725,art,other,high
7628016910319357215,xrisk,loss_of_control,high
7573691235064450359,general_neg,ai_slop,high
7476782909811150135,art,noai_activism,high
7532582469569137976,jobs,personal_loss,high
7621324150325464342,surveillance,tracking_spying,high
7611247495259114774,environment,general_resource,medium
7558983456034655495,art,noai_activism,high
7373731888164310304,deepfake,misinfo_general,high
7630626377921842446,surveillance,data_privacy,high
7572225903862861111,regulation,pro_regulation,high
7618793012260375821,art,noai_activism,high
7558874187830480141,jobs,all_jobs_panic,medium
7535905684794248453,deepfake,misinfo_general,high
7366034326309457195,general_neg,hate_quit,high
7505878773032668447,jobs,all_jobs_panic,medium
7522176826232311070,surveillance,tracking_spying,high
7560690998339194123,deepfake,misinfo_general,high
7490979277031116074,art,style_mimicry,high
7630267774127983894,general_neg,hate_quit,medium
7606570311458278664,art,noai_activism,high
7534357220868328718,art,style_mimicry,high
7589235188165594389,art,noai_activism,high
7549191294967467295,education,learning_harm,high
7627541148256652547,general_neg,antiai_identity,high
7583688505079893269,general_neg,ai_slop,high
7622249596562967830,art,noai_activism,high
7531950155159964941,surveillance,facial_recognition,high
7623211297492061462,environment,general_resource,high
7565778314514779405,deepfake,misinfo_general,high
7623628654588841234,general_neg,product_degradation,medium
7258824238142917930,art,noai_activism,high
7590840778696494349,art,noai_activism,medium
7088911282564320555,surveillance,facial_recognition,high
7631709110790049055,art,noai_activism,high
7527239514146835713,surveillance,tracking_spying,high
7576824133456039223,general_neg,hate_quit,high
7631421721408490772,deepfake,misinfo_general,high
7578267405353274637,jobs,service_blue_collar,high
7575689967477755159,education,student_cheating,high
7591042190449724693,deepfake,celebrity_impersonation,low
7574134994315103518,surveillance,state_corporate,high
7312268468726942978,surveillance,state_corporate,high
7586353879441280311,jobs,service_blue_collar,high
7632053516730666271,jobs,layoffs_news,high
7554970660234120478,jobs,service_blue_collar,high
7623343164601928978,surveillance,facial_recognition,high
7630968936531496205,environment,electricity_grid,high
7625990317761645831,general_neg,hate_quit,medium
7622162871144680718,art,style_mimicry,high
7596853830759795999,art,noai_activism,high
7593187768457563399,deepfake,nonconsensual_imagery,high
7519481995819322632,deepfake,misinfo_general,high
7538042994818108694,jobs,all_jobs_panic,medium
7522953615837793566,art,music_voice_theft,medium
7619052414351445279,surveillance,data_privacy,high
7627317798888279326,surveillance,tracking_spying,high
7365037019157908741,environment,carbon_climate,high
7630224409915084054,education,learning_harm,high
7629399531381132566,art,consent_training,high
7505455211746659630,deepfake,scam_fraud,high
7264673735490178305,deepfake,scam_fraud,high
7460650878924639534,surveillance,tracking_spying,high
7516530574694108430,deepfake,misinfo_general,high
7628140575232953614,art,noai_activism,high
7497277647978925334,deepfake,misinfo_general,high
7603457861603183894,jobs,personal_loss,medium
7616050564933143838,art,noai_activism,high
7616475310330088717,surveillance,state_corporate,high
7602636794173115668,deepfake,scam_fraud,high
7462444702877633838,deepfake,misinfo_general,high
7590599881006402846,environment,general_resource,medium
7619832352780438797,environment,water_usage,high
7155637546213477675,art,style_mimicry,high
7619030937996659982,art,noai_activism,high
7557175274668870943,environment,water_usage,medium
7623525260637392159,jobs,all_jobs_panic,medium
7629808001460784406,art,consent_training,high
7629942428572683541,art,consent_training,high
7630841003053813013,jobs,all_jobs_panic,high
7607868699558612238,environment,data_centers,high
7620829330431708438,art,noai_activism,high
7584845758684302647,general_neg,hate_quit,high
7498861118815882542,deepfake,scam_fraud,medium
7531791529749400862,deepfake,misinfo_general,high
7509904579165719850,art,consent_training,high
7632441588022594829,art,consent_training,medium
7632388716727782670,deepfake,scam_fraud,high
7564174704391605535,deepfake,misinfo_general,high
7632702002543217942,deepfake,misinfo_general,high
7559727952725052694,xrisk,other,medium
7632356377964367135,art,music_voice_theft,high
7513388978201005342,xrisk,loss_of_control,high
7560458769784737055,art,noai_activism,high
7309165263574797569,art,consent_training,high
7512566122818882858,art,noai_activism,high
7612273389817957654,deepfake,nonconsensual_imagery,high
7631320237962448142,education,student_cheating,high
7625304942693059871,art,creative_job_loss,high
7631906638571638048,art,noai_activism,high
7463161427180719392,art,style_mimicry,medium
7631378452414745869,deepfake,scam_fraud,high
7188125003253058842,environment,carbon_climate,high
7493230671716945159,environment,carbon_climate,high
7613906483134172446,art,noai_activism,high
7473513612594679062,art,noai_activism,high
7592442707583192352,general_neg,antiai_identity,medium
7619703146327084318,art,noai_activism,high
7443047599927545121,art,noai_activism,high
7623336331875257602,surveillance,facial_recognition,high
7539729190132780301,art,consent_training,high
7373707428308831493,art,consent_training,high
7377450904036953376,art,noai_activism,high
7631162820419210509,regulation,econ_bubble,high
7522955907785968909,education,learning_harm,high
7495615901505522962,deepfake,scam_fraud,high
7632323031049850134,art,creative_job_loss,high
7530345233511386423,jobs,personal_loss,high
7606764261943168286,art,other,high
7506969377678413099,education,student_cheating,high
7575708642456997122,general_neg,ai_slop,high
7631713454411255070,general_neg,product_degradation,high
7629172894714662174,general_neg,hate_quit,high
7482475128706845998,environment,carbon_climate,high
7427179801682840864,education,student_cheating,high
7626129089484557582,deepfake,nonconsensual_imagery,high
7594905984816942358,deepfake,nonconsensual_imagery,high
7598368903714114847,environment,water_usage,high
7600025994518564098,surveillance,facial_recognition,high
7566678585034018103,art,music_voice_theft,high
7630248622629735710,art,consent_training,high
7605860384318213397,art,noai_activism,high
7497666086767299886,regulation,pro_regulation,high
7631661185527450902,deepfake,scam_fraud,high
7210471812751265070,art,consent_training,high
7489123019722378527,education,student_cheating,high
7628612435909365010,art,noai_activism,high
7533019447452306719,art,noai_activism,high
7596744199140019458,environment,general_resource,medium
7622801062797348110,jobs,all_jobs_panic,high
7630107639371861278,deepfake,scam_fraud,high
7266231328465554731,education,student_cheating,high
7631274873637162271,regulation,pro_regulation,high
7576775501646204168,surveillance,data_privacy,high
7498478348721605918,education,student_cheating,high
7608320809081376030,environment,electricity_grid,high
7617663033648745742,general_neg,bubble_skepticism,high
7629054510559694112,art,noai_activism,high
7568584777222114592,surveillance,state_corporate,high
7631639446454078742,surveillance,facial_recognition,high
7608453886814244127,general_neg,hate_quit,high
7625761175417982221,surveillance,data_privacy,high
7626749373573205271,environment,water_usage,high
7588969069613698325,surveillance,facial_recognition,high
7595618365788491021,surveillance,other,high
7605276762427215125,deepfake,scam_fraud,high
7511797453859851566,regulation,pro_regulation,high
7630898433267617055,art,style_mimicry,high
7625650220231183624,art,consent_training,high
7609756547165457695,art,noai_activism,high
7182655067584072965,art,consent_training,high
7453167689696087329,environment,general_resource,low
7615588488582286613,art,music_voice_theft,high
7602017607314607362,jobs,service_blue_collar,high
7597490862163004694,general_neg,bubble_skepticism,high
7627459425145507092,art,style_mimicry,high
7632490131819121950,jobs,all_jobs_panic,high
7592617884816362773,deepfake,nonconsensual_imagery,high
7602659290238766350,art,noai_activism,high
7173041234179624235,art,noai_activism,high
7631270625063062798,jobs,layoffs_news,high
7608255737155816734,general_neg,ai_slop,high
7632528374472183070,art,noai_activism,high
7623089891747908886,art,music_voice_theft,high
7630760065397558544,jobs,all_jobs_panic,medium
7632472313333550350,deepfake,misinfo_general,high
7620217264926821653,jobs,personal_loss,medium
7336555090343513376,general_neg,product_degradation,medium
7212066140795751722,surveillance,facial_recognition,high
7615030776702405896,surveillance,tracking_spying,high
7632038078818962710,deepfake,misinfo_general,high
7555659432374439199,art,noai_activism,high
7538179064348151070,jobs,service_blue_collar,high
7481545520540831019,deepfake,scam_fraud,high
7630220441746951446,art,noai_activism,high
7574398777960910102,deepfake,misinfo_general,high
7611907019125165333,general_neg,antiai_identity,high
7571426335663426829,deepfake,misinfo_general,high
7470976232864091414,deepfake,misinfo_general,high
7593534842885737735,deepfake,nonconsensual_imagery,high
7626214347605380382,deepfake,misinfo_general,medium
7600482163200478486,surveillance,tracking_spying,medium
7597244920948116750,deepfake,nonconsensual_imagery,high
7591692526696910098,deepfake,nonconsensual_imagery,high
7588708660881132831,art,noai_activism,high
7631245868032642318,deepfake,misinfo_general,medium
7625986096782003470,environment,data_centers,high
7603191843639102750,jobs,all_jobs_panic,high
7621049969788701982,general_neg,antiai_identity,medium
7524261131712466198,jobs,service_blue_collar,high
7564044122038848798,art,noai_activism,high
7606549337362943262,surveillance,other,high
7535643139386756370,deepfake,nonconsensual_imagery,high
7549545992513654038,art,noai_activism,high
7488251763603066117,deepfake,misinfo_general,high
7588753678606109972,deepfake,nonconsensual_imagery,high
7620749145480989965,environment,other,low
7314004306926030112,art,style_mimicry,high
7529925222825217302,deepfake,celebrity_impersonation,high
7632126952249363726,art,noai_activism,high
7632073129271102742,surveillance,facial_recognition,high
7586824868432252174,environment,electricity_grid,high
7557498047224204551,art,consent_training,high
7592624817883401494,art,style_mimicry,high
7628668701981609234,deepfake,nonconsensual_imagery,high
7631265247034101005,art,consent_training,high
7611154658651950358,art,noai_activism,high
7558694900334710033,deepfake,scam_fraud,high
7579052575605951757,art,consent_training,high
7557828810662546721,art,noai_activism,high
7629786387717295368,art,music_voice_theft,high
7585126258460134669,art,noai_activism,high
7468254219745627415,art,noai_activism,high
7572302841889541389,environment,data_centers,high
7617866097567517974,jobs,service_blue_collar,high
7615611487083564305,art,consent_training,high
7631844037342940438,art,noai_activism,high
7585924374813871393,environment,carbon_climate,high
7556649471103241503,environment,electricity_grid,high
7442022610499554602,education,learning_harm,medium
7471177760191352086,xrisk,extinction_doom,high
7629177514954427678,general_neg,product_degradation,high
7605062821667179806,environment,water_usage,medium
7627640221907029281,regulation,corporate_critique,high
7623015613279194389,general_neg,ai_slop,high
7597254440730594574,general_neg,antiai_identity,medium
7551079885037391118,art,noai_activism,medium
7610041692464499990,art,noai_activism,high
7624112155062848789,art,noai_activism,high
7560380428675321118,environment,electricity_grid,high
7539565852438367502,art,noai_activism,high
7632063157137116429,deepfake,scam_fraud,high
7597598933921041672,environment,electricity_grid,high
7599658900840795412,surveillance,facial_recognition,high
7527511462663720223,surveillance,state_corporate,high
7623187397471177997,surveillance,facial_recognition,high
7629880376546135309,deepfake,scam_fraud,high
7593877432059333908,general_neg,antiai_identity,medium
7632307229751872789,deepfake,political_election,high
7548210428174667038,art,noai_activism,high
7625706254287047949,regulation,pro_regulation,high
7613400239382318369,surveillance,facial_recognition,high
7558999203444313375,art,noai_activism,high
7564031771805748493,deepfake,misinfo_general,high
7631673302813117729,deepfake,scam_fraud,high
7600504761737022751,general_neg,ai_slop,high
7631871663860239623,deepfake,misinfo_general,high
7587891290092686614,environment,water_usage,high
7592932593880861959,art,consent_training,high
7497783103113547063,general_neg,bubble_skepticism,high
7574502456399252749,regulation,econ_bubble,high
7571408722845617415,environment,carbon_climate,medium
7623118985919302920,deepfake,nonconsensual_imagery,high
7617425767240142087,art,noai_activism,high
7518163416951901470,regulation,safety_oversight,high
7373682533357210887,general_neg,product_degradation,high
7587825264265137439,environment,water_usage,high
7591565164147690774,art,noai_activism,high
7632287152084274435,art,noai_activism,high
7629813785326292238,surveillance,state_corporate,medium
7528263905701874952,surveillance,state_corporate,high
7631657857334775070,surveillance,data_privacy,high
7595356088514497805,deepfake,misinfo_general,high
7429269628771224854,art,noai_activism,medium
7515582005933853994,art,noai_activism,high
7602699930544737549,xrisk,loss_of_control,high
7618642818373799199,general_neg,hate_quit,high
7615725441822887190,art,noai_activism,high
7632444954870123789,general_neg,hate_quit,medium
7530354924475944206,environment,electricity_grid,high
7542162838916189445,art,consent_training,high
7589356443619331348,deepfake,scam_fraud,high
7591232573448195350,environment,carbon_climate,medium
7521804780033838366,art,noai_activism,high
7632755552514362646,jobs,white_collar_tech,high
7618954313641119006,art,noai_activism,high
7622723994625576223,art,noai_activism,high
7258745901617827114,art,noai_activism,high
7627930334323019030,deepfake,scam_fraud,high
7589604275290918164,general_neg,hate_quit,high
7622609589531397408,art,consent_training,high
7632898307819310367,art,consent_training,high
7624881585677946144,art,noai_activism,high
7621219307363585294,art,noai_activism,high
7608872828233993494,art,consent_training,high
7604170006032600351,art,noai_activism,high
7578290591541316919,general_neg,hate_quit,medium
6995751135927700742,xrisk,loss_of_control,medium
7615695040555355423,deepfake,scam_fraud,high
7611261768039419139,art,consent_training,high
7587159897754635534,environment,electricity_grid,high
7493918687167106312,art,creative_job_loss,high
7608901795649162516,environment,electricity_grid,high
7524585970570710294,deepfake,misinfo_general,high
7629604371092884766,regulation,safety_oversight,high
7514780947389189408,xrisk,loss_of_control,medium
7631563345883139350,deepfake,political_election,high
7540655567912684856,general_neg,product_degradation,high
7621935686215568673,art,noai_activism,high
7372686515320704289,surveillance,state_corporate,high
7601223149434309909,general_neg,ai_slop,high
7206545431298395438,art,style_mimicry,medium
7441074053340761362,deepfake,misinfo_general,medium
7531129808013643064,environment,water_usage,high
7369653710579846442,environment,data_centers,high
7521970524667268366,environment,general_resource,medium
7502169166892354847,deepfake,scam_fraud,high
7629460332372577566,general_neg,bubble_skepticism,high
7613963209137016085,deepfake,misinfo_general,high
7593663221387627798,art,noai_activism,high
7531874497088064773,art,noai_activism,high
7626707287754722593,environment,general_resource,medium
7564176011387079991,deepfake,misinfo_general,high
7621122866909580565,art,noai_activism,high
7570692804452601110,art,creative_job_loss,medium
7556057962352037136,surveillance,tracking_spying,high
7598361851293895950,art,noai_activism,high
7565971802959269150,regulation,econ_bubble,high
7615926312913440020,deepfake,misinfo_general,medium
7619047886604487949,general_neg,hate_quit,high
7582672129636764950,general_neg,antiai_identity,high
7509269197646613790,xrisk,loss_of_control,high
7568343009520045320,deepfake,nonconsensual_imagery,high
7602860457690467598,environment,water_usage,high
7625769355065756945,regulation,pro_regulation,high
7616268288020008212,jobs,layoffs_news,high
7470309157250338079,deepfake,misinfo_general,high
7595609835320691975,general_neg,antiai_identity,high
7609851481956650273,general_neg,antiai_identity,medium
7606739009473088790,general_neg,ai_slop,high
7185650352698543406,general_neg,ai_slop,high
7621197643212950797,education,learning_harm,high
7492768837490838806,environment,carbon_climate,high
7610543955591236884,art,noai_activism,high
7490197597823667478,art,consent_training,high
7615301835666083085,deepfake,misinfo_general,high
7621922806086896918,general_neg,product_degradation,high
7629053047515335939,surveillance,facial_recognition,high
7629499284399852822,deepfake,scam_fraud,high
7630919633306012950,general_neg,other,high
7527673218124025143,deepfake,misinfo_general,high
7499539060545850654,jobs,all_jobs_panic,medium
7582652546905312534,art,noai_activism,high
7559797592205298961,environment,water_usage,high
7482972433205497130,art,noai_activism,high
7545964011804757262,jobs,other,high
7631583534066453773,jobs,service_blue_collar,high
7593878121577762079,environment,water_usage,high
7590459970890599735,art,noai_activism,high
7630965902367788319,regulation,corporate_critique,high
7605286115507031310,general_neg,antiai_identity,high
7531712130656046344,deepfake,misinfo_general,medium
7543521652504644894,jobs,personal_loss,high
7631809245935127838,art,noai_activism,high
7584141157312089364,education,student_cheating,high
7496671210386771246,jobs,service_blue_collar,medium
7619874217856748831,art,style_mimicry,high
7629707051110845717,art,consent_training,high
7537324216715201823,art,consent_training,high
7577680209684614433,environment,electricity_grid,high
7630455122031660320,art,consent_training,high
7550935428229057814,art,noai_activism,high
7628912004643753230,deepfake,political_election,high
7523357907187027208,environment,water_usage,high
7624118046688382221,environment,electricity_grid,high
7618572146259840286,general_neg,antiai_identity,medium
7616050837567065352,art,music_voice_theft,high
7525732759390686470,art,noai_activism,high
7581511613719776534,deepfake,misinfo_general,high
7480772898295221534,surveillance,tracking_spying,high
7591139511308946709,general_neg,hate_quit,high
7607212828461763862,art,noai_activism,high
7541502786278657294,education,student_cheating,high
7628899025445522708,jobs,other,high
7595205600489917713,deepfake,nonconsensual_imagery,high
7630388672226954518,art,noai_activism,medium
7626094994411048205,jobs,service_blue_collar,medium
7586929833389706518,regulation,econ_bubble,high
7554173434834554142,general_neg,other,low
7559420489542700319,general_neg,ai_slop,high
7600543917062327608,deepfake,nonconsensual_imagery,high
7524836529403923734,art,music_voice_theft,medium
7489668313098767662,art,noai_activism,high
7504355284400229663,jobs,personal_loss,high
7346604987306315013,education,learning_harm,high
7563786365058436407,environment,electricity_grid,high
7632308139454418208,general_neg,product_degradation,medium
7624263839005019400,education,student_cheating,high
7575759064832003358,deepfake,misinfo_general,high
7602325896065862934,environment,water_usage,high
7563136907857775893,deepfake,scam_fraud,high
7557638802198564118,art,music_voice_theft,high
7367131039736630560,art,consent_training,high
7553812895188946231,xrisk,agi_superintelligence,high
7629778576023260448,art,consent_training,high
7631896613870423318,environment,data_centers,high
7527137699283717389,art,noai_activism,high
7632111401816886542,environment,data_centers,high
7626408017415736598,art,noai_activism,high
7614178665634614559,jobs,personal_loss,medium
7569008365611928862,art,noai_activism,high
7566978192720809271,art,music_voice_theft,high
7302362757049896197,deepfake,scam_fraud,high
7627178184974454034,art,noai_activism,high
7615646471538445588,environment,water_usage,high
7623404260293659912,art,noai_activism,high
7484849767298698527,jobs,all_jobs_panic,high
7631249287665569038,general_neg,hate_quit,medium
7631859172132277525,surveillance,data_privacy,high
7592249096254065928,environment,other,high
7631220400998927624,art,noai_activism,high
7577083847808929079,general_neg,antiai_identity,high
7521797092356984094,jobs,layoffs_news,medium
7605224160687656200,surveillance,data_privacy,high
7631618708292504864,general_neg,product_degradation,high
7516802150568135954,xrisk,loss_of_control,high
7624074102201961731,jobs,layoffs_news,high
7533635194977373448,education,learning_harm,high
7624208014953680148,jobs,all_jobs_panic,high
7630070909893692703,art,noai_activism,high
7531492166888082719,xrisk,loss_of_control,high
7510779872298487082,deepfake,misinfo_general,high
7631153566211788054,xrisk,loss_of_control,high
7578317791556685070,surveillance,data_privacy,high
7623772710056889630,environment,data_centers,high
7471727630979452203,environment,carbon_climate,high
7516507416846961942,xrisk,loss_of_control,high
7631581723599310111,art,consent_training,high
7620511798227127566,general_neg,bubble_skepticism,high
7612195586481114399,surveillance,facial_recognition,high
7631607248267070734,environment,data_centers,high
7611615075123744014,art,noai_activism,high
7594180700320959766,jobs,personal_loss,high
7597322270226369847,education,learning_harm,high
7582619024953986317,art,noai_activism,high
7568856372427689238,deepfake,misinfo_general,high
7546289920407506206,surveillance,state_corporate,high
7501680230780685598,general_neg,product_degradation,medium
7552730784457706772,deepfake,nonconsensual_imagery,high
7623404186473958669,surveillance,facial_recognition,high
7623953150986259742,jobs,service_blue_collar,high
7631563897123736852,xrisk,loss_of_control,high
7329879411711364395,deepfake,scam_fraud,high
7365834196583042336,art,noai_activism,high
7617387406571932942,art,style_mimicry,high
7624477467352321302,art,music_voice_theft,high
7536701009763126559,art,noai_activism,high
7478894304702893342,general_neg,product_degradation,high
7609316716836834573,education,student_cheating,high
7618761195570416926,environment,general_resource,medium
7631472034060471566,education,learning_harm,high
7565409267335925014,art,noai_activism,medium
7597825029992123655,deepfake,scam_fraud,high
7631957203808718111,surveillance,data_privacy,high
7335369143111159072,deepfake,scam_fraud,high
7579299030979710230,xrisk,other,high
7470969863444401450,environment,carbon_climate,high
7631718266892750096,deepfake,nonconsensual_imagery,high
7542954646386593046,general_neg,hate_quit,high
7619839028086590751,environment,general_resource,medium
7631255767416392973,art,music_voice_theft,high
7632408883188747534,jobs,white_collar_tech,high
7586286528096111885,art,noai_activism,high
7602320442770132255,deepfake,scam_fraud,high
7524396199286197517,environment,data_centers,high
7629710657432358166,environment,water_usage,high
7628057631923391774,environment,carbon_climate,medium
7510730947441052959,deepfake,misinfo_general,high
7629845751287319830,art,noai_activism,high
7610301550203849991,jobs,all_jobs_panic,medium
7574559838164815126,education,student_cheating,high
7523556050151247126,art,other,high
7632353137214360854,deepfake,misinfo_general,high
7570445874279582996,deepfake,nonconsensual_imagery,high
7174598215218531627,art,creative_job_loss,high
7557551694989544718,art,noai_activism,high
7593775030866054414,environment,data_centers,high
7561215143883967775,environment,other,high
7336587917101419781,general_neg,bubble_skepticism,low
7631957718315650326,surveillance,data_privacy,high
7563753690386025750,art,noai_activism,high
7620036341820034335,art,noai_activism,high
7631617943654141217,jobs,all_jobs_panic,high
7536508169724448001,deepfake,misinfo_general,high
7617257585451830542,general_neg,antiai_identity,medium
7454808319744642335,art,noai_activism,medium
7544414838756232461,education,student_cheating,high
7511408951955574038,environment,water_usage,high
7629707551512218901,art,consent_training,high
7621210106012667158,general_neg,ai_slop,high
7624235665902800151,deepfake,scam_fraud,high
7609508777003388190,deepfake,scam_fraud,high
7630080568230726934,art,noai_activism,high
7529449294085098774,deepfake,political_election,high
7629393258749136146,deepfake,scam_fraud,high
7559317135005175071,education,learning_harm,high
7603177164774690079,regulation,corporate_critique,high
7576126109691956510,art,noai_activism,high
7630417966034668822,art,noai_activism,high
7516502176437456158,surveillance,data_privacy,medium
7492301127401229576,art,style_mimicry,high
7630545209847221518,jobs,other,high
7471994986268003602,education,learning_harm,high
7535619622595235085,xrisk,loss_of_control,high
7531856020637764894,art,noai_activism,high
7616451998975642902,surveillance,tracking_spying,high
7579670776400350477,deepfake,misinfo_general,high
7579699798719384835,art,noai_activism,high
7520203928894590216,art,noai_activism,high
7535127967391894815,deepfake,scam_fraud,high
7603364556160683286,general_neg,hate_quit,medium
7564273683884150047,education,student_cheating,high
7568968446642375967,art,noai_activism,high
7615566673608772871,surveillance,data_privacy,medium
7531128073777958157,art,noai_activism,high
7464834024469712174,art,consent_training,high
7630872065964363041,deepfake,misinfo_general,high
7630757497355177249,deepfake,nonconsensual_imagery,high
7621281394089577759,art,other,high
7545344410347638046,general_neg,product_degradation,high
7494993679921253674,art,noai_activism,high
7574928719966522655,jobs,all_jobs_panic,medium
7574147756671896839,art,noai_activism,high
7620451020136598806,environment,general_resource,low
7588211206918376735,general_neg,ai_slop,high
7562145236277857558,deepfake,nonconsensual_imagery,high
7627644847624703245,jobs,white_collar_tech,high
7603746140189691167,jobs,all_jobs_panic,high
7610295423038655761,environment,electricity_grid,high
7596145664547884302,art,noai_activism,high
7587388883323718920,art,noai_activism,high
7555571957085883670,deepfake,scam_fraud,high
7341481022418177310,art,noai_activism,high
7554404262927764767,environment,electricity_grid,high
7631979066307906830,education,teacher_impact,high
7631239185717792030,general_neg,ai_slop,high
7557712615456115975,art,noai_activism,medium
7618256835258158358,environment,water_usage,high
7530021549957516557,art,noai_activism,medium
7590757161379040567,art,noai_activism,high
7630564296354811167,art,noai_activism,high
7505220506854067502,education,student_cheating,high
7606403363135130892,xrisk,personal_dread,high
7632003108645784845,regulation,safety_oversight,high
7632460738405158166,surveillance,data_privacy,medium
7138280726067432750,surveillance,facial_recognition,high
7593121039232634134,art,noai_activism,high
7520266862349831454,art,noai_activism,high
7569061771307158815,jobs,all_jobs_panic,medium
7599832143778303263,jobs,service_blue_collar,medium
7456980969082506542,general_neg,product_degradation,high
7456864124920958254,xrisk,loss_of_control,high
7631410971675839757,deepfake,scam_fraud,high
7623079448681680142,art,noai_activism,high
7554029726201941279,education,learning_harm,high
7630051989547765023,deepfake,scam_fraud,high
7467272340301188382,surveillance,facial_recognition,high
7600745465260346646,xrisk,loss_of_control,medium
7470686597587995946,art,music_voice_theft,high
7608170282049686805,deepfake,scam_fraud,high
7620902306070187284,art,noai_activism,high
7631257338871090450,environment,electricity_grid,high
7611402113393970435,surveillance,tracking_spying,high
7459251770561416494,environment,water_usage,high
7559707876646751518,education,learning_harm,high
7620587776148262166,art,consent_training,medium
7621207265869040926,art,noai_activism,high
7620936173694782750,art,noai_activism,high
7428955178402942226,education,school_bans,medium
7552834895916092688,deepfake,misinfo_general,high
7613027027905465621,deepfake,misinfo_general,high
7618992332565679380,general_neg,ai_slop,high
7595044464817622302,environment,carbon_climate,high
7551398678515305746,general_neg,product_degradation,high
7632593478991564054,regulation,corporate_critique,high
7520345266269048086,environment,water_usage,high
7567779115684613398,general_neg,product_degradation,high
7624291108754967839,general_neg,product_degradation,high
7570391962537168150,education,student_cheating,high
7632899713271893261,jobs,all_jobs_panic,high
7562274093119196447,art,noai_activism,high
7607257150343154951,art,noai_activism,high
7537874129521741062,environment,electricity_grid,high
7493515922951425310,art,noai_activism,high
7380665389249776914,art,consent_training,high
7439347152347729182,jobs,layoffs_news,high
7561526462302555394,art,noai_activism,high
7629113240429120790,xrisk,loss_of_control,medium
7585199573157563679,environment,water_usage,high
7225614868454395178,surveillance,tracking_spying,medium
7604756722422516999,deepfake,scam_fraud,high
7625235365753834783,general_neg,antiai_identity,medium
7622852412377713940,deepfake,misinfo_general,high
7632409483297279254,jobs,layoffs_news,high
7560286599750126870,general_neg,ai_slop,high
7623478456231136526,deepfake,misinfo_general,high
7626874618745212191,jobs,personal_loss,high
7578681950152543518,deepfake,scam_fraud,high
7621337544164216077,general_neg,ai_slop,high
7631187417638112534,art,noai_activism,high
7565733728455085334,general_neg,product_degradation,high
7632123682982235405,environment,data_centers,high
7443963782545820974,art,music_voice_theft,high
7419390605836471585,art,noai_activism,high
7621209142992096530,surveillance,data_privacy,medium
7591279944701955383,environment,water_usage,high
7618128194708737301,deepfake,misinfo_general,high
7623472035963931918,deepfake,misinfo_general,high
7629633916063780118,environment,water_usage,high
7584100795587595542,xrisk,loss_of_control,high
7578275258390564118,general_neg,hate_quit,high
7631555985932602646,deepfake,misinfo_general,medium
7631777713660972302,art,noai_activism,high
7631873881019583752,art,noai_activism,high
7630383672176266517,jobs,layoffs_news,high
7631660032265850134,art,noai_activism,high
7561302643881020679,art,noai_activism,high
7631814329632869645,surveillance,state_corporate,high
7468346609013804334,art,consent_training,high
7632089823372758303,art,consent_training,high
7531856873029406007,regulation,pro_regulation,high
7598287317324827935,art,noai_activism,medium
7618542010902924575,art,noai_activism,high
7516712103328206111,xrisk,extinction_doom,high
7617685043745443092,art,noai_activism,high
7453934513748446486,environment,electricity_grid,high
7259709170981620998,deepfake,misinfo_general,high
7489964883077844279,art,noai_activism,high
7602240099278933255,general_neg,antiai_identity,medium
7620285257366916365,general_neg,hate_quit,high
7374795519421336865,art,noai_activism,medium
7496143392313855265,art,consent_training,high
7549012240716909838,art,consent_training,high
7617135906033650975,environment,water_usage,high
7328513182710992171,education,student_cheating,high
7605643734100823309,deepfake,misinfo_general,high
7631931430741757197,art,noai_activism,high
7628797056211029279,art,noai_activism,high
7565894185400962322,art,noai_activism,high
7619403337921727766,art,music_voice_theft,high
7631273774783941901,environment,data_centers,high
7631618520383524118,education,student_cheating,high
7336934639451311393,deepfake,misinfo_general,high
7632061223772753165,environment,general_resource,medium
7517968170754379041,deepfake,political_election,high
7501066474757360918,surveillance,data_privacy,high
7629469559002516766,art,consent_training,high
7551872008477363464,art,creative_job_loss,high
7503944281879612702,art,consent_training,high
7446432092499561758,deepfake,scam_fraud,high
7581662015182081293,general_neg,hate_quit,medium
7631879211770236193,deepfake,scam_fraud,high
7566309588702678327,art,music_voice_theft,high
7581046292160253214,general_neg,ai_slop,high
7601278448593653024,art,noai_activism,high
7595495026298309895,deepfake,nonconsensual_imagery,high
7587226431512415502,environment,water_usage,high
7590400415917821206,deepfake,misinfo_general,high
7631754783417830674,deepfake,misinfo_general,high
7632209442808859921,art,noai_activism,high
7480800678990957870,deepfake,misinfo_general,high
7600475107571649823,environment,carbon_climate,medium
7620391927036333334,art,noai_activism,high
7512131181719342382,art,music_voice_theft,high
7385244055871130926,environment,electricity_grid,high
7578574127871675679,general_neg,product_degradation,medium
7631910456739024131,deepfake,misinfo_general,high
7378517778577378592,art,noai_activism,high
7531890547322113310,surveillance,data_privacy,high
7548900556924931350,deepfake,misinfo_general,high
7596848754473356575,environment,water_usage,high
7361830081712475424,deepfake,misinfo_general,high
7514814947684125983,jobs,personal_loss,high
7538956360080198933,art,noai_activism,high
7540285759211965719,general_neg,antiai_identity,high
7535524270005341470,general_neg,ai_slop,high
7593049005714656534,general_neg,ai_slop,high
7340061362674011425,art,style_mimicry,medium
7632143237662248205,general_neg,ai_slop,high
7566337074006166798,xrisk,other,high
7630199555509718302,general_neg,ai_slop,high
7552432008975174967,education,learning_harm,high
7443890364328561942,art,noai_activism,high
7631217043961892117,education,learning_harm,high
7628543538673765654,art,noai_activism,high
7558880954819841302,xrisk,agi_superintelligence,high
7549242524364213518,deepfake,misinfo_general,high
7546716542654893342,art,noai_activism,high
7619854361761516831,art,noai_activism,high
7632076629614906656,regulation,safety_oversight,high
7610428690131946783,surveillance,state_corporate,high
7627974497387203871,art,noai_activism,high
7631267938569424146,art,noai_activism,high
7573909166033603853,education,student_cheating,high
7616864787187780878,art,noai_activism,high
7628344386459274514,environment,electricity_grid,high
7590804882186177814,jobs,all_jobs_panic,high
7632202959501151510,education,student_cheating,medium
7521493379947973902,deepfake,misinfo_general,high
7551305224426720534,art,noai_activism,high
7613118661997481223,general_neg,product_degradation,high
7492103807573216534,deepfake,scam_fraud,high
7594629281863503124,deepfake,misinfo_general,high
7441660637249293610,deepfake,scam_fraud,high
7564961523366382861,surveillance,tracking_spying,medium
7553748229381229855,art,creative_job_loss,high
7630476043077405983,art,consent_training,medium
7411345716515212574,environment,electricity_grid,high
7512759525812751638,deepfake,misinfo_general,high
7522730805030915341,art,consent_training,high
7627004893210938638,xrisk,loss_of_control,high
7631847777735101716,art,noai_activism,high
7610481843661524237,environment,water_usage,high
7564160057282284831,general_neg,product_degradation,high
7626520557688851743,general_neg,hate_quit,high
7608240104934542614,deepfake,scam_fraud,high
7490232517077994775,environment,water_usage,high
7619885798476778765,general_neg,ai_slop,high
7627907592827833614,education,learning_harm,high
7510268155751599390,jobs,all_jobs_panic,high
7630959470763429142,jobs,all_jobs_panic,high
7564043257659919671,education,student_cheating,high
7579861244828552478,deepfake,misinfo_general,high
7632360301001772318,deepfake,misinfo_general,high
7488961488208530695,deepfake,scam_fraud,high
7214297131308354862,art,consent_training,medium
7611273941507706126,surveillance,data_privacy,medium
7536003133562998047,surveillance,data_privacy,medium
7384301756613741832,environment,electricity_grid,high
7559242501534633271,general_neg,antiai_identity,high
7547463466748005646,art,creative_job_loss,high
7376698597615734049,art,consent_training,high
7562805266580884744,environment,general_resource,medium
7595514685806431510,deepfake,misinfo_general,high
7468052770227064097,general_neg,product_degradation,high
7560832872081263885,art,consent_training,high
7619395658595781918,environment,water_usage,high
7574587601735175454,jobs,service_blue_collar,high
7585344214485978399,deepfake,misinfo_general,high
7362769116421410065,surveillance,facial_recognition,high
7594102272418663711,jobs,personal_loss,medium
7182360215088663850,art,noai_activism,high
7632294600777944334,jobs,layoffs_news,high
7629260441952259345,general_neg,ai_slop,high
7467172152320609578,deepfake,misinfo_general,high
7562233169370533142,deepfake,misinfo_general,high
7631674670886014230,general_neg,antiai_identity,medium
7300023482375605510,deepfake,misinfo_general,high
7580741743012859166,deepfake,misinfo_general,high
7558606584864050463,jobs,white_collar_tech,high
7631046681840061710,surveillance,data_privacy,high
7628366183267372321,art,noai_activism,high
7629509519395015952,art,consent_training,high
7493545316617145622,art,noai_activism,high
7497381142635547947,environment,water_usage,high
7372768209256189227,general_neg,product_degradation,high
7541524350445341982,general_neg,bubble_skepticism,high
7632215675305692418,education,student_cheating,high
7602327268379217182,art,noai_activism,high
7567476020454968606,deepfake,scam_fraud,high
7621201058202782997,environment,electricity_grid,high
7466651474701847816,xrisk,personal_dread,high
7534173682822909191,deepfake,misinfo_general,high
7630540505616616726,environment,electricity_grid,high
7182682395802488069,art,style_mimicry,high
7630401675332734209,deepfake,nonconsensual_imagery,high
7558107649045204255,deepfake,misinfo_general,high
7519232062251863327,art,noai_activism,high
7605666781046312199,surveillance,tracking_spying,high
7607885096070253837,deepfake,scam_fraud,high
7520659423249976631,general_neg,product_degradation,high
7520789904108834061,deepfake,misinfo_general,high
7567010659678850335,art,creative_job_loss,high
7419005747117247790,deepfake,nonconsensual_imagery,high
7481781799014665502,art,consent_training,high
7607162580544572675,general_neg,ai_slop,high
7630913265056419094,art,noai_activism,high
7232358959728872750,environment,carbon_climate,high
7632221389386288404,jobs,layoffs_news,high
7606051458194099486,deepfake,scam_fraud,high
7535494731904617733,art,noai_activism,high
7621544853645823234,education,school_bans,high
7590794769517858079,jobs,service_blue_collar,high
7558566259814665485,art,noai_activism,high
7632115324946517262,general_neg,antiai_identity,medium
7553331256075848974,environment,other,high
7520623937601015062,deepfake,scam_fraud,high
7614621296579710230,art,noai_activism,high
7520646408853114118,art,consent_training,medium
7629735908459203862,art,noai_activism,high
7496672168168918318,jobs,service_blue_collar,medium
7628795010044923167,deepfake,scam_fraud,high
7630561852627373334,general_neg,antiai_identity,high
7509998787318779182,general_neg,product_degradation,high
7583118632150945037,art,noai_activism,high
7524171094224407839,art,noai_activism,high
7626210303512005918,jobs,other,high
7454529104675736864,xrisk,loss_of_control,high
7571139677164539150,general_neg,antiai_identity,high
7545044320894684449,surveillance,state_corporate,high
7571894577250979127,art,music_voice_theft,medium
7479970706810309908,art,creative_job_loss,high
7476536208386968854,deepfake,misinfo_general,high
7511823383173057822,xrisk,loss_of_control,high
7547242611925421367,general_neg,product_degradation,high
7488387070361079083,art,noai_activism,high
7536508751541570832,general_neg,product_degradation,high
7630039698135846166,surveillance,data_privacy,high
7632145748678692104,jobs,layoffs_news,high
7556253567917526284,art,music_voice_theft,high
7631205907447205151,regulation,corporate_critique,high
7585112026486263095,art,style_mimicry,high
7585286706144840982,jobs,layoffs_news,medium
7293386006055750920,art,consent_training,high
7604658957176638734,education,learning_harm,high
7506701531194985759,general_neg,product_degradation,high
7502846680962796842,art,music_voice_theft,high
7594908532571426070,deepfake,scam_fraud,high
7526265067050994966,deepfake,misinfo_general,high
7628122973668379918,art,noai_activism,high
7532956919141584159,environment,water_usage,high
7558526394091736322,environment,water_usage,high
7581736054428798215,general_neg,hate_quit,high
7604218633149025549,environment,water_usage,high
7626688918418623766,deepfake,misinfo_general,high
7501394111094607146,jobs,service_blue_collar,high
7608318834822499606,art,noai_activism,high
7589900505493638421,art,noai_activism,high
7626774055290883348,surveillance,data_privacy,high
7587115031850978573,surveillance,state_corporate,high
7439474917168516384,art,noai_activism,high
7386857380924951813,art,consent_training,high
7631430495531814157,environment,data_centers,high
7631188977436904737,surveillance,state_corporate,high
7544550955686137110,education,learning_harm,high
7564281461289848071,deepfake,misinfo_general,high
7585106823624019222,surveillance,facial_recognition,high
7532636380027948302,art,creative_job_loss,high
7631016067887828255,art,consent_training,high
7612344974092356877,art,noai_activism,high
7631906839348743457,art,noai_activism,high
7540508269282856210,surveillance,data_privacy,high
7596757782259404087,environment,water_usage,high
7628956640582159623,xrisk,loss_of_control,high
7630511618207550751,surveillance,tracking_spying,high
7591593337749048606,environment,carbon_climate,high
7632123673566088462,regulation,econ_bubble,high
7612803880245611806,jobs,personal_loss,high
7630854865526263054,jobs,service_blue_collar,high
7630432416120851742,surveillance,facial_recognition,high
7627554903224880415,xrisk,loss_of_control,medium
7459135402973170986,surveillance,tracking_spying,high
7452445600156601622,art,consent_training,high
7623464410018876693,art,noai_activism,high
7580033778706320653,environment,data_centers,high
7464662172153416993,general_neg,ai_slop,high
7513607205329931542,art,consent_training,high
7605948882555522312,deepfake,misinfo_general,medium
7504252943428766998,deepfake,scam_fraud,high
7543711684368616726,surveillance,state_corporate,high
7629591433543978270,art,noai_activism,high
7582604676621782305,surveillance,data_privacy,high
7621639585910492438,art,music_voice_theft,high
7400603375722695978,environment,electricity_grid,high
7604211258962808086,environment,general_resource,medium
7569199745701334290,deepfake,scam_fraud,high
7525454343064112439,art,consent_training,high
7629323525723081998,environment,electricity_grid,high
7569992076964678934,deepfake,scam_fraud,high
7579251538497932565,deepfake,nonconsensual_imagery,high
7582307067914915094,deepfake,misinfo_general,high
7491897076561775914,environment,general_resource,medium
7576671958234828043,surveillance,facial_recognition,high
7631223975959334152,deepfake,scam_fraud,high
7632530094342409486,regulation,safety_oversight,medium
7564257260441062686,deepfake,scam_fraud,high
7593886862167526678,environment,electricity_grid,high
7626512343324822806,environment,general_resource,high
7534357401772838157,environment,general_resource,medium
7606429491153341727,surveillance,other,high
7571872631461252374,art,other,low
7631982515019926806,art,other,high
7629845023101553942,deepfake,scam_fraud,high
7630938461335309601,art,noai_activism,high
7538269602845838647,general_neg,product_degradation,high
7587129197198413078,art,noai_activism,high
7525862060899454230,xrisk,loss_of_control,high
7554038195055381767,deepfake,misinfo_general,high
7558540750858800439,surveillance,data_privacy,high
7604363495475367188,general_neg,product_degradation,high
7502092117351648558,art,noai_activism,high
7617801918110387489,deepfake,misinfo_general,high
7626381061202775326,education,learning_harm,high
7573243888769518869,deepfake,scam_fraud,high
7119243280268774662,surveillance,tracking_spying,high
7448955557362388256,deepfake,nonconsensual_imagery,high
7602922161745054996,deepfake,misinfo_general,medium
7431647870928866565,general_neg,product_degradation,medium
7566753836895833352,surveillance,other,high
7595267781604494623,surveillance,other,high
7525126334016752927,xrisk,loss_of_control,high
7594581485219351828,general_neg,antiai_identity,high
7608380808230915336,deepfake,scam_fraud,high
7597399763587239175,art,noai_activism,high
7627583287090760991,education,learning_harm,high
7622306764129668359,jobs,layoffs_news,high
7579655839015849230,general_neg,product_degradation,high
7377059351493758240,general_neg,product_degradation,high
7511896994642824494,deepfake,misinfo_general,high
7512180653413109034,environment,water_usage,high
7609814920544259350,art,noai_activism,high
7622394095037713682,jobs,layoffs_news,high
7589356390842502422,environment,carbon_climate,high
7493598977330367775,art,noai_activism,high
7619307068406762774,surveillance,facial_recognition,high
7620851181425904918,education,student_cheating,high
7616740403366186254,environment,carbon_climate,high
7572777621683981581,art,noai_activism,low
7618319589860003094,art,noai_activism,high
7513315989858192686,art,noai_activism,high
7631369411848441109,environment,data_centers,high
7559964083773115681,surveillance,tracking_spying,high
7591775192829988118,environment,water_usage,high
7610736297233124629,art,creative_job_loss,high
7538131951518059789,education,learning_harm,high
7114748485781703982,surveillance,state_corporate,high
7629401794795408662,art,noai_activism,high
7178139239006227758,art,noai_activism,high
7627840186294062358,deepfake,misinfo_general,high
7617123574033304852,deepfake,scam_fraud,high
7527749130190392606,xrisk,loss_of_control,high
7621588855225060610,art,noai_activism,high
7573696613286300949,surveillance,tracking_spying,medium
7615778303286250774,surveillance,data_privacy,medium
7538441901855345934,general_neg,ai_slop,high
7616738529959316749,environment,data_centers,high
7609344647407635720,surveillance,tracking_spying,high
7632033394662100255,art,noai_activism,high
7594550905270193429,art,creative_job_loss,high
7599012457717189910,general_neg,hate_quit,high
7624543780632300813,education,learning_harm,high
7389232411546094879,education,student_cheating,high
7632845312687639828,education,learning_harm,medium
7631600620180638997,general_neg,ai_slop,high
7631802445131205919,environment,data_centers,high
7522694686855793976,deepfake,scam_fraud,high
7581876183378316566,environment,data_centers,high
7618642522771836182,deepfake,nonconsensual_imagery,high
7613930360157539614,deepfake,scam_fraud,high
7575316767094951182,deepfake,nonconsensual_imagery,high
7506579044234743071,environment,data_centers,high
7180148054383758634,art,consent_training,high
7622894174735469845,jobs,white_collar_tech,high
7492821970988420374,art,noai_activism,high
7601924664377478408,education,learning_harm,high
7557030393283710239,surveillance,state_corporate,high
7607108772036726038,general_neg,product_degradation,high
7458168904779861294,general_neg,product_degradation,medium
7628613672159415583,general_neg,product_degradation,high
7489319440908111135,art,style_mimicry,high
7534771131266485535,art,noai_activism,high
7627367096552262919,general_neg,hate_quit,high
7548910771275697414,surveillance,state_corporate,high
7631185568247958798,environment,data_centers,high
7606175085619105037,jobs,all_jobs_panic,high
7452444159417290014,general_neg,ai_slop,high
7442221673857682711,art,consent_training,medium
7631935471035206942,surveillance,data_privacy,high
7621177598877420813,general_neg,bubble_skepticism,low
7631613757885664526,art,noai_activism,high
7629487553229491478,art,consent_training,high
7630874681968561429,art,noai_activism,high
7554333225313635639,general_neg,product_degradation,high
7582930125000314167,general_neg,bubble_skepticism,high
7627931288158145814,art,consent_training,high
7631631713596230934,general_neg,antiai_identity,low
7509499387140197662,regulation,pro_regulation,high
7596096138596470071,art,noai_activism,high
7618111729637068052,xrisk,personal_dread,high
7402597749914373408,deepfake,misinfo_general,medium
7494779663257046294,art,noai_activism,high
7185664574903962885,art,noai_activism,high
7628621479206292757,art,consent_training,medium
7630798661366107422,art,noai_activism,high
7536691019895835927,art,creative_job_loss,high
7542259806468459796,environment,water_usage,high
7631656923997195538,surveillance,facial_recognition,high
7625641774240812309,education,learning_harm,high
7630194629282893076,xrisk,loss_of_control,high
7618430583810559263,general_neg,ai_slop,high
7541160003709766925,general_neg,hate_quit,high
7631948844724538637,art,noai_activism,high
7556218792116833543,deepfake,nonconsensual_imagery,high
7611219996399652118,art,music_voice_theft,high
7549048991908941087,art,noai_activism,medium
7403398377427225888,general_neg,product_degradation,high
7488698727327157526,art,noai_activism,high
7632430302421421333,surveillance,state_corporate,medium
7562576090858835231,surveillance,data_privacy,medium
7630947067543850242,art,consent_training,high
7575628830308633867,surveillance,tracking_spying,high
7632015528311164174,jobs,white_collar_tech,high
7587520370958290231,education,student_cheating,medium
7593439012451372310,jobs,all_jobs_panic,medium
7630304245216054535,art,consent_training,high
7563310683853557023,art,consent_training,medium
7542207034658278711,environment,data_centers,high
7559700057939774775,general_neg,product_degradation,high
7558842325913455879,deepfake,political_election,high
7425827930065882386,environment,water_usage,high
7563360075415391518,jobs,service_blue_collar,high
7520726755557084471,art,consent_training,high
7377351574919662854,art,noai_activism,high
7616093389301337358,art,music_voice_theft,high
7589993693914877192,deepfake,nonconsensual_imagery,high
7580291966907305248,regulation,econ_bubble,high
7631908136479247638,jobs,layoffs_news,high
7602602597907975427,surveillance,tracking_spying,high
7632762968618421526,art,noai_activism,high
7276418726407310598,art,noai_activism,high
7628614203577748743,jobs,service_blue_collar,high
7632457627414449415,surveillance,tracking_spying,high
7566419555124350238,jobs,layoffs_news,high
7629833944636198166,art,consent_training,high
7630949097721040148,jobs,all_jobs_panic,high
7614162709185056013,deepfake,misinfo_general,high
7586647498471656718,environment,water_usage,high
7631217313957629197,general_neg,hate_quit,high
7628467997845228822,jobs,layoffs_news,medium
7332805161775156512,surveillance,state_corporate,high
7520399340947442975,environment,electricity_grid,high
7526639850028616974,general_neg,antiai_identity,high
7273005168373894401,deepfake,scam_fraud,high
7556230252385553671,art,noai_activism,high
7624905220182527264,general_neg,product_degradation,high
7525519857257909535,general_neg,ai_slop,high
7555593276905000223,regulation,pro_regulation,high
7488208218594741522,environment,water_usage,high
7622408093040643360,environment,electricity_grid,medium
7515827618164296990,art,style_mimicry,high
7562253682356604171,art,other,high
7443999528765721902,deepfake,scam_fraud,high
7630812313024646403,art,music_voice_theft,high
7628494550717418773,art,noai_activism,high
7552377063349570847,art,style_mimicry,medium
7584905851450707222,surveillance,other,high
7562659613976349974,education,student_cheating,high
7630148974103612703,art,noai_activism,high
7542145084104379703,art,noai_activism,high
7512149436626242859,environment,electricity_grid,high
7613974428556217621,regulation,safety_oversight,high
7627958656084069646,general_neg,ai_slop,high
7624291261574384909,general_neg,hate_quit,high
7619319505457614100,art,noai_activism,high
7542892100354985229,art,noai_activism,high
7629884028782415112,education,other,medium
7621380032413322514,art,noai_activism,high
7627618698664152342,deepfake,misinfo_general,high
7620902329876811030,general_neg,ai_slop,high
7187051229606956331,art,noai_activism,high
7488058613047627030,deepfake,misinfo_general,high
7616486618228083998,art,creative_job_loss,high
7602366755658272018,general_neg,ai_slop,high
7399630773323779334,jobs,layoffs_news,high
7561123322121981206,deepfake,misinfo_general,high
7559247860521241911,xrisk,other,high
7559906911118789901,surveillance,data_privacy,high
7571022982252956961,xrisk,other,high
7465848640473500959,environment,electricity_grid,high
7597934424474357014,jobs,all_jobs_panic,medium
7594794210331544845,environment,electricity_grid,high
7622967406079544584,art,other,high
7540148298192063758,jobs,service_blue_collar,high
7601208286511254796,general_neg,bubble_skepticism,high
7627199810755366158,art,consent_training,high
7586280132831087880,deepfake,misinfo_general,high
7459799708920335648,deepfake,scam_fraud,high
7527680807217941782,art,noai_activism,high
7608717663753211144,environment,electricity_grid,high
7577870904416292109,art,consent_training,medium
7459917057115589919,education,student_cheating,high
7504810004185173290,art,creative_job_loss,high
7631259499881401630,education,student_cheating,high
7496258088505199902,deepfake,political_election,high
7564124220893056264,deepfake,scam_fraud,high
7629259075842280734,art,noai_activism,high
7624803134065429780,education,learning_harm,high
7632851374102859021,jobs,all_jobs_panic,high
7556033841668852999,art,style_mimicry,high
7591914204135836941,art,consent_training,high
7615096617888140557,environment,electricity_grid,high
7602666014320463111,deepfake,scam_fraud,high
7561411946893921550,education,school_bans,medium
7632173210460491024,general_neg,bubble_skepticism,high
7375329272702979361,general_neg,bubble_skepticism,high
7554896667028278542,environment,electricity_grid,high
7563821523174247702,art,noai_activism,high
7631950196955450642,surveillance,data_privacy,high
7620330017393757460,general_neg,ai_slop,high
7564775911686442260,art,noai_activism,high
7584089874475535646,general_neg,ai_slop,medium
7511720953685003562,environment,electricity_grid,high
7631924718576225556,surveillance,other,high
7533825658263244063,art,noai_activism,high
7580480182100725006,deepfake,misinfo_general,high
7592691806182133022,general_neg,antiai_identity,high
7478387548641889558,regulation,pro_regulation,high
7628707148956044558,environment,data_centers,medium
7630929098436627725,jobs,service_blue_collar,medium
7627592248921820447,art,noai_activism,high
7563349265532177695,deepfake,misinfo_general,high
7631201005153176835,deepfake,misinfo_general,high
7559669447233932566,art,noai_activism,high
7457544127593352453,regulation,safety_oversight,high
7410125521826123014,jobs,layoffs_news,high
7620837009141009677,art,noai_activism,high
7630004290869873942,xrisk,loss_of_control,high
7607768980652166408,general_neg,ai_slop,high
7631608112130182422,art,noai_activism,high
7630637120146689301,jobs,all_jobs_panic,high
7604364460454661406,general_neg,hate_quit,high
7537844112318336274,art,noai_activism,high
7597252495622196511,art,noai_activism,high
7623360282051677442,education,student_cheating,medium
7621579103929388319,environment,data_centers,high
7630866360456842518,general_neg,hate_quit,high
7493084107639966998,art,noai_activism,high
7593862250046213408,environment,water_usage,high
7517412751162035469,deepfake,misinfo_general,high
7632234783757634817,general_neg,ai_slop,high
7603514780334263583,surveillance,tracking_spying,high
7585542306854374678,art,consent_training,high
7562620982716861726,art,noai_activism,medium
7491935255306226966,art,consent_training,high
7627610721362251039,general_neg,hate_quit,high
7378931802469092640,art,noai_activism,medium
7507352802830667039,art,consent_training,high
7599671792856288520,deepfake,nonconsensual_imagery,high
7625254818507918605,jobs,white_collar_tech,high
7587311753667611926,environment,water_usage,high
7620669690460884256,environment,general_resource,low
7494682037958298902,art,noai_activism,high
7504470216663895338,art,consent_training,high
7266767910360599841,art,noai_activism,high
7571185572027321622,art,noai_activism,high
7543618462300654862,deepfake,scam_fraud,high
7587460256687557919,art,noai_activism,high
7630966695607209247,deepfake,scam_fraud,medium
7603193248038915336,art,noai_activism,medium
7630735954864655636,education,learning_harm,high
7621632477378989326,art,noai_activism,high
7612683689679441174,art,noai_activism,high
7563619312804646175,art,consent_training,high
7481571136577211653,art,music_voice_theft,high
7211163973956291883,art,consent_training,medium
7632710496826789151,deepfake,misinfo_general,high
7618565630429547798,regulation,pro_regulation,high
7509467150399048965,art,music_voice_theft,medium
7572735625632189751,general_neg,product_degradation,high
7621748408591699221,general_neg,ai_slop,high
7489950247125355818,environment,electricity_grid,high
7526872430988528918,deepfake,scam_fraud,medium
7631694644031606029,jobs,all_jobs_panic,high
7584174919420841247,general_neg,ai_slop,high
7586819045576428820,general_neg,hate_quit,medium
7518401505100156182,deepfake,scam_fraud,high
7631761727553555725,art,noai_activism,medium
7525318477385633037,art,consent_training,high
7630138699992337672,art,noai_activism,high
7621547672964484368,art,music_voice_theft,high
7517323116037541138,education,learning_harm,high
7504334395369704735,education,learning_harm,high
7593423120279637266,art,noai_activism,high
7600458443664870659,art,style_mimicry,high
7616866496140053782,surveillance,data_privacy,high
7540135159564176695,jobs,personal_loss,high
7630168819415256342,deepfake,misinfo_general,high
7594952884089933077,deepfake,scam_fraud,high
7537219382800321799,art,consent_training,high
7628212199219023117,regulation,pro_regulation,high
7562579558764154114,environment,water_usage,high
7616853303133031711,art,consent_training,high
7559755487936367903,art,consent_training,high
7536365268528860430,art,noai_activism,high
7620850955050962208,art,noai_activism,high
7599935845172350229,art,noai_activism,high
7622785299369889047,deepfake,scam_fraud,high
7632177524050627853,art,noai_activism,high
7631395218339663124,jobs,layoffs_news,high
7630883565902810398,art,noai_activism,high
7619515639794879757,art,noai_activism,high
7627961995987291414,environment,data_centers,high
7498693354155199766,art,style_mimicry,high
7618454021136846111,art,noai_activism,high
7624887907303623958,art,noai_activism,high
7542177997437127967,environment,electricity_grid,high
7611302321972153622,art,noai_activism,high
7589815861108542734,general_neg,hate_quit,medium
7592387767233989909,art,consent_training,high
7623760127262838037,general_neg,hate_quit,high
7610826808367271182,environment,water_usage,high
7614559402858728726,art,noai_activism,high
7574858910868262157,environment,electricity_grid,high
7632306108694056223,general_neg,hate_quit,high
7614693050358582541,jobs,all_jobs_panic,high
7632423068496825622,general_neg,hate_quit,medium
7489170510409010455,art,noai_activism,high
7623468252789853453,deepfake,misinfo_general,high
7519488196883893522,environment,water_usage,high
7567817838510099767,environment,data_centers,high
7629385472573279510,deepfake,scam_fraud,high
7493069112894246152,deepfake,nonconsensual_imagery,high
7592048039234243871,jobs,service_blue_collar,high
7480254359931079978,environment,water_usage,high
7529243577843551502,art,noai_activism,high
7630826609087368470,art,noai_activism,high
7632650098756914450,xrisk,loss_of_control,high
7627881073589898527,art,noai_activism,medium
7630554525023227150,deepfake,scam_fraud,high
7559046877224635661,deepfake,scam_fraud,high
7608171208877690133,environment,water_usage,medium
7631648299103096077,art,noai_activism,high
7545885592870046989,art,creative_job_loss,high
7522374389040499998,jobs,service_blue_collar,high
7627062282245262614,environment,general_resource,high
7547416210757979422,art,consent_training,high
7631208283256147222,deepfake,nonconsensual_imagery,high
7496851231659347222,art,noai_activism,high
7623513264340716813,environment,carbon_climate,high
7618991120978021663,general_neg,antiai_identity,high
7617052641025101077,environment,carbon_climate,high
7628044490934111508,jobs,other,high
7627785110074559764,art,noai_activism,high
7619413278766222605,environment,electricity_grid,medium
7489785899278945543,education,student_cheating,high
7541502211616935223,deepfake,misinfo_general,high
7627354470225071373,art,creative_job_loss,high
7617904853087669524,art,music_voice_theft,high
7591036761417977109,art,style_mimicry,medium
7579244297657060639,deepfake,scam_fraud,high
7629879114219949325,art,noai_activism,high
7618303671071231254,surveillance,state_corporate,high
7535899842749533462,xrisk,loss_of_control,high
7448396742875352366,art,consent_training,high
7570864506625068343,environment,electricity_grid,high
7630882740883279117,environment,data_centers,high
7632710230060715296,xrisk,loss_of_control,medium
7615282597572349192,jobs,all_jobs_panic,high
7615264398059359496,general_neg,hate_quit,medium
7626117626514689300,deepfake,misinfo_general,high
7625992297179647239,deepfake,misinfo_general,high
7620927900954430751,art,noai_activism,medium
7631162557516025101,art,other,high
7606347334221319446,art,noai_activism,high
7562205722629508366,general_neg,product_degradation,high
7519576094412918048,environment,carbon_climate,high
7587965629223669014,general_neg,antiai_identity,high
7632079078127865109,education,learning_harm,high
7578935278937689399,art,noai_activism,high
7467217540482125087,deepfake,misinfo_general,high
7601653396352814366,art,style_mimicry,medium
7558638238433398071,deepfake,political_election,high
7625673182560668959,surveillance,facial_recognition,high
7409687548206910736,deepfake,nonconsensual_imagery,high
7621562111361060117,general_neg,bubble_skepticism,high
7610977678153338142,art,noai_activism,high
7630290893546720526,regulation,econ_bubble,high
7602010396928576790,art,noai_activism,high
7628622323641257238,general_neg,ai_slop,high
7513304196356017430,general_neg,product_degradation,high
7530372799232363789,jobs,service_blue_collar,high
7631649757743566094,art,creative_job_loss,high
7559330902988295446,deepfake,misinfo_general,high
7276530130875436321,deepfake,nonconsensual_imagery,high
7603920230573804813,jobs,white_collar_tech,high
6911745304274455810,deepfake,misinfo_general,high
7566721671667748109,deepfake,political_election,high
7615968455606586627,art,noai_activism,high
7619893414024203550,art,noai_activism,high
7584928618384575751,art,style_mimicry,medium
7528438997702413598,general_neg,antiai_identity,medium
7620979511517072660,general_neg,bubble_skepticism,high
7629845699215019277,deepfake,scam_fraud,high
7632627104013618439,jobs,all_jobs_panic,high
7532121340711570718,jobs,layoffs_news,medium
7489272857004985646,art,consent_training,high
7632198229102267679,art,noai_activism,high
7611383788857347342,surveillance,state_corporate,high
7629789659622690070,art,noai_activism,high
7555807424024775968,art,noai_activism,high
7516876915563711752,deepfake,misinfo_general,high
7489464360117570822,environment,general_resource,high
7475323528062061846,deepfake,scam_fraud,high
7567700043289873695,environment,electricity_grid,high
7632367986245930262,environment,water_usage,high
7206402972589231403,deepfake,misinfo_general,high
7533431906440940830,general_neg,product_degradation,high
7422753550083607851,art,noai_activism,high
7628770335915003166,art,style_mimicry,high
7458920071147048238,general_neg,hate_quit,medium
7568928642026261773,art,creative_job_loss,high
7402045203189730593,deepfake,misinfo_general,medium
7607831670758165780,environment,carbon_climate,high
7631589447980584214,general_neg,hate_quit,high
7611003642287639821,art,music_voice_theft,high
7631781506750352660,regulation,econ_bubble,high
7597171376528657686,general_neg,antiai_identity,high
7413278004899515691,art,style_mimicry,high
7621473386220293398,regulation,corporate_critique,high
7551532823790751006,art,noai_activism,high
7531791427466972421,art,noai_activism,high
7533322914465107214,general_neg,hate_quit,high
7632319934726475040,regulation,pro_regulation,high
7607152837964877070,art,noai_activism,high
7630932933007658260,deepfake,scam_fraud,high
7399728573948415238,deepfake,misinfo_general,high
7538135602269539597,art,noai_activism,high
7621158720059280648,general_neg,ai_slop,high
7600186391019932959,education,learning_harm,medium
7535328135160548621,art,noai_activism,high
7531918759196396830,art,noai_activism,high
7566134424413211925,art,consent_training,high
7559537736869235981,environment,other,high
7579584761631444238,art,consent_training,high
7608833337620253973,general_neg,ai_slop,high
7631031455094787348,deepfake,misinfo_general,medium
7631831553768836365,environment,data_centers,high
7624257123324529950,xrisk,personal_dread,high
7435745196278598915,general_neg,ai_slop,high
7575703442367188246,jobs,other,high
7613427036987673888,art,music_voice_theft,high
7594511487721344278,art,noai_activism,high
7566700513970949390,regulation,pro_regulation,high
7592695903006264598,deepfake,nonconsensual_imagery,high
7627576698082528533,deepfake,misinfo_general,high
7531208555890855198,art,noai_activism,high
7551534925418204438,general_neg,hate_quit,high
7626787112313965857,surveillance,data_privacy,high
7594571036746632469,environment,water_usage,high
7551126302066101535,art,noai_activism,high
7563885259767467278,art,noai_activism,high
7601448107049569569,general_neg,product_degradation,high
7632793849391369494,art,noai_activism,high
7533246483861163278,art,noai_activism,medium
7547111097896013070,xrisk,extinction_doom,medium
7625824705656016148,deepfake,scam_fraud,high
7615569474007174408,deepfake,misinfo_general,medium
7619447617981910294,art,noai_activism,high
7577979705287068958,art,music_voice_theft,high
7517349902884637966,art,consent_training,high
7627090762534030606,deepfake,misinfo_general,high
7228678599589612827,xrisk,personal_dread,high
7559303476698762551,art,consent_training,high
7561790030327401750,education,student_cheating,high
7615742416624045325,art,music_voice_theft,high
7573207726566755639,art,music_voice_theft,high
7621929792836799757,deepfake,misinfo_general,high
7474349444801072390,environment,water_usage,high
7631991429350427918,general_neg,bubble_skepticism,high
7621494185522187553,deepfake,misinfo_general,high
7530036497223879967,art,noai_activism,high
7542648465839656215,art,creative_job_loss,high
7564159612727954710,jobs,all_jobs_panic,medium
7631973236124814614,general_neg,hate_quit,medium
7630559461274438934,art,consent_training,high
7594079281614015751,deepfake,scam_fraud,high
7622440923883982110,art,noai_activism,high
7632091198953426207,art,noai_activism,high
7601577081750768918,art,noai_activism,high
7506510089252113686,art,noai_activism,high
7632769925081206048,deepfake,misinfo_general,high
7263107482401262853,deepfake,celebrity_impersonation,high
7613200714847898901,surveillance,tracking_spying,high
7632085304509222175,general_neg,antiai_identity,medium
7570208771629239573,general_neg,ai_slop,high
7560055678820257055,environment,carbon_climate,medium
7494286587614776606,art,noai_activism,high
7504760290022624558,deepfake,nonconsensual_imagery,high
7556883492190031135,general_neg,ai_slop,high
7631283625819933983,environment,water_usage,high
7438606870933212448,art,noai_activism,high
7610480523433037074,surveillance,facial_recognition,high
7631635095874571534,general_neg,antiai_identity,high
7458075422392093994,art,consent_training,medium
7616027553349766414,general_neg,product_degradation,high
7560459757098749192,general_neg,hate_quit,high
7618647577533123863,art,music_voice_theft,high
7594459329072287007,jobs,white_collar_tech,medium
7612960653753552150,general_neg,antiai_identity,medium
7625121531969965332,jobs,personal_loss,high
7624741932517920013,art,style_mimicry,high
7624894880497667350,art,noai_activism,high
7632110947796143390,environment,data_centers,high
7605308299998694686,surveillance,state_corporate,medium
7632099782781160735,surveillance,data_privacy,high
7628130167600270610,deepfake,scam_fraud,high
7623169602234764564,deepfake,misinfo_general,high
7559480314444172558,regulation,pro_regulation,high
7532630726559190278,deepfake,nonconsensual_imagery,high
7598062814523084062,regulation,econ_bubble,high
7499559911701974314,deepfake,misinfo_general,high
7632559185225420045,jobs,all_jobs_panic,high
7466518235903741230,deepfake,nonconsensual_imagery,high
7566067267771911437,surveillance,facial_recognition,high
7621846542596590870,deepfake,scam_fraud,high
7604155400409058573,environment,water_usage,high
7630845446935629076,art,noai_activism,high
7549813504384044319,art,noai_activism,high
7600115964214103326,jobs,service_blue_collar,medium
7632830942536551694,jobs,all_jobs_panic,medium
7347631883393551649,art,noai_activism,high
7631439220690750751,deepfake,misinfo_general,medium
7563422911621647636,environment,water_usage,high
7528125980704050454,environment,water_usage,high
7631296264314850574,art,noai_activism,high
7619737557189922078,art,noai_activism,high
7535846688121031949,jobs,service_blue_collar,high
7614205019105152286,jobs,service_blue_collar,high
7566363392038948118,jobs,other,high
7559730160468069654,deepfake,scam_fraud,high
7626604381747694866,deepfake,scam_fraud,high
7487762814430367007,general_neg,product_degradation,high
7628803740425866526,art,noai_activism,high
7527151988287524151,jobs,personal_loss,high
7632306931645811998,surveillance,data_privacy,high
7632422949407984927,art,noai_activism,high
7604878229165313294,art,noai_activism,high
7595101340360002833,environment,carbon_climate,medium
7467699634366876933,deepfake,nonconsensual_imagery,high
7625041618319543574,art,noai_activism,high
7523193163880729878,art,noai_activism,high
7526946029820824862,art,style_mimicry,medium
7632042254265257237,jobs,all_jobs_panic,high
7614941854508862742,xrisk,personal_dread,high
7487125053528739094,art,noai_activism,high
7605832734241606943,art,noai_activism,high
7568193359051885846,surveillance,data_privacy,high
7566425107887951117,surveillance,tracking_spying,high
7614087929450925314,surveillance,state_corporate,high
7505610014325837086,art,noai_activism,high
7532923056675654943,environment,water_usage,high
7533514657714146591,general_neg,hate_quit,high
7622136374946303240,environment,carbon_climate,medium
7632410289031466253,art,noai_activism,high
7627253136691875103,art,noai_activism,medium
7174858259592006954,deepfake,misinfo_general,high
7581261478594874637,art,noai_activism,high
7536435978773269815,jobs,service_blue_collar,high
7631339022056557838,jobs,service_blue_collar,medium
7571200962912718094,general_neg,antiai_identity,medium
7632862561741950221,art,creative_job_loss,high
7591123627785915681,general_neg,bubble_skepticism,high
7630882993933946130,surveillance,facial_recognition,high
7597983985880321300,art,noai_activism,high
7581081701414112532,environment,data_centers,high
7493723182025723167,jobs,all_jobs_panic,high
7533410265786862878,art,noai_activism,high
7533344751786102038,art,noai_activism,high
7527070122398256401,xrisk,agi_superintelligence,high
7630905405073394964,art,noai_activism,high
7534022118225333559,regulation,pro_regulation,high
7622492383351000334,art,noai_activism,high
7590415771218627870,environment,water_usage,high
7601965399156034846,art,noai_activism,high
7589689235171511607,regulation,pro_regulation,high
7606357483858267414,xrisk,personal_dread,high
7602736019527453983,art,noai_activism,high
7519927007514299662,art,creative_job_loss,high
7527367176802684182,deepfake,nonconsensual_imagery,high
7530471330601307422,xrisk,agi_superintelligence,high
7630144722316692767,general_neg,hate_quit,high
7594143209949777174,general_neg,antiai_identity,medium
7611770294918810911,regulation,corporate_critique,medium
7567189717037354271,general_neg,ai_slop,high
7623518204484144414,environment,data_centers,high
7493846958759562542,art,noai_activism,high
7557470877646884104,art,noai_activism,high
7620687123821202695,deepfake,misinfo_general,high
7629795853481364767,deepfake,scam_fraud,high
7616400227154627862,surveillance,state_corporate,high
7557480359642811679,surveillance,facial_recognition,high
7498884460708924694,art,noai_activism,medium
7616909836525063431,environment,water_usage,high
