video_id,theme,subtopic,confidence
h5wtr1hUTHo,jobs,all_jobs_panic,high
-jth7qqm96s,jobs,layoffs_news,high
qNeuboilMn0,jobs,layoffs_news,high
OiCKaqNmDeE,jobs,personal_loss,high
aOsiKhE_uSY,jobs,all_jobs_panic,high
QUJX7C7WNh4,jobs,service_blue_collar,high
sH7sI5EniT8,jobs,layoffs_news,high
diVyhpt86gs,jobs,all_jobs_panic,high
WSSnHfHUhXA,jobs,all_jobs_panic,high
tGEh0lATdgM,jobs,layoffs_news,high
9IEXZ3k0PXw,jobs,layoffs_news,high
YxIwLomDNOQ,jobs,layoffs_news,high
_w-auY5lb3A,jobs,all_jobs_panic,high
xytAwifxZSc,jobs,layoffs_news,high
81Ucz6OaHfA,jobs,layoffs_news,high
6QI4ylISdEI,jobs,other,medium
XKzbNC7FkoI,jobs,all_jobs_panic,high
WO6xQGxIVZQ,jobs,all_jobs_panic,high
2s1pw5V9XU4,jobs,all_jobs_panic,high
k8jDJV-N__8,jobs,layoffs_news,high
VcCP76FAYMo,jobs,all_jobs_panic,high
blIwPuLSUas,jobs,all_jobs_panic,high
3FzQVGQY3WU,jobs,layoffs_news,high
QqWdz3nAzRk,jobs,layoffs_news,high
9K2pedZy5z0,jobs,service_blue_collar,high
yeubZ5lM-sQ,jobs,all_jobs_panic,high
35CDCU5chKE,jobs,service_blue_collar,high
7c1xhcV9QqU,jobs,all_jobs_panic,high
BdUug1fZuUw,jobs,layoffs_news,high
EZQEcPcJ24I,jobs,all_jobs_panic,high
OFmxKgaLN80,jobs,white_collar_tech,high
zju51INmW7U,jobs,all_jobs_panic,high
nz24mOsSzeA,jobs,white_collar_tech,high
UgMSDlTafiI,jobs,all_jobs_panic,high
tTFnp0rbDt0,jobs,service_blue_collar,high
zp9GTOVAyoI,jobs,all_jobs_panic,high
KeAXxQ9221s,jobs,white_collar_tech,high
dig46bo3nL0,jobs,white_collar_tech,high
g27TDGpZmbI,jobs,all_jobs_panic,high
8Zai9G0cO3Q,jobs,layoffs_news,high
ZqHEQJLNt3s,jobs,all_jobs_panic,high
fLBMUWfu1TM,jobs,all_jobs_panic,medium
dthbi4lzO58,jobs,all_jobs_panic,high
UUOfCcEIp3M,jobs,all_jobs_panic,high
qLOCwqn0XjU,jobs,white_collar_tech,high
8xOSFyD4ACA,jobs,layoffs_news,high
HHkMqWOKW9w,jobs,personal_loss,high
-NZ5g5cvkuE,jobs,all_jobs_panic,high
nH0YRWD3tM0,education,other,high
LGTZAR1Sh2E,jobs,layoffs_news,medium
VehffsgFFPM,jobs,all_jobs_panic,high
mGqfdB2xXqc,jobs,layoffs_news,high
iwBIGLqliMM,jobs,all_jobs_panic,high
TYe9DSPuCaE,jobs,all_jobs_panic,high
1gmaQwp5uSk,jobs,all_jobs_panic,high
KLvSapvVNdI,jobs,layoffs_news,medium
4hH0DQKjHhw,jobs,all_jobs_panic,high
yic4ImNSE3w,jobs,white_collar_tech,high
ATCP8-uIplc,jobs,all_jobs_panic,high
7J24aPxv6lU,jobs,layoffs_news,high
45AGotIQT0Q,jobs,all_jobs_panic,high
6KjXRPoZlmQ,jobs,all_jobs_panic,high
g1uBWwUE0dY,jobs,layoffs_news,high
0qrtp00L8EU,jobs,white_collar_tech,high
58lce0p-EVk,jobs,white_collar_tech,high
uMi0RpyjHdM,jobs,service_blue_collar,high
fa8k8IQ1_X0,xrisk,agi_superintelligence,high
QIAiEM0Stbw,jobs,layoffs_news,high
nQky5DQnPlE,jobs,layoffs_news,high
H7zcADzk63k,jobs,layoffs_news,high
DTWFZyU76Ok,jobs,layoffs_news,high
KMvJgt-V8Nc,jobs,all_jobs_panic,high
lUsDmCltgEQ,jobs,white_collar_tech,high
XKdCvahIZX4,jobs,all_jobs_panic,high
raRTjcHt8Uo,jobs,all_jobs_panic,high
xZkRthPhvW0,jobs,white_collar_tech,high
tKqQrMaCFj8,jobs,all_jobs_panic,high
vH4BG9OQ3ns,jobs,all_jobs_panic,high
XWqdq74IxLc,jobs,all_jobs_panic,high
CqZ0W5pkwvo,jobs,personal_loss,high
a1c5DFCi9Fk,jobs,all_jobs_panic,high
jn7DqWebWqA,jobs,all_jobs_panic,high
V0zyh9F4S0A,jobs,personal_loss,medium
znKb71kLG5c,regulation,corporate_critique,high
tDhS2ZoQimA,jobs,layoffs_news,high
RVlfP7NTCFs,jobs,white_collar_tech,high
8m_AgIGjwJE,jobs,white_collar_tech,high
tapuZbchckU,jobs,white_collar_tech,high
as1cYNA7uOA,jobs,all_jobs_panic,high
qwdeRbRruiA,jobs,layoffs_news,high
YU9sLrOMSRM,jobs,all_jobs_panic,high
uyaaHVnUHOs,jobs,layoffs_news,high
fvItHlMsHtY,jobs,white_collar_tech,high
Wynqiyg7tOA,jobs,white_collar_tech,high
p_kF_SDB0-c,jobs,all_jobs_panic,high
hIDWmuWv8SY,jobs,all_jobs_panic,high
Yk6FyLI-mnA,jobs,layoffs_news,high
meg89ToDgXo,jobs,layoffs_news,high
WfjGZCuxl-U,jobs,white_collar_tech,high
hnS4MamSCxs,jobs,layoffs_news,high
OSNo1g9Tr3I,jobs,all_jobs_panic,medium
v3tLa5nHz-M,jobs,white_collar_tech,high
n4NGgzZaF5s,jobs,all_jobs_panic,high
YhEYV5WWQ0g,jobs,layoffs_news,high
CQttoD1fqQw,jobs,layoffs_news,high
JMYQmGfTltY,jobs,all_jobs_panic,high
42ZYLbw_yi8,jobs,all_jobs_panic,high
xC1jkVrIsmw,jobs,all_jobs_panic,high
Vmtco9mWAY0,jobs,all_jobs_panic,high
xLpH4Ui2OvA,jobs,layoffs_news,high
FCIoJ6YqFks,jobs,all_jobs_panic,high
BsSyTjlsFSs,jobs,all_jobs_panic,high
TA5uqap_qOM,jobs,all_jobs_panic,high
l8UtH2SfrjE,xrisk,other,medium
Sd1lYW-Ksc8,jobs,all_jobs_panic,high
qflh4GKbmVQ,jobs,all_jobs_panic,high
T64Nlm6g_Rw,jobs,all_jobs_panic,high
3tphiM4aaT8,jobs,layoffs_news,high
z3kaLM8Oj4o,jobs,all_jobs_panic,medium
DbQjrA9VPjY,jobs,white_collar_tech,high
b-15DfuWg8M,jobs,all_jobs_panic,high
lctlDGv0eKc,jobs,layoffs_news,high
5byOotxhcas,jobs,all_jobs_panic,high
rtT87iAm_SM,xrisk,personal_dread,high
VeD8wChpJes,jobs,all_jobs_panic,high
BLoql3Gz-UI,jobs,all_jobs_panic,high
eddSGoSYnSU,jobs,all_jobs_panic,high
OuKjm14u5WQ,jobs,all_jobs_panic,high
NMvwYRF-jNk,jobs,all_jobs_panic,medium
Bd3kte9aO9g,jobs,service_blue_collar,high
lyXLjLIVuCU,jobs,all_jobs_panic,high
EBsnyIm-mm4,jobs,all_jobs_panic,high
LfOiEV_x1fg,general_neg,bubble_skepticism,high
3E6VOekP1jE,jobs,layoffs_news,high
UclrVWafRAI,xrisk,loss_of_control,high
9CLhQQUaN0s,jobs,all_jobs_panic,high
7Pq-S557XQU,jobs,all_jobs_panic,high
JsJzAZN85FA,jobs,layoffs_news,high
GXL9OwUzizM,jobs,white_collar_tech,high
wR_dg-RSTMg,jobs,white_collar_tech,high
ZQArpzGL9bQ,jobs,all_jobs_panic,medium
BAV25iJ6Obc,jobs,layoffs_news,high
MYB0SVTGRj4,jobs,all_jobs_panic,high
MdUMQyB83H8,jobs,layoffs_news,high
RqRsbxIta84,jobs,white_collar_tech,high
ypicIkaiViM,jobs,all_jobs_panic,high
yWIrrw9YKuc,jobs,all_jobs_panic,high
QGMnKGklEZw,jobs,white_collar_tech,high
RB_WmoH5nQ4,jobs,all_jobs_panic,high
2J9VreAHS44,jobs,layoffs_news,high
7Mp_UKRFf1E,jobs,white_collar_tech,high
8jR_kQJ-Meo,jobs,layoffs_news,high
Zcpj-U5lcAc,jobs,white_collar_tech,high
JXUnB5lJY_4,jobs,layoffs_news,high
IUs-QyfZk9A,jobs,layoffs_news,high
l6d_0PB0Pbg,jobs,layoffs_news,high
rgrD8rDWJok,jobs,all_jobs_panic,high
bNJad6HE23c,jobs,white_collar_tech,high
g7AVtiIKygc,jobs,layoffs_news,high
ELu7QZgi9G8,jobs,layoffs_news,high
VD1vBFpe7Y4,jobs,layoffs_news,high
jHUYGzJVHno,jobs,all_jobs_panic,high
XRKWPdoP_5A,jobs,all_jobs_panic,high
uhjDcW6sSnM,jobs,all_jobs_panic,high
MmNCEetNdV8,jobs,layoffs_news,high
xU98kKXF9K0,jobs,all_jobs_panic,high
qB_ZZrKgRS8,jobs,all_jobs_panic,high
FRUTFGtPeVc,xrisk,agi_superintelligence,high
sOMizSVuqKY,jobs,all_jobs_panic,high
kj_ztwHAd5o,jobs,all_jobs_panic,high
97QbHMURFxI,jobs,white_collar_tech,high
oaL6dqERYAM,jobs,white_collar_tech,high
eRmU2AmWeQ4,jobs,all_jobs_panic,high
L1NFCUwLnw4,surveillance,data_privacy,high
KcPccKF1Bmk,jobs,layoffs_news,high
m1HqFjXObTA,jobs,layoffs_news,high
NjbMlL89kiE,jobs,all_jobs_panic,high
oTeT5q86ATs,jobs,all_jobs_panic,high
ChMyu6SQZEs,jobs,white_collar_tech,high
mPrDpytw7qI,jobs,all_jobs_panic,high
EBKdG0gyD0o,jobs,white_collar_tech,high
UhsRTO4Ct6c,jobs,all_jobs_panic,high
MiMxwwslhiw,jobs,all_jobs_panic,high
JenZarFl-TE,jobs,all_jobs_panic,high
wFiEXodlNto,jobs,all_jobs_panic,high
T7n7-yFgiSg,xrisk,extinction_doom,high
8YyVk-W22Ak,jobs,all_jobs_panic,high
TCczsjUPBSw,jobs,all_jobs_panic,high
BcQb_8hmxSI,xrisk,loss_of_control,high
FsfgbTBIP6M,jobs,white_collar_tech,high
16LlmGUkKKI,jobs,layoffs_news,high
HE5qnKGFIvg,xrisk,loss_of_control,high
nWqfVlIYHUg,jobs,personal_loss,high
PzRDmok1xgY,jobs,all_jobs_panic,high
1x-zVIKWxz8,jobs,all_jobs_panic,high
0xl10X3VbYo,jobs,personal_loss,high
4s8sG9SCUhM,jobs,layoffs_news,high
5KmopXwjXik,xrisk,loss_of_control,high
fCu5xwpGE7I,jobs,white_collar_tech,high
9wzHkW9OaKQ,education,learning_harm,medium
6go-JrhMJwM,jobs,layoffs_news,high
e-Ecodxn5m4,jobs,layoffs_news,high
UXgJyDNBPrY,jobs,all_jobs_panic,high
bNXyukfP41o,jobs,all_jobs_panic,high
LHZIDsHSmJs,regulation,other,high
I926L83jNSM,jobs,personal_loss,high
en8aDAIYkp0,jobs,layoffs_news,high
giT0ytynSqg,xrisk,extinction_doom,high
XLgMSMF3Jvw,jobs,layoffs_news,high
MwO2RzKhuNE,jobs,all_jobs_panic,high
mbRC_xaCt5g,jobs,all_jobs_panic,medium
zUaBBhTguhY,jobs,all_jobs_panic,high
T_S-0u9rGK4,jobs,all_jobs_panic,high
pwnG7MuV_rc,jobs,white_collar_tech,high
lQfZKIWmCag,jobs,all_jobs_panic,high
_zfN9wnPvU0,general_neg,ai_slop,high
cBN7b88ZldA,jobs,personal_loss,medium
QZjFmYRXAzQ,jobs,all_jobs_panic,high
c5v--Px3f4k,jobs,layoffs_news,high
9TyUQtmouJc,jobs,white_collar_tech,high
P7Y-fynYsgE,xrisk,agi_superintelligence,high
GjkCSQndS1E,jobs,personal_loss,high
F8AUhAKeVok,jobs,all_jobs_panic,high
mz5YGVOKh20,jobs,white_collar_tech,high
zQThHCB_aec,xrisk,loss_of_control,high
ozVb14bNwzQ,jobs,white_collar_tech,high
v3bMNwxwKA8,jobs,all_jobs_panic,medium
XY5DBbcjMVM,jobs,all_jobs_panic,high
qcn0Srbs7pg,jobs,service_blue_collar,high
dVMdnNFaApE,jobs,white_collar_tech,high
nY5Vm67OgsU,jobs,all_jobs_panic,high
yVc2ZhECTMg,jobs,all_jobs_panic,high
RWDfmAD7rpE,jobs,personal_loss,high
yOKQldbRdG4,jobs,all_jobs_panic,high
4zwCjgHxDIg,jobs,white_collar_tech,high
7kyWL78E2LE,jobs,all_jobs_panic,medium
Pa36B1T__ng,jobs,all_jobs_panic,high
sg7HuuUtjDQ,jobs,white_collar_tech,high
anMEvTgEUtg,jobs,all_jobs_panic,high
t5qOYRpG3rE,jobs,all_jobs_panic,high
fcToUAi46iY,art,creative_job_loss,high
f9HwA5IR-sg,xrisk,loss_of_control,high
Viw2GFGkFSI,jobs,all_jobs_panic,high
3KQxQckG8ug,jobs,all_jobs_panic,high
zrRPOchwcR4,jobs,layoffs_news,high
nVWsOBZcihA,xrisk,loss_of_control,medium
NZNA_rOBx0o,jobs,all_jobs_panic,high
KiDEvgAsWE8,jobs,service_blue_collar,high
Lswb4-DHM6g,jobs,all_jobs_panic,high
AC-MSusGTrY,jobs,all_jobs_panic,high
hm7su-mMZhI,jobs,service_blue_collar,medium
ZQxFu68Uko8,jobs,service_blue_collar,high
3KHSBrBWxSE,jobs,all_jobs_panic,high
jI9tjnWBGAs,jobs,personal_loss,high
-x-uetBTy5Y,jobs,all_jobs_panic,high
iGNtZ2c05oM,jobs,white_collar_tech,high
OovTIngZtCY,jobs,personal_loss,high
QhxR-sR609c,jobs,white_collar_tech,high
fgfjYp_ZoJo,jobs,white_collar_tech,high
m2RY3WTNP1o,jobs,all_jobs_panic,high
vFn5pfIweb4,jobs,layoffs_news,high
R6mTUK_yPKw,jobs,all_jobs_panic,high
Ecmlh607KeA,jobs,white_collar_tech,high
zQ1POHiR8m8,xrisk,loss_of_control,high
Jk_mrWq-S58,jobs,all_jobs_panic,high
WVPpbatZuF4,jobs,layoffs_news,high
_rcGfpeLdIo,jobs,layoffs_news,high
FBQg01Oi4iM,jobs,layoffs_news,high
m_9b9bYrNc0,jobs,layoffs_news,high
s1c4Ji6tNdw,jobs,all_jobs_panic,high
N7L0UrbCtis,jobs,personal_loss,high
TdBKWW8adYI,jobs,all_jobs_panic,high
juLJG9LqVrk,jobs,all_jobs_panic,high
8-8WSaizjDY,jobs,layoffs_news,high
kpSEyepY9uQ,jobs,all_jobs_panic,high
e8hyQz75lpQ,jobs,layoffs_news,high
Ly1Gp9-y5-8,jobs,all_jobs_panic,medium
im4re4zSrpk,jobs,all_jobs_panic,high
K-Xvhf0XCK4,jobs,layoffs_news,high
TyorY7tL2aQ,jobs,all_jobs_panic,high
zD2ILYuqHH8,jobs,layoffs_news,high
Kbng0AyO5Vs,jobs,layoffs_news,high
fvhMFdrd-Lw,jobs,layoffs_news,high
vkcuP3hS-nI,jobs,layoffs_news,high
oWA6_CILNjg,jobs,white_collar_tech,high
3JdV2qGCAFk,jobs,layoffs_news,high
zLRgu1iDDiU,jobs,all_jobs_panic,high
IprbuZOyclo,jobs,layoffs_news,high
csseq9jRm2o,jobs,white_collar_tech,high
eE6ATF-UWZY,jobs,layoffs_news,high
9ANoT3CvuaA,jobs,layoffs_news,high
ZIUPfIauv9c,jobs,layoffs_news,high
ufrGgA0ypTA,jobs,layoffs_news,high
-3ennk-0vww,jobs,all_jobs_panic,high
OfgsmuUGHeg,jobs,layoffs_news,high
n2LYPpoPyQ8,jobs,all_jobs_panic,high
G9jfiWY5PTY,jobs,layoffs_news,high
BxqL9P3HhGs,jobs,layoffs_news,high
sAPtuLvP1qk,jobs,layoffs_news,high
g8H7zTvhnos,jobs,white_collar_tech,high
zSfzj84cMoI,jobs,white_collar_tech,high
K5rexxwa5Fs,jobs,layoffs_news,high
8MU_c7tk8mw,jobs,layoffs_news,high
JqOZS7HofZI,jobs,all_jobs_panic,high
gLUC2WK4hsg,jobs,layoffs_news,high
g_f8DrYtcF4,jobs,layoffs_news,high
3EBqWe3d3CI,jobs,layoffs_news,high
y76vpLnuT54,jobs,personal_loss,high
ysNXFMXKd_8,jobs,layoffs_news,high
Iuv7HWw9vpI,jobs,layoffs_news,high
IeTFpsuCor8,jobs,all_jobs_panic,high
CjiqLLhRwEs,jobs,layoffs_news,high
9dws4ZyQ4bI,jobs,white_collar_tech,high
6UP75wKc92s,jobs,layoffs_news,high
27FZPVVLld8,jobs,layoffs_news,high
8UYV6zq-Few,jobs,layoffs_news,high
8FDHQKwfDSs,jobs,layoffs_news,high
zfx4zH_EGqs,jobs,layoffs_news,high
iN4bUXljjrY,jobs,layoffs_news,high
7djrd9OP55M,jobs,layoffs_news,high
u6QEs7BJjfw,jobs,white_collar_tech,high
jp_Hmx6m2Q0,jobs,layoffs_news,high
Cn8HBj8QAbk,regulation,corporate_critique,high
DPJOZvBvB4g,jobs,white_collar_tech,high
eWXbB4u16UM,jobs,layoffs_news,high
W-5dqb5xlpQ,jobs,layoffs_news,high
BYArKk7-GyM,jobs,layoffs_news,high
BMzO9lUUN7E,jobs,all_jobs_panic,high
vZbf-HxVs4s,jobs,layoffs_news,high
SXOYvvRZhpA,jobs,layoffs_news,high
94xCHRq6UbI,jobs,white_collar_tech,high
oSj7Og5iOkU,jobs,layoffs_news,high
eupDkKbA7Q8,jobs,layoffs_news,high
h8lLk6cOCqg,jobs,layoffs_news,high
oIY6gEYKrQc,jobs,layoffs_news,high
SGAZvdeuMCk,jobs,all_jobs_panic,medium
Au9-XHKCKKw,environment,data_centers,high
xosK8NijBuw,jobs,white_collar_tech,high
5jTTTqMSdWk,jobs,layoffs_news,high
VAf0GHOeO2c,jobs,layoffs_news,medium
1mkXmJyH-aA,jobs,layoffs_news,high
VQriy1jTJoE,jobs,all_jobs_panic,high
eRMz74C7oTU,jobs,layoffs_news,high
wvaQHkBmeqo,jobs,layoffs_news,high
rxWTUNP9D5I,jobs,layoffs_news,high
Xx4pGPgTifc,jobs,layoffs_news,high
un0vv3zNc5g,jobs,all_jobs_panic,high
p31Vy9HRBPs,jobs,layoffs_news,medium
Gu26A5Z3jsI,jobs,all_jobs_panic,medium
W71funXuznU,jobs,white_collar_tech,high
RNkDJ9kULbs,jobs,layoffs_news,high
7pLgmnQbBTo,jobs,layoffs_news,high
wLC7SATDmy8,general_neg,bubble_skepticism,high
5hn7rv4RQdw,jobs,layoffs_news,high
9qH3cRDlfCk,jobs,layoffs_news,high
z7jDEgptePc,jobs,white_collar_tech,high
D8-x1YyQ2Ck,jobs,layoffs_news,high
FO4z32_IvAM,jobs,all_jobs_panic,high
HmP0IYmdhnI,jobs,white_collar_tech,high
nwCyTd4VC08,jobs,layoffs_news,high
6aYyUUQxB50,jobs,personal_loss,high
LjSWMPTHQTM,jobs,layoffs_news,high
cHO0N9lyegQ,jobs,layoffs_news,high
goFKc9oMj8c,jobs,white_collar_tech,high
SEINEBlSxxs,jobs,layoffs_news,high
BUGZStrq6CM,jobs,layoffs_news,high
9-HffhBSLp4,jobs,layoffs_news,high
2DvYMyJ4FSc,jobs,all_jobs_panic,medium
X29qEHGg6YI,jobs,layoffs_news,high
z2o_SQhRC9g,jobs,layoffs_news,medium
qcL1A3xX4RI,jobs,layoffs_news,high
SD2pUeqhmYA,jobs,layoffs_news,high
MgY37OmraRc,jobs,layoffs_news,high
9gsW651ER38,jobs,white_collar_tech,high
7oVaW7uwB5Q,jobs,white_collar_tech,high
9_jiSTi5lRQ,jobs,layoffs_news,medium
XtdwjRcCFkM,jobs,layoffs_news,high
q9GILlCOHG4,jobs,layoffs_news,high
25vjF_ljLns,jobs,all_jobs_panic,medium
g9gdwiTWRcE,jobs,layoffs_news,high
UR4UArKEt2c,jobs,layoffs_news,medium
6AAfojqOPSk,jobs,layoffs_news,high
3q7vMxrHpmY,jobs,layoffs_news,high
9JqfhbcoQm0,jobs,layoffs_news,high
hfFZ9T3J0mg,jobs,all_jobs_panic,high
ktBnY0OvkWs,jobs,layoffs_news,high
utz4aIKsp0g,jobs,layoffs_news,high
HdpmQfp6HCY,jobs,layoffs_news,high
SfXCIlGro_o,jobs,layoffs_news,high
2fD1-6ydHo8,jobs,white_collar_tech,high
k8qNerGkHGs,jobs,all_jobs_panic,high
e0rvswLr3us,jobs,layoffs_news,high
humHg4WW4P8,jobs,layoffs_news,high
J0LmQiiLrzw,jobs,layoffs_news,high
cTaCoUA89oM,jobs,layoffs_news,high
VEG5oKu1vd4,jobs,layoffs_news,high
1azmvX1gwCs,jobs,all_jobs_panic,high
Um4XnmMKau8,jobs,personal_loss,high
cKlJp-rY80Q,jobs,white_collar_tech,high
5GvdxKp3Yuc,jobs,layoffs_news,medium
khWSCgoADAY,jobs,layoffs_news,high
nnZxseYETVk,jobs,service_blue_collar,high
4fLc7IlK6u0,jobs,white_collar_tech,high
_tXP9nv7xg0,jobs,all_jobs_panic,high
3zlAiCwUkvY,jobs,white_collar_tech,high
6D4rsqxqSIc,xrisk,agi_superintelligence,medium
hORGceh06xs,jobs,all_jobs_panic,high
9T_5tTQgMo8,jobs,all_jobs_panic,high
-951kzG3yd0,jobs,all_jobs_panic,high
35ieMIKtKbE,jobs,layoffs_news,high
YeDpz9UWntM,jobs,all_jobs_panic,high
uVY4j0iFmko,jobs,layoffs_news,high
8eAAq9q6Veg,jobs,all_jobs_panic,high
o25EV6NqEDE,xrisk,agi_superintelligence,high
y0CR52pgUIg,jobs,all_jobs_panic,high
Yo7BMQ4O6fY,jobs,all_jobs_panic,high
_d08BZmdZu8,surveillance,data_privacy,medium
p22QeLNHvlc,jobs,white_collar_tech,high
9oCyg9ElzzY,jobs,layoffs_news,high
Kb87DJjiDeA,jobs,layoffs_news,high
YpbCYgVqLlg,jobs,all_jobs_panic,high
X0rwoUwhtuo,jobs,all_jobs_panic,high
RI5J-H8OuUY,jobs,white_collar_tech,high
1L2RB-PmtoQ,jobs,white_collar_tech,high
GCjmK66x_Yk,jobs,all_jobs_panic,high
hGq42fTVN_g,jobs,service_blue_collar,high
_Hib8mYSzmY,jobs,white_collar_tech,high
uFmyk-9zahE,jobs,all_jobs_panic,high
PYjZUKnZSzk,jobs,all_jobs_panic,high
O-Pd5f5YRos,jobs,service_blue_collar,high
c5IBdU2ty5c,jobs,service_blue_collar,medium
yfHkbhGWwaY,jobs,personal_loss,high
nCbjSj-enbQ,jobs,all_jobs_panic,high
0yRK7eJaDXg,jobs,white_collar_tech,high
4b230PQRVHE,jobs,all_jobs_panic,high
MHXsR_sOPF0,jobs,personal_loss,high
EVHOKlz6k24,jobs,all_jobs_panic,high
SyRXxNLZxwk,xrisk,loss_of_control,high
p4dHTHwuWnM,jobs,layoffs_news,high
iLbP81CsffI,jobs,layoffs_news,high
Ctevk8aq8XI,jobs,service_blue_collar,high
zfV14wAI5r8,jobs,layoffs_news,high
TRafYHb0JxY,jobs,other,high
0cGP0qyFzzk,jobs,white_collar_tech,high
768__jEXGIY,jobs,service_blue_collar,high
r_9wkavYt4Y,xrisk,loss_of_control,high
BIzB2R1APpE,jobs,all_jobs_panic,high
zhnwtgybETk,jobs,personal_loss,high
6pvGBbIS7Xo,jobs,all_jobs_panic,high
4Sj4-kYi0J0,jobs,white_collar_tech,high
-r9y5qkrjLM,art,creative_job_loss,high
qPTz1cXMzfQ,jobs,all_jobs_panic,high
23s9g64yoxg,jobs,personal_loss,high
ABLtnNlil8s,jobs,all_jobs_panic,high
lFyiHwjHPj4,jobs,white_collar_tech,high
klj4mYZFG0A,jobs,white_collar_tech,high
42DOznhKL2M,jobs,personal_loss,high
UCV692sxr_Q,jobs,personal_loss,high
PG5sv20Jiic,general_neg,other,low
TYuSEeuUhPo,jobs,personal_loss,high
Tw18-4U7mts,jobs,white_collar_tech,high
n-PkjQdXdDs,jobs,all_jobs_panic,high
RpCziNOhggU,art,consent_training,medium
5Viy3Cu3DLk,art,consent_training,high
J-3E_mMaYyQ,jobs,white_collar_tech,high
VRjgNgJms3Q,general_neg,hate_quit,high
51eDdwc1IHU,jobs,personal_loss,high
FlxQvEbHCo4,art,creative_job_loss,high
smA932BkHYw,jobs,personal_loss,high
vfTKIo6ZLVo,jobs,personal_loss,high
ddwKHuv8WBs,art,creative_job_loss,high
vdmllhVn388,jobs,personal_loss,high
i8hc48m4I9c,jobs,white_collar_tech,high
TdNEgWn0ONg,jobs,all_jobs_panic,high
uHmvYdMpxPw,jobs,personal_loss,high
rDBVfLFth10,jobs,all_jobs_panic,medium
GGm8ZXzsC4Y,jobs,all_jobs_panic,medium
3lPnN8omdPA,education,learning_harm,high
OFlRcY1t3gY,jobs,service_blue_collar,medium
9Yci0lq6bx0,jobs,all_jobs_panic,high
x8ovmdSFvEs,jobs,all_jobs_panic,high
9kkMiNSn5mA,jobs,all_jobs_panic,high
lxvIuoD-nOs,jobs,white_collar_tech,high
765vujDjofw,jobs,white_collar_tech,high
dbMXi9q78Tk,jobs,personal_loss,high
oAZSX71kqzk,jobs,all_jobs_panic,medium
uMwjKyAPR34,xrisk,agi_superintelligence,high
NMB3gP2PetQ,jobs,all_jobs_panic,high
IbURRn8DaIY,jobs,all_jobs_panic,high
U9d0p96N1iw,art,consent_training,high
_Zn1SXeeBUU,jobs,personal_loss,high
4hnCQiKzlbU,jobs,all_jobs_panic,high
p1wooTdQZVA,jobs,all_jobs_panic,high
e70RT6c01M8,regulation,corporate_critique,high
k_onqn68GHY,xrisk,loss_of_control,high
ya6520zh4pQ,jobs,white_collar_tech,high
sGohta611JI,jobs,all_jobs_panic,high
5Xgd-QoC_yY,jobs,service_blue_collar,high
RDIlU7VLXu0,jobs,white_collar_tech,high
k35i0o-b8sI,jobs,white_collar_tech,high
U2oCaBJYdoY,jobs,personal_loss,high
z56dFg2aqn0,jobs,layoffs_news,high
yQPQSpPfZDA,jobs,white_collar_tech,high
6gbGpyRIhdo,jobs,all_jobs_panic,high
nVFylmTjMSY,jobs,layoffs_news,high
D8RtMHuFsUw,xrisk,extinction_doom,high
hu4Ol8UJxw0,jobs,all_jobs_panic,high
26WJ8usMEpQ,jobs,all_jobs_panic,high
aAPpQC-3EyE,regulation,safety_oversight,high
ZtCWDmUk2gQ,jobs,all_jobs_panic,high
3Br4u36juGM,jobs,all_jobs_panic,high
CZAdgBBpXA4,jobs,all_jobs_panic,high
k_sM9Ct8d3U,jobs,personal_loss,high
dH_UvWmvny0,jobs,layoffs_news,high
NE_iPm6nl-E,jobs,all_jobs_panic,high
DzhPNcYJv50,jobs,personal_loss,high
bjnUJq5OONM,xrisk,loss_of_control,medium
m-qkwnXrSOQ,jobs,all_jobs_panic,medium
XV54mhzefMw,jobs,personal_loss,high
b75zSsXII_c,art,music_voice_theft,high
xNyBf76GByw,jobs,white_collar_tech,high
OiPPyiTPOXc,jobs,all_jobs_panic,high
BZxCGIm3-J4,jobs,all_jobs_panic,high
aEL384kTznk,jobs,personal_loss,high
KhiUaxjiIuw,education,teacher_impact,high
jJ0NdKQF1RE,jobs,all_jobs_panic,high
pU2prVifda8,jobs,all_jobs_panic,medium
92AWUMbSWbI,jobs,all_jobs_panic,high
GgG8PbMNURo,art,creative_job_loss,high
0L9Eucq6sps,jobs,personal_loss,high
E3atOY1chQE,jobs,all_jobs_panic,medium
f45Lqucko-4,jobs,all_jobs_panic,high
GfcZXfit0Ss,jobs,personal_loss,high
czq9-9ll5nc,jobs,all_jobs_panic,high
-lhbzbSck04,jobs,personal_loss,medium
GwEjuhpo26o,education,student_cheating,high
Z9XOS5gs-Xs,jobs,personal_loss,high
U9OnLgSwVc4,jobs,personal_loss,high
cxcb55zr2Q8,jobs,white_collar_tech,high
lwHyDILqJYw,jobs,all_jobs_panic,high
FDlxuGWbZqw,jobs,white_collar_tech,high
UcTiRfWNZbs,jobs,all_jobs_panic,high
YVUG1eET7g4,jobs,personal_loss,high
uW-eYOxjUcY,jobs,all_jobs_panic,high
94_75d1uybQ,jobs,all_jobs_panic,high
W3y4U184W2o,jobs,personal_loss,high
IyIyBirix1k,jobs,all_jobs_panic,high
Y3O1N_Hc7qY,environment,data_centers,high
bfNok-Dp17A,jobs,all_jobs_panic,high
NufB1LL_rCU,xrisk,loss_of_control,high
zZBJ-bpWQT4,jobs,layoffs_news,high
_f_0f_f9Uwo,jobs,white_collar_tech,high
0i8UbfpWDr0,art,style_mimicry,high
p6cDgQ7ZXEU,jobs,personal_loss,high
lIJelwO8yHQ,jobs,all_jobs_panic,high
KgvdOK12WxY,jobs,personal_loss,high
h7cPpNlzqzE,environment,electricity_grid,high
00RHph_eok4,xrisk,loss_of_control,high
83R8mWeBM88,environment,data_centers,high
2bkzXxn24rw,environment,data_centers,high
JWLJkR7Z7vU,jobs,personal_loss,high
fp5ozQraKf4,environment,data_centers,high
JSTWplGA1SI,environment,water_usage,high
PatPSHlGwFo,environment,data_centers,high
hOpWNytRRBs,environment,data_centers,high
_s1kwyO2Ock,environment,electricity_grid,high
9Cz-cfz4pm0,environment,data_centers,high
MisvqfF0p40,jobs,all_jobs_panic,high
fC7jz3_fJJQ,environment,water_usage,high
eyklsgOClJA,environment,data_centers,high
3X6dG0z4410,environment,data_centers,high
Z6Gcq--24dw,surveillance,state_corporate,medium
kK7PFJcAGL0,environment,electricity_grid,high
Ij_qlW5x2-o,environment,data_centers,high
GJc0EFNvPdU,environment,data_centers,high
7SzpS8wai68,surveillance,tracking_spying,medium
dJD41NjANmw,environment,electricity_grid,high
6e0-x9bzWKs,environment,data_centers,high
DSS37bxNwxY,environment,electricity_grid,high
tpEqJERBDx0,environment,other,high
pkomxsk5hpY,environment,data_centers,high
j2nE3_HCvoU,jobs,other,high
sodlk3x15M0,environment,data_centers,high
J3miEPD1l2o,environment,water_usage,high
_053Tle5Fr8,environment,data_centers,high
ly1L3FvMVLs,environment,electricity_grid,high
Wnwrri6l8IE,environment,data_centers,high
f40SFNcTOXo,regulation,pro_regulation,high
48xMTCu_b2E,environment,water_usage,high
t-8TDOFqkQA,environment,data_centers,high
VVAErWVDfeI,environment,data_centers,high
-r8vwJzCrwY,environment,data_centers,high
hPyz4tcDi4U,environment,data_centers,high
IKzaUhzSISE,environment,water_usage,high
O__x9dQkAqQ,environment,electricity_grid,high
TWrbe0DrU24,environment,water_usage,high
jbMP1Nhm0DM,environment,data_centers,high
mnAP23UI_lk,environment,data_centers,medium
TwisEcZb9nE,environment,data_centers,high
LI_MUbTQJ3M,environment,data_centers,high
Lhj-1TwfsHc,environment,water_usage,high
ETiuI0V3tMU,environment,data_centers,low
hEsfxGW34PY,environment,data_centers,high
hXSKUbsFCqg,environment,water_usage,high
zRZ30XA0VkE,environment,data_centers,high
dtDNwglvuUE,environment,electricity_grid,high
mRNVc3-XGFg,environment,data_centers,high
dv0JhPU219o,environment,data_centers,high
fqQsExCEEZc,environment,electricity_grid,high
W5hP9zPLF5Q,environment,electricity_grid,high
4KfHrm6fx_Y,surveillance,state_corporate,medium
kbTRq_o-KXU,environment,data_centers,high
_Ird91qfPZs,environment,electricity_grid,high
D_KU_681eRA,environment,water_usage,high
IztKLWz18HY,general_neg,bubble_skepticism,high
i6ox_w_o_uQ,environment,data_centers,high
vWsvMpA0zYo,environment,data_centers,high
nxUEOdC4VzU,environment,data_centers,high
I4rcpcX06kc,environment,data_centers,high
1dcvf-MhheU,environment,data_centers,high
vtQU4ApSDDE,environment,data_centers,high
fphMXniT5Fc,environment,data_centers,high
wvMAvstpE4o,environment,data_centers,high
wLX_w0TtBpY,jobs,all_jobs_panic,medium
D29NqEg1Wmo,environment,data_centers,high
3VJT2JeDCyw,environment,data_centers,high
YN6BEUA4jNU,environment,electricity_grid,high
3__HO-akNC8,environment,electricity_grid,high
vl7cXmebIEY,environment,data_centers,high
rIElevIJXqw,environment,data_centers,high
E6Vr3PQKMx8,regulation,pro_regulation,high
QnerdsYTLUk,environment,data_centers,high
fCVWnK8bIQs,environment,water_usage,high
PLd3KC5OCGY,environment,data_centers,high
kpBtl-yBFeE,regulation,pro_regulation,high
j2w4X1OkdIo,environment,electricity_grid,high
mwE3b476PkE,environment,data_centers,high
iG8kjXN550o,environment,data_centers,high
AYCibhMJHrw,environment,electricity_grid,high
lRpe9HyBZAE,environment,data_centers,high
onaXCb5H8yA,environment,electricity_grid,high
EqHCQMgZqzc,environment,electricity_grid,high
bCe3_Xai1KI,environment,data_centers,high
D_ODmysOOFo,environment,data_centers,high
5B0fPjRE5cw,environment,data_centers,high
DUvET1L2Pbo,environment,data_centers,high
HPZHxGjuTAA,environment,data_centers,high
gI5aeFU3N5Y,environment,data_centers,high
_Vcxotk6u2o,environment,water_usage,high
yQYVZDWOUTE,environment,data_centers,high
0TwA5ttBAhU,environment,data_centers,high
cyWrxpFScOY,environment,electricity_grid,high
dTp7igAvPII,environment,data_centers,high
LkHtqyEfgGw,environment,electricity_grid,high
IS2OBsn-mHY,regulation,pro_regulation,high
aLY1Ww4B8IM,environment,data_centers,high
lK3PQIup0ro,environment,data_centers,high
aweN-bhHvpU,environment,data_centers,high
ssh_N4HACzA,environment,data_centers,high
E7Ia5RIpUls,environment,data_centers,high
NGL6wdbpTZk,environment,data_centers,high
4wTteVjOQBQ,environment,data_centers,high
qQXWBbsFeQ0,environment,data_centers,high
CpLpRJqCG7g,environment,electricity_grid,high
bfxYtIdIT7c,environment,data_centers,high
hx1XSTUUWR0,environment,data_centers,high
6B2x2FrJa6w,regulation,other,low
W6RIOVPo9fM,environment,data_centers,high
8eKnbjnKwHE,environment,water_usage,high
oOvf70n50Po,environment,water_usage,high
nXzM7wmIeZ8,environment,electricity_grid,medium
4t6UiSdTq70,environment,data_centers,high
1elHsKSRqwU,environment,data_centers,high
Lkn7b9LNaFI,environment,data_centers,high
I36HZxY33g4,environment,electricity_grid,high
VHhVRhwPcSg,jobs,all_jobs_panic,high
ha5NtsjaHKQ,jobs,layoffs_news,high
Ue3nkR1LwtU,jobs,all_jobs_panic,high
zHJ8PDbCkrI,environment,data_centers,high
W5WtaHMYlLs,regulation,pro_regulation,high
Q0tWprGOdVQ,environment,electricity_grid,high
X59O5XBGxcI,jobs,layoffs_news,medium
umS4ruNPn4s,jobs,layoffs_news,high
rllhXmH9EQM,environment,data_centers,high
Lq-5amld4H8,jobs,all_jobs_panic,high
auUsERloh9A,jobs,all_jobs_panic,medium
PQgkBOApUbA,jobs,white_collar_tech,high
wxnbjl4-NOo,jobs,layoffs_news,high
10b-6LBiP98,jobs,layoffs_news,high
RtMLnCMv3do,jobs,white_collar_tech,high
i1uKGYhcn6Y,jobs,all_jobs_panic,medium
rnBAdnNIIXk,jobs,all_jobs_panic,high
S3YGQzkzgss,jobs,all_jobs_panic,high
FftDPKHINuE,environment,data_centers,high
yC09q-fwfTE,jobs,white_collar_tech,high
36C7aAu93LY,jobs,white_collar_tech,high
lwITznIE7VA,jobs,all_jobs_panic,high
RAOlhrzHIKI,jobs,layoffs_news,high
1LAytXvdiF8,jobs,all_jobs_panic,medium
WSKi8HfcxEk,jobs,all_jobs_panic,high
8nzLYaZ0i4g,jobs,all_jobs_panic,high
yFDiJ99b1PE,jobs,layoffs_news,high
5oMHil2H4o8,jobs,all_jobs_panic,high
SeW3CuBoRxk,jobs,layoffs_news,high
aKQVqzC0YGY,jobs,all_jobs_panic,high
RHysyLcofho,jobs,all_jobs_panic,high
H2o4EIuWDGc,jobs,all_jobs_panic,high
__k4DfZWZQ0,jobs,all_jobs_panic,high
6p1Me03BPhM,xrisk,loss_of_control,medium
4F6VGLik2pM,jobs,white_collar_tech,high
5wTqEuNOUxc,jobs,all_jobs_panic,high
lN3e_xifaVw,jobs,all_jobs_panic,high
YgD61aSPWRs,jobs,all_jobs_panic,high
35QQAdEqDII,jobs,all_jobs_panic,high
JbMbDa0y1gE,jobs,all_jobs_panic,high
OUI2g2XkkqM,jobs,all_jobs_panic,high
igAYW4MPMFo,jobs,layoffs_news,high
g7LzWmsxTIY,general_neg,product_degradation,high
01bi7edEyY8,xrisk,agi_superintelligence,high
Hn1lEzhSrIo,jobs,service_blue_collar,high
QFPgSHHYFJA,jobs,service_blue_collar,high
I_o6rfhUJUM,jobs,layoffs_news,high
DUIo20nsBEQ,general_neg,ai_slop,medium
CCHUrAhv1iM,jobs,all_jobs_panic,high
woTy4dTiT20,xrisk,loss_of_control,high
TWpg1RmzAbc,art,noai_activism,high
RPVz9I78nlw,surveillance,tracking_spying,high
0u5_VMLd8HU,jobs,layoffs_news,high
U9xygNoXnZQ,xrisk,loss_of_control,high
B7Kf_1stAKo,jobs,personal_loss,medium
xVoEEHhkXT8,xrisk,loss_of_control,high
Vi5hpMN6R24,general_neg,ai_slop,high
sTQHJCkAj1Q,deepfake,scam_fraud,medium
H3hJt3xEBm8,deepfake,misinfo_general,high
0YPr4vw432w,deepfake,scam_fraud,medium
zNFEEPvWjCM,xrisk,loss_of_control,high
JuEvM1vEENQ,general_neg,bubble_skepticism,high
gZtYieSfodA,general_neg,ai_slop,high
tjW_gms7CME,xrisk,loss_of_control,high
ZWlfYlOrLM4,xrisk,loss_of_control,high
WuV1lxjEGs8,deepfake,scam_fraud,high
nV7YpbXrqms,art,noai_activism,medium
XGnvpcnxKJc,general_neg,bubble_skepticism,medium
xYSR3hfcRRg,surveillance,state_corporate,medium
Nw3sz2e1vZk,jobs,all_jobs_panic,medium
Xslo9OK3OCE,general_neg,ai_slop,high
VAjHbfapyTw,surveillance,tracking_spying,medium
AUdc1AAmp60,deepfake,celebrity_impersonation,high
O-X8oXTdEpE,xrisk,loss_of_control,high
MFNwQFpIwVE,jobs,all_jobs_panic,high
JeOCvwntTwU,surveillance,state_corporate,high
OINt7DMpwy8,general_neg,bubble_skepticism,medium
SQowubuvk-s,xrisk,loss_of_control,high
LjNwfmdUiRU,deepfake,misinfo_general,medium
eXdVDhOGqoE,environment,carbon_climate,high
dtF8tpo3IOM,art,noai_activism,high
q4Dc_QGukcg,xrisk,loss_of_control,high
byQmJ9x0RWA,xrisk,loss_of_control,high
tC_cpOKugrs,jobs,other,high
B8noE-6W9SE,xrisk,loss_of_control,high
6h1qvI3HQDo,art,music_voice_theft,high
2aeyYQUKd7M,deepfake,misinfo_general,high
fLBOXuxnUUU,deepfake,misinfo_general,high
rf2KFVcKQdQ,xrisk,loss_of_control,high
NVEcambu42E,xrisk,loss_of_control,high
3x32CkliQyY,art,noai_activism,high
gDXZp9lXjQU,art,style_mimicry,high
SBZDI2y6QTo,art,style_mimicry,low
IJ9npjmTIo8,jobs,white_collar_tech,high
cshUJPSwsho,general_neg,ai_slop,high
t2VHP3VCsxs,deepfake,celebrity_impersonation,high
quaBgcuHarE,surveillance,state_corporate,medium
o7tEqEh40eQ,deepfake,misinfo_general,high
Q0TpWitfxPk,jobs,all_jobs_panic,low
ZlHlpMpu8ug,xrisk,loss_of_control,high
DuOVVhUyug0,deepfake,scam_fraud,high
BicmxKovDmM,art,music_voice_theft,high
Nl7-bRFSZBs,xrisk,loss_of_control,high
H1cJc1xek1s,xrisk,agi_superintelligence,high
FcRhzV2x2UI,surveillance,other,high
brQLpTnDwyg,xrisk,loss_of_control,high
Pp9MwZkHiMQ,surveillance,tracking_spying,high
IfcnnnAio6I,xrisk,loss_of_control,low
Gw2DX8hviuY,deepfake,celebrity_impersonation,medium
tjFHRVr7aNE,xrisk,loss_of_control,high
lkXI5QHHU64,deepfake,misinfo_general,high
cjQpmqZl6TE,deepfake,nonconsensual_imagery,high
90C3XVjUMqE,xrisk,loss_of_control,high
Mzf1qzcjIpM,art,noai_activism,high
zWAhkzjURic,general_neg,ai_slop,high
qe9QSCF-d88,xrisk,loss_of_control,high
Zv941c6yfLE,xrisk,loss_of_control,high
5KVDDfAkRgc,xrisk,agi_superintelligence,high
Ozs9fbi3Hpk,surveillance,data_privacy,medium
KGHoVptow30,general_neg,ai_slop,high
ry2Yq5pnw34,deepfake,misinfo_general,medium
FGDM92QYa60,xrisk,loss_of_control,high
a2ZBEC16yH4,xrisk,loss_of_control,medium
0bnxF9YfyFI,xrisk,agi_superintelligence,high
mERBjn6JotM,xrisk,loss_of_control,high
x01dcYkr5qw,xrisk,loss_of_control,high
htj2ppJsBsY,surveillance,data_privacy,high
6KWn_i8_7Bw,surveillance,data_privacy,medium
C0chZUeWLOw,deepfake,misinfo_general,high
vUo6tDAgaNM,xrisk,loss_of_control,high
rt-b1OMuZws,deepfake,misinfo_general,high
gIxq03dipUw,xrisk,loss_of_control,high
dHxqgANVgd8,xrisk,loss_of_control,high
KBF2GTTK1JU,surveillance,state_corporate,high
JlmLdvCM-ZI,surveillance,data_privacy,high
g0EHMTLD1sY,deepfake,misinfo_general,high
gWPDE9ZnK5Y,deepfake,political_election,high
Bh9VDUKRSuM,general_neg,bubble_skepticism,high
6rjpMb9yuDk,deepfake,misinfo_general,high
aYk84JeWT5I,xrisk,loss_of_control,high
cyMWig4AR4k,surveillance,data_privacy,high
JJhHbkeY0qo,deepfake,celebrity_impersonation,high
DERzohPN8Is,general_neg,ai_slop,high
xJSEkO6LHXI,deepfake,misinfo_general,high
V81oQ4eNXTU,deepfake,scam_fraud,high
_fStZFU6yCA,deepfake,celebrity_impersonation,high
Qa5Y2ARMCwY,general_neg,ai_slop,medium
K23eAqYbemQ,xrisk,loss_of_control,high
82k-CAk2hQM,art,noai_activism,high
VctsqOo8wsc,jobs,white_collar_tech,high
LLKPhn1qr3I,deepfake,celebrity_impersonation,medium
UpZVTa7kDiI,jobs,all_jobs_panic,medium
55Z4cg5Fyu4,deepfake,misinfo_general,medium
GiLToFYtzog,art,noai_activism,high
dz-8vNVYfOM,environment,other,high
UD_y4GnAqEQ,general_neg,ai_slop,high
iWNJbeTbUME,art,noai_activism,high
tzGls3aTmJ4,art,style_mimicry,medium
3n-3L-PMOdw,art,creative_job_loss,high
u38l7BFr9oY,general_neg,ai_slop,high
2Pi8Y8xc32I,regulation,econ_bubble,high
JrOpv9mV-p8,surveillance,other,high
MPjSZlXY1R8,art,other,high
-FNdlXq8BKg,art,noai_activism,high
z5AEWJR5Zas,general_neg,ai_slop,low
SfufUTF7trE,art,noai_activism,high
3Dp8B0dOXpQ,general_neg,ai_slop,high
BfH59JkoI7Y,deepfake,misinfo_general,medium
9Ch4a6ffPZY,general_neg,ai_slop,high
IPitD1eYLiM,jobs,all_jobs_panic,high
J5ZmLvy_Jfg,general_neg,ai_slop,high
T23m4pPrYxw,jobs,white_collar_tech,high
YuxDtJmHGk4,art,other,high
qn6HvMBjILw,deepfake,misinfo_general,high
mulnfx1v274,general_neg,ai_slop,high
dT5IJExTUR4,art,noai_activism,high
A_lGb0T7XIw,art,noai_activism,high
YIMeWSj_fmE,art,noai_activism,high
VwCDL_liNIU,art,noai_activism,medium
yWfyWPwP9Z0,general_neg,ai_slop,high
YOQF9gNha-c,general_neg,ai_slop,medium
Z4jjPlaeLIE,jobs,layoffs_news,medium
JlSH8gXbd8I,general_neg,ai_slop,high
GS2SB6CNtuM,general_neg,ai_slop,high
jiWhCg9buP8,general_neg,ai_slop,high
f8Z1EmBmf40,surveillance,data_privacy,medium
vHSLSFoy39Y,general_neg,ai_slop,high
G2Gqonm55Ss,art,noai_activism,high
8g3Kpn50vGs,general_neg,ai_slop,high
SDitR3iSyVA,general_neg,ai_slop,high
nDL3Ch7Nz8c,jobs,layoffs_news,medium
iVE2ogxKE3s,jobs,all_jobs_panic,medium
w0CPiQ5VRWo,general_neg,ai_slop,high
-n0h7Fer32Q,general_neg,ai_slop,high
3b50waf_e8A,art,consent_training,high
5PacaVa3MAg,deepfake,misinfo_general,high
hKil2PgOiNI,art,noai_activism,high
_n2IEbFJDao,general_neg,ai_slop,high
Rf4Ybpqm-eQ,art,noai_activism,high
3mAW5swMOME,art,noai_activism,medium
7fRPluJnjyI,art,noai_activism,medium
3Y8S__Bjb2k,general_neg,ai_slop,high
n3F7-BCKIzQ,general_neg,ai_slop,high
0A2SP-QBByI,deepfake,scam_fraud,high
bMOvzq4P6Wo,art,other,high
YKvztGTPuiE,general_neg,ai_slop,high
KaQgdoLEB7k,general_neg,ai_slop,high
sTororpp3kU,general_neg,bubble_skepticism,high
6eSgPaETpz0,art,noai_activism,medium
yKtjxDiKR8Q,art,style_mimicry,high
ISTdpAGIqQk,general_neg,ai_slop,high
H1hyU9JMMDk,general_neg,ai_slop,high
vFV5uepTEFg,art,noai_activism,medium
VnIu3seQJbY,general_neg,product_degradation,medium
PyeR8lh3eRU,art,creative_job_loss,high
NStaZodug10,general_neg,ai_slop,high
FbWOwnLE7cU,art,noai_activism,high
qbi_ZnfSTBs,art,other,high
_-thcqzhpwk,deepfake,scam_fraud,high
QF2PYUPkvlo,general_neg,ai_slop,high
FRNX0q_5jck,art,consent_training,high
jQkAETsgVN4,art,noai_activism,medium
ja1S5tOBgTM,art,noai_activism,high
bdL9nUdc0uQ,general_neg,ai_slop,high
lsp0JYDEAaA,art,creative_job_loss,high
SRHDxLUybuE,jobs,white_collar_tech,high
gajL7fUfhVU,general_neg,ai_slop,high
QF0HirQfm90,art,noai_activism,medium
0OZPD-MWchY,general_neg,ai_slop,high
urXoYf3xjEI,art,noai_activism,high
nh6ynFBNEyA,general_neg,ai_slop,high
IukSFukBUAw,art,style_mimicry,medium
OrblPj51l6s,art,noai_activism,high
_EVcnCvPG8o,art,noai_activism,high
T92dGSU2afY,deepfake,misinfo_general,high
8Mrj5PVmeWI,art,noai_activism,medium
R0m4t1OoTr0,art,other,medium
6ZSjSqYcWzg,general_neg,ai_slop,high
I1dW-nZqhew,art,noai_activism,medium
YKnudMJDzv4,art,noai_activism,high
3j1dADeuTJY,jobs,other,high
9MooDKFTQv4,jobs,layoffs_news,high
4XfEzMIRQEc,art,noai_activism,medium
hxedp2gKmPg,general_neg,ai_slop,high
9KFhA2-vXlk,art,noai_activism,high
xcq5XYkFJfY,education,learning_harm,high
4b14ddDPVQ0,general_neg,other,medium
__RqyCrnk0A,art,style_mimicry,high
TqBV-6nRdU0,deepfake,misinfo_general,high
n4u5RiUQ4js,deepfake,misinfo_general,high
Lt-blHUFPGE,jobs,white_collar_tech,high
tTWU1tjimy8,art,style_mimicry,high
1mD24Kf72WY,art,noai_activism,high
G1wCaK39vx0,general_neg,ai_slop,high
Dgjyeaz73s4,jobs,personal_loss,high
JJLoLdyJ5-g,art,consent_training,medium
R_2YN1MungI,deepfake,misinfo_general,high
TtwWbQku8sk,general_neg,ai_slop,high
0Tiw7blVRZg,art,creative_job_loss,medium
fWKLLSPeAZA,art,other,high
C6L07VdZO4o,deepfake,misinfo_general,high
3cxWAdv4phA,art,consent_training,high
TgJm74ug5kQ,deepfake,misinfo_general,high
Ue_NIEMSCNU,deepfake,misinfo_general,medium
qKqrmS6dKDg,surveillance,other,high
uqcoTwPUSn4,general_neg,ai_slop,high
jorD9a5rvmM,deepfake,misinfo_general,high
1w-keLIdozQ,art,creative_job_loss,high
zhMp62XETj0,art,noai_activism,high
VQohe8j4zSc,art,noai_activism,high
y65z-ysB0e4,art,creative_job_loss,medium
lkF4SNfxq_k,art,style_mimicry,high
bdA4wpoT0_g,surveillance,tracking_spying,medium
okos5Uz6G1I,art,consent_training,medium
6-oZkL51ZTc,art,noai_activism,medium
AQiPGKEn7K4,jobs,personal_loss,high
ZVUWwE3r2YI,art,noai_activism,high
lLSTTzxBX8w,art,noai_activism,medium
8eVxIHM-f3Y,art,creative_job_loss,high
YP_gND0xPbs,art,noai_activism,high
8RcmHDnRHoA,general_neg,bubble_skepticism,high
xxa-CIKUzjs,general_neg,ai_slop,high
Tp8a9n0l0JI,general_neg,ai_slop,high
cFibRvgL2EI,deepfake,misinfo_general,medium
EUqfIp--_zE,general_neg,ai_slop,high
IOf1vjIhr6Y,jobs,other,high
nHrn_4ujjYo,general_neg,ai_slop,high
7_vwXXmOtsU,general_neg,ai_slop,high
AaHUHoQj9q4,general_neg,ai_slop,high
r3G1LX1ezws,art,style_mimicry,high
3bTEO9h4lxs,general_neg,ai_slop,high
10pjryz362c,general_neg,ai_slop,high
aoluLp93wgI,education,other,high
hXutjAJps3Q,general_neg,ai_slop,high
qHwcPR8gP00,art,style_mimicry,high
7tKAVq0tizo,art,noai_activism,medium
qcwtt-RKQpg,art,style_mimicry,high
yYe9YrdyJNQ,jobs,all_jobs_panic,medium
D47RX8WMSLs,art,consent_training,medium
mudCRQUb4YY,art,noai_activism,high
WLGu3OTaOmk,deepfake,misinfo_general,high
GPfmwbRPCHM,general_neg,bubble_skepticism,medium
njuvj0XSuTQ,art,noai_activism,medium
rojhNTz7ZxA,general_neg,ai_slop,high
X5iEFO9ufyI,general_neg,ai_slop,high
8DrU_oOHkJY,jobs,white_collar_tech,high
vVwoRaadEJI,art,other,high
ayhfAIKxwP8,art,noai_activism,high
QtZDkgzjmQI,art,music_voice_theft,high
gjjXXcfD2-E,education,learning_harm,high
EB0wi-wEpU0,art,other,medium
oRSyxADJkMI,general_neg,ai_slop,high
QO8VXljyJ-I,art,noai_activism,medium
Y2HmXTNNG4k,surveillance,other,medium
WEFC1wlYU0o,jobs,all_jobs_panic,high
Cedj8AKI2U8,deepfake,misinfo_general,high
SRIMu4g9ges,deepfake,misinfo_general,high
2kNSpwugHKM,art,noai_activism,high
QyIlxg3z2eQ,general_neg,ai_slop,high
DDRH4UBQesI,general_neg,ai_slop,high
jZBDwAzwWnU,deepfake,scam_fraud,high
L6qEQubXMwU,regulation,corporate_critique,medium
xqhz0wDsMEw,general_neg,ai_slop,high
Ekcw7h82cg4,general_neg,ai_slop,medium
EttbWJyiPnY,general_neg,ai_slop,high
3dstGVhEshU,general_neg,ai_slop,high
LHenElvP0l0,art,noai_activism,high
N_wGf6PAP5U,general_neg,bubble_skepticism,medium
k-nJIU0v70s,general_neg,ai_slop,high
p8t0nqbP6go,art,noai_activism,high
cNti7mDsO-k,environment,general_resource,low
4gt-FUy9mKY,general_neg,ai_slop,high
TwTgxMAkLdc,general_neg,ai_slop,high
TGHShtg3aqM,jobs,other,high
OSibGWIlbxI,general_neg,ai_slop,high
W6QYzGzOc8k,deepfake,scam_fraud,high
4ys3Z7_5nn8,art,noai_activism,high
soadzw_sceA,regulation,pro_regulation,high
0iT9HbaRwfM,art,noai_activism,high
GwluTXSakAg,general_neg,ai_slop,high
EmEwxBd3rP8,general_neg,ai_slop,high
vQJnb_efR50,general_neg,ai_slop,medium
GbeKTa5xhZo,art,style_mimicry,medium
4n7-GWIvcEc,general_neg,ai_slop,high
FFyc3rmaB9I,general_neg,ai_slop,medium
k8qA5Y77vn0,art,style_mimicry,high
s1Dzr5S06ek,jobs,other,high
eHoGyDdBmrI,deepfake,misinfo_general,medium
H1a8YEOlpeY,art,noai_activism,medium
CQjErQ2vp4k,art,other,high
yb8CS-tLvLE,art,consent_training,medium
e5F2ohSDSSU,environment,data_centers,high
W2ikKZqOjyE,general_neg,ai_slop,high
JQvhNtfyEJo,art,other,low
BIeRNCqgeW8,art,style_mimicry,high
4CIlTOnc6I8,jobs,white_collar_tech,high
1r9n-HsBQsE,jobs,white_collar_tech,high
h7bYF7ZW4fY,art,noai_activism,high
2JP7Eh7IHlg,art,noai_activism,medium
ZcqgNI0Iu9E,art,music_voice_theft,high
6hI9T4jnrSI,deepfake,misinfo_general,high
OpcU38BKsxU,art,creative_job_loss,high
Q2Ak8wX0AaQ,art,style_mimicry,high
GZ7N6mNs15s,xrisk,loss_of_control,low
2OMq3-LmxeQ,general_neg,ai_slop,high
0GKPXXMkD9o,deepfake,misinfo_general,high
RjfbvDXpFls,jobs,white_collar_tech,high
KQL705_Nr0I,jobs,all_jobs_panic,high
_jQvwIaHKl0,general_neg,ai_slop,high
5CKuiuc5cJM,xrisk,agi_superintelligence,high
xIVASI-MaGU,jobs,all_jobs_panic,high
8o5zOZ9L-vc,education,learning_harm,high
wGjGKmrl_zc,jobs,white_collar_tech,high
klK3mfDMkiA,jobs,white_collar_tech,high
fAHe3nrn-jk,jobs,all_jobs_panic,high
zD83dzyCAQQ,art,noai_activism,high
0pZcbl_veJg,jobs,all_jobs_panic,high
aZCKryvqF_U,education,school_bans,high
4CJKzQ5R2rU,art,noai_activism,high
QYgyAdoE6Zc,deepfake,misinfo_general,low
ZtNRIYGWl8c,jobs,white_collar_tech,high
5GLbEj6gMuY,jobs,all_jobs_panic,high
Nb9LV_LQEjQ,education,school_bans,high
H7DaZ4g3zZI,jobs,all_jobs_panic,high
g3669SN0Axk,education,learning_harm,high
tC7CEpCJiiM,education,school_bans,high
StwLQJkNfyE,jobs,all_jobs_panic,high
JMLsHI8aV0g,surveillance,state_corporate,high
0pkjvm-9W6o,jobs,all_jobs_panic,high
GxEe_lMUBVc,jobs,layoffs_news,high
qasecGkyA0g,education,school_bans,high
11sxky4vTcs,surveillance,tracking_spying,medium
lg42xT2bDSo,jobs,all_jobs_panic,high
xNUpU-i8iRA,education,school_bans,high
pbfCMzWERVo,regulation,pro_regulation,high
UXrAwpjcpsw,education,school_bans,high
8xTpV_fFGt4,regulation,safety_oversight,high
LJMLpF1fsLs,xrisk,loss_of_control,high
faHOURcveYE,deepfake,other,high
d_zcXaVVB7M,jobs,all_jobs_panic,high
4GSTgxf1VI0,education,learning_harm,high
EpyydjKJ8oY,regulation,corporate_critique,high
m_QE93bSfGM,jobs,other,high
F5yjN2tbT0M,education,school_bans,high
VigN-R6JQKI,education,school_bans,high
MAPlc_MRvtk,deepfake,misinfo_general,medium
HIJmMT7JKxY,education,school_bans,high
ADaGE-AgUn8,regulation,pro_regulation,high
oIJorgUMXBI,education,student_cheating,high
CXT9TbQ-HUM,education,other,high
QLIvWEmfRrI,education,learning_harm,high
59wXHUE84bY,education,school_bans,high
PSF-97lpEbU,deepfake,misinfo_general,medium
cXvAMF7-Ocg,deepfake,misinfo_general,medium
LnR5f6l1mK0,regulation,pro_regulation,high
n65vgi5j_vk,jobs,personal_loss,high
Er8WYoDjliU,deepfake,misinfo_general,high
OTwdrMAq-Fk,xrisk,loss_of_control,medium
UpjxQNHRVRs,surveillance,other,high
-ioinsijpdg,surveillance,state_corporate,medium
p5dIbCmwzWk,regulation,pro_regulation,high
j5UEjFLG_Rg,general_neg,ai_slop,high
G5dSbUB6WZY,surveillance,other,medium
BHol8DA2dJ0,deepfake,misinfo_general,high
nNxwD1zDdew,regulation,pro_regulation,high
PXcRrt-sWMU,regulation,pro_regulation,high
JnbEYS_2BqM,art,music_voice_theft,high
_zqrtAEHZjY,surveillance,state_corporate,medium
szrTHR_jjEw,deepfake,nonconsensual_imagery,high
zKVXNVnPCrQ,surveillance,facial_recognition,high
zoY_-aRmPoM,surveillance,state_corporate,high
m4puFNBRe-E,surveillance,tracking_spying,medium
wUvZPuCS_Dc,general_neg,product_degradation,high
9VPoxFxE76E,xrisk,agi_superintelligence,high
EvjrFIxM49k,surveillance,tracking_spying,high
ssrYS7dftJc,jobs,other,medium
pSlzEPnRlaY,xrisk,agi_superintelligence,high
BVTg-yJNRWk,art,noai_activism,medium
zQD2w-6fj28,environment,general_resource,low
aE-7vHwNV_g,education,other,high
UUjPhJnovRs,general_neg,ai_slop,high
7PrLMQ0Gauk,art,consent_training,high
hG2DK5dFELc,education,student_cheating,high
ZNMdQMNUfNU,jobs,white_collar_tech,medium
DTlzvhNb_qY,general_neg,bubble_skepticism,high
OiSsRNM85Yc,general_neg,product_degradation,high
DmzAFDKl89U,art,consent_training,high
JYct_rq9OF0,general_neg,product_degradation,high
hmspj7UHONo,art,style_mimicry,medium
xI9B9iF2xQE,xrisk,loss_of_control,medium
ZGyh5uoUAmY,general_neg,product_degradation,high
Yr5roYJay_4,jobs,other,medium
bWog87FPZOA,general_neg,product_degradation,high
-pe2uyfbMUQ,surveillance,data_privacy,high
UfSm1-3Gsuk,art,noai_activism,high
g6_e5Mj7Hzw,education,learning_harm,high
-hosqIejBv0,art,noai_activism,medium
sXbaHup5FgI,art,noai_activism,high
73F6ZURl1MQ,jobs,white_collar_tech,medium
H8CrbcUw27E,surveillance,data_privacy,medium
wsonfGEPhww,general_neg,bubble_skepticism,high
aRPY0ctBCzM,art,consent_training,high
MSN3wmLw-Gs,art,noai_activism,high
vQGzPPXEWg8,art,noai_activism,medium
g4Wx7D4KSN4,art,other,high
BJMKBYtvhcY,art,noai_activism,high
lxphy3kMYa4,art,consent_training,high
FgQNZNCoaHo,art,consent_training,high
IR7N535P6a8,art,style_mimicry,medium
mb3uK-_QkOo,art,noai_activism,high
ngRcptQHbfc,art,noai_activism,high
sjrwHaaSnBQ,art,creative_job_loss,high
LyfnSaLpgHo,art,noai_activism,high
59j9zIYsBXc,art,noai_activism,medium
v5YlreKsUGY,art,noai_activism,medium
iheUApq1dqc,art,consent_training,medium
dhFZkbwTrQs,art,style_mimicry,high
FEuGUJ43oG0,art,noai_activism,high
pYACOHYidXY,art,noai_activism,high
6qyGzFA6hOU,art,creative_job_loss,high
Aoovfkld6nE,art,consent_training,high
PhYMSCpq0QQ,art,noai_activism,medium
lctjRhK60hk,art,noai_activism,high
pL9PaMZbbRM,art,style_mimicry,high
h1gn5y8-hx8,art,creative_job_loss,high
nIRbN52PA0o,art,other,high
VvT_5j4Xky4,art,creative_job_loss,high
50UdU8n0rhA,education,learning_harm,high
EHjImV_XRe8,art,creative_job_loss,high
1L3DaREo1sQ,art,noai_activism,high
usEkSlT-SYA,jobs,white_collar_tech,medium
ETxrnYLcdhg,art,consent_training,high
dZjtV53msYU,art,other,high
8iiODJoALPY,art,style_mimicry,medium
ZFitkz5VJvI,art,consent_training,high
Jbu6Z-doewY,art,consent_training,high
xsdgofVdsbU,art,noai_activism,medium
MxeMe3GFdUE,art,style_mimicry,high
dTR_k8ueAL0,art,consent_training,high
FeXeXHT229Y,art,noai_activism,high
fkCSH4md5UE,art,creative_job_loss,medium
tmo1-oNJXec,art,style_mimicry,high
Dd4JKGMAklU,art,noai_activism,high
jqJqj_OJQF8,art,style_mimicry,high
7jatjz80wD4,art,noai_activism,high
2lahzALh4Ak,art,creative_job_loss,high
Xxui8MoUJ5k,art,style_mimicry,medium
vEuKaSR_YWU,art,creative_job_loss,high
_jVdYA10Iz0,art,style_mimicry,high
Ffih6jsOJaY,art,style_mimicry,high
x8sVsg28VBk,art,style_mimicry,high
O4V3mBT4JEs,art,creative_job_loss,high
xsMpYXbVeog,art,other,low
RVMiXFsJzcQ,art,noai_activism,high
IKG_ng_xqLc,art,noai_activism,high
xgGv8bSiHXM,art,noai_activism,medium
DTqlSunIolI,art,noai_activism,high
RNiYtGjFo-Y,art,noai_activism,high
EsLkeyQ9JBk,art,style_mimicry,medium
05faq9bExbQ,art,noai_activism,low
AXxzs1s45Zg,art,noai_activism,high
vzjC9jR2IVo,art,noai_activism,high
guopIPB8Ee4,art,noai_activism,high
7CF2kZ0zfe8,art,noai_activism,high
4G-wruQ4TUo,art,noai_activism,high
zs9Kp_XgITs,art,noai_activism,high
Essae3SWrF4,art,noai_activism,high
BbOp-g276C4,art,noai_activism,medium
SgxPEtVqCNo,art,style_mimicry,medium
ViGMZCIq71Y,art,noai_activism,high
z8fFM6kjZUk,art,noai_activism,medium
Am0HX6pY6t0,art,creative_job_loss,high
-BI-0-8vqwI,jobs,white_collar_tech,medium
fRthJgwj5x8,art,style_mimicry,medium
yDecu_jNpZI,art,consent_training,high
EqmvqrdHaSc,art,style_mimicry,medium
jvJQjsLzq0Y,art,noai_activism,high
LCW77bdeLmo,art,noai_activism,high
5tsjHvuDOuo,art,style_mimicry,medium
fNzK4esZ-0w,art,noai_activism,high
ILn-nOuuDQA,art,noai_activism,high
N40XrUz6v8E,art,noai_activism,medium
VLgI7-7a4Ws,art,style_mimicry,high
cP20b1BNvzQ,art,style_mimicry,high
y329MwY04OY,art,noai_activism,medium
0ccFq7w1yE8,art,style_mimicry,medium
HCEoUkeoDOY,art,noai_activism,high
alHPEMr11dg,art,noai_activism,high
7lOl7zjCJss,art,style_mimicry,medium
RhAtpeLlq6g,art,style_mimicry,medium
861rjrSS9c4,art,noai_activism,high
svsTKrdSd7s,art,noai_activism,high
6de1hPp_IrI,environment,electricity_grid,high
DpULxMQ0Nkg,environment,electricity_grid,high
w-v5slZPmAw,art,style_mimicry,high
h8yK4Cjs0gA,art,noai_activism,high
on1GSyvxYy0,art,style_mimicry,high
nZNxAQf2NNU,environment,electricity_grid,high
Sjnr_tLLKQ0,art,noai_activism,medium
QWoSlaN9G7A,art,music_voice_theft,high
MiJiVVB7_1U,environment,electricity_grid,high
foiQHHzAPng,environment,data_centers,high
uGc5K5dcDVY,environment,electricity_grid,high
Vn0Utb8wkR4,xrisk,loss_of_control,high
1vA2W_11OpA,regulation,corporate_critique,high
1p8RIMJON4w,environment,electricity_grid,high
tN7Kp1d1q2w,art,style_mimicry,medium
DGjj7wDYaiI,environment,data_centers,high
golizhT281E,environment,electricity_grid,high
E8sEYHtFMHE,environment,electricity_grid,high
GH-gue2IVBc,environment,electricity_grid,high
e-KQ6VDR7ds,environment,electricity_grid,high
UUbiVA-8fkc,environment,electricity_grid,high
SzWVtxK5_OA,environment,electricity_grid,high
hELo7s9CojU,environment,electricity_grid,high
i3CA9osjYPo,environment,electricity_grid,high
YG62wFL7wg4,environment,electricity_grid,high
OaLIqqBfelU,environment,electricity_grid,high
9ujGj7YD_Uc,environment,electricity_grid,high
ZP5DknyZkEc,xrisk,loss_of_control,low
kgHIxKz4W5E,environment,electricity_grid,high
iVGTGpKpykM,environment,electricity_grid,high
uewc0A6VGko,environment,electricity_grid,high
iLmYLVkuscg,environment,electricity_grid,high
KgNQQHGIIQg,environment,electricity_grid,high
MZ31PB3m_m8,environment,electricity_grid,high
BTKN_skkgv8,environment,electricity_grid,high
FEDpD5hNYyk,environment,electricity_grid,high
KqMabLFz_m4,environment,electricity_grid,high
tFEpwp71Ics,environment,electricity_grid,high
xk4VIvgLlJA,environment,water_usage,high
lBrzTPdFvxA,environment,electricity_grid,high
xr3wXf8YOeo,environment,electricity_grid,high
YViieGtX71Y,environment,electricity_grid,high
Hnn1TbQpd8I,surveillance,state_corporate,high
VtxUD-ozCsw,environment,electricity_grid,high
3kpeik44MTI,environment,electricity_grid,high
IDuRUW-c0hg,environment,electricity_grid,high
vYyL9MIdFZI,environment,electricity_grid,high
flbBshI79lA,environment,electricity_grid,high
Y8tQB3ouXzM,environment,electricity_grid,high
CBR0cxXfeKA,environment,electricity_grid,high
NoMsxohaqWI,environment,electricity_grid,high
qk71RxoMads,environment,electricity_grid,high
ju9v4jERpCc,environment,electricity_grid,high
rQyC7RmTGhU,environment,electricity_grid,high
n8m1BCzvGCA,environment,electricity_grid,high
OC8ieMqPZOA,environment,electricity_grid,high
z2XB8vlZgnA,environment,electricity_grid,high
jAfGUUAvGBA,environment,electricity_grid,high
Sqa8Zo2XWc4,regulation,pro_regulation,medium
VeG2DK7_aJ0,environment,electricity_grid,high
lN-JNsJFVm8,environment,electricity_grid,high
psNLAoVYZnQ,environment,electricity_grid,high
NKv0FkTA4Ag,environment,electricity_grid,high
PEc1HUFpQLs,environment,electricity_grid,high
Gp9Ye_XRw8g,environment,data_centers,high
rUxsCOytKbc,environment,electricity_grid,high
L3QNeVRlth8,environment,electricity_grid,high
T0QgvkTtaK0,environment,electricity_grid,high
Ln2Ynyvzu1g,jobs,all_jobs_panic,high
s4nt9EH8E50,environment,electricity_grid,high
tbxjl7cQXPY,environment,electricity_grid,high
UtKtadcFjWI,jobs,white_collar_tech,high
WnEeR8DTwiA,jobs,personal_loss,high
l2MtvJjx4OE,jobs,personal_loss,high
egiODIavZXw,jobs,personal_loss,high
ZJS6_7w1mOA,environment,electricity_grid,high
-xUmt9rHPnk,jobs,personal_loss,high
gqfQpo_J-8A,jobs,personal_loss,high
P3twaSpcHqw,jobs,other,high
4RPr_xp8bS0,jobs,all_jobs_panic,medium
7GtI1atvPSw,art,noai_activism,high
8UVrv9EWQWU,environment,electricity_grid,high
MedmkdGEa3c,jobs,personal_loss,high
fBnHxgHJfD8,jobs,personal_loss,medium
ioxoA0zkBUo,art,noai_activism,high
HrTIgMZlXak,jobs,personal_loss,high
_ZO9YyIYqQI,art,style_mimicry,medium
SUFQ7vUNODY,general_neg,hate_quit,medium
VgLIaqNrhDQ,jobs,personal_loss,high
PeTXLIL1gvQ,jobs,white_collar_tech,high
QhW4ZSz3Y4s,jobs,other,high
4fGhMCUaMsM,jobs,personal_loss,high
E1LRim9P9Yk,jobs,personal_loss,high
s-ZHh9zF45c,art,noai_activism,high
SNY9-b0UtA8,jobs,all_jobs_panic,high
kVd1Q1FA0qE,jobs,personal_loss,high
DYzCVjbrNy0,jobs,personal_loss,high
tAXqDu8xcHE,jobs,personal_loss,high
uMYf26gKb_8,art,noai_activism,high
QPcAOiy2PNw,jobs,personal_loss,high
R6y6v28y1xE,jobs,white_collar_tech,medium
hZqsTQ7RLbY,jobs,personal_loss,high
gENQiYRHu9g,jobs,personal_loss,medium
yEum5doC_6A,jobs,white_collar_tech,high
SlHDTKoYZ9s,jobs,personal_loss,high
8iThEpUa_UE,jobs,personal_loss,high
SqYRjy1B-9g,jobs,personal_loss,medium
0T6lxT27wg4,jobs,personal_loss,high
-ldTrPQTWGA,jobs,personal_loss,medium
DA1hVMa11tk,jobs,white_collar_tech,high
zB1QZAtRPZ4,art,creative_job_loss,high
2BzGr_0mwB0,jobs,white_collar_tech,high
YgqdVcOkSn8,jobs,other,low
07tr6ziayvE,jobs,all_jobs_panic,high
2saT1R2fTXQ,jobs,personal_loss,high
3ZAnYODnZAc,xrisk,loss_of_control,high
0YSOqwzZgUU,jobs,personal_loss,medium
RPlprmBxhOY,jobs,personal_loss,high
M2xXcUNI0_4,jobs,personal_loss,high
cMG_8hyDJAg,art,creative_job_loss,high
3f-Aaa84sOg,jobs,personal_loss,high
1IuZVszTQcQ,jobs,personal_loss,high
w1VuztP7QBk,jobs,other,medium
TUDj1PgCKyQ,jobs,personal_loss,high
Ef-6SStR8LA,art,noai_activism,high
l2kuh99kF18,jobs,all_jobs_panic,medium
0lGBW3v0v4s,jobs,all_jobs_panic,high
2FaCADzpqYI,jobs,other,high
dop3JG_d2Cw,jobs,personal_loss,high
0eztQIcPh4c,surveillance,state_corporate,low
yftBiNu0ZNU,deepfake,misinfo_general,medium
1xPEjPR81PY,jobs,all_jobs_panic,medium
kPfJZHgzQPw,jobs,personal_loss,high
_YAwInjgI2k,environment,carbon_climate,high
v3Q_uC5P1hE,environment,carbon_climate,high
-ty5_w3n7FM,environment,carbon_climate,high
2fITSu_CViU,environment,carbon_climate,high
2Z6Sv_ZldMM,environment,electricity_grid,high
Jnu65eZVjhI,environment,electricity_grid,high
eq1c3FrYZvM,environment,carbon_climate,high
4_YB3SQtUB0,environment,carbon_climate,high
-WeZxSyJxcE,environment,electricity_grid,high
fBPystghMyk,environment,carbon_climate,high
4cmUk2G2qns,environment,carbon_climate,high
SkWzwoDIGmE,environment,electricity_grid,high
l_U2iKJKXGE,environment,carbon_climate,high
4xhu0kAsSA0,environment,general_resource,high
YiJYEQxLqOk,environment,electricity_grid,high
EYB-qYTjYac,xrisk,loss_of_control,high
kAs2mwfNE9I,environment,electricity_grid,high
6UmjwQ0pYn0,environment,electricity_grid,high
PRtIJqz99Qw,environment,electricity_grid,high
gRe9Oj-67JM,environment,carbon_climate,high
Z7VS9ysEPpU,jobs,personal_loss,medium
SsSQEenVlis,environment,carbon_climate,high
fRLy5GiGx84,environment,carbon_climate,high
TRpsoyLgM9A,environment,carbon_climate,medium
XWUAZR7D56I,environment,carbon_climate,high
l03nQxfodOU,environment,carbon_climate,high
o9HjkBIDkjY,environment,carbon_climate,high
uhy6PSNZVds,environment,carbon_climate,high
LPc9CoCnLdc,environment,carbon_climate,high
YGfJeH5HRDQ,environment,electricity_grid,high
q78KYBps-zY,environment,carbon_climate,high
amZs3ltZ5uw,environment,electricity_grid,high
_TqcT5y7Jsw,environment,carbon_climate,high
_ASLGBf9yzw,environment,carbon_climate,high
qVnhusRa_7k,environment,electricity_grid,high
pzzKLqFHzN0,environment,electricity_grid,high
0mrj8c5YFPI,environment,carbon_climate,high
d9HsCAmuDAQ,environment,carbon_climate,high
-dUi4aTdIFI,environment,carbon_climate,high
N-ltQUs9GeA,environment,carbon_climate,high
WrrFrJYSlUg,environment,carbon_climate,high
zK6w2c3AVnk,environment,carbon_climate,high
ib19xqEEwXA,environment,carbon_climate,high
vxIDbqxgNFA,environment,carbon_climate,high
dBU1BNA8lg8,environment,carbon_climate,high
sUCLZbV5ND4,environment,data_centers,high
gr5CG-DZz3w,environment,electricity_grid,high
Kv7EOnBtZcY,environment,carbon_climate,high
eJhuf0_nNN0,environment,data_centers,high
D1rVcKlDuAQ,environment,carbon_climate,high
kcssLagvEWk,environment,electricity_grid,high
QZbnTZ5aYFQ,environment,carbon_climate,high
mghCgtGBR2Q,environment,electricity_grid,high
YSjJeIhtF38,education,other,high
-xSPvfEZuno,environment,data_centers,high
ssPg64MzxDg,environment,carbon_climate,high
Vec0V0XF1vU,environment,carbon_climate,high
uo8cuwd0GlA,environment,carbon_climate,high
RjHEW3hOE4Q,environment,water_usage,high
cELxLXUxj9k,environment,carbon_climate,high
2AjNBXxYbuM,environment,carbon_climate,high
6PSw6afjov0,environment,carbon_climate,high
KnGoCKDZBfc,environment,data_centers,high
v6mUTnXEjYw,environment,carbon_climate,high
q0ENATQb7sI,environment,electricity_grid,high
BUTpaiyLC-8,environment,electricity_grid,high
s0-JJxMLyag,environment,carbon_climate,high
yNkUsJx4g7k,environment,carbon_climate,high
fIxwMX725vU,environment,carbon_climate,high
t6NqETfGMKw,environment,carbon_climate,high
Nwc7GmVmoso,environment,carbon_climate,high
F8KcuNiI0pA,environment,carbon_climate,high
aA7e1mmkpqI,environment,carbon_climate,high
i_oKIo9SKcI,environment,carbon_climate,high
eSSdSkDdUi8,environment,carbon_climate,high
svmOd0Ej4VE,environment,carbon_climate,medium
hH8glH_TKNM,environment,electricity_grid,high
az-NYQ94mvY,environment,carbon_climate,high
eJYKrB8xprk,environment,electricity_grid,high
-_lGvKgcP78,environment,general_resource,high
oILYkZjlUGA,environment,carbon_climate,high
fSlHI6nbSFA,environment,carbon_climate,high
vWGUDHYErM8,environment,carbon_climate,high
QhUQt_2RwAQ,environment,carbon_climate,high
Afs2prxqDBs,environment,electricity_grid,high
wn2TwhGOGvI,environment,carbon_climate,high
cWzb3_9hR9o,environment,carbon_climate,high
LeoTI27FWuE,environment,carbon_climate,high
FtuTFQS1vYw,environment,carbon_climate,high
cDwM0DFoyoU,environment,carbon_climate,high
v2BdtLo1GY8,environment,electricity_grid,high
wZHYgKvgJY0,environment,data_centers,high
cZ9IJUAY3ms,environment,carbon_climate,high
2dCQS1jAbUo,environment,carbon_climate,high
2-mERmeTAE4,environment,electricity_grid,high
CuIroPWc2_M,environment,electricity_grid,high
dOveSuiYeXg,environment,data_centers,high
zgah0ZoHWUs,environment,water_usage,high
fjNacsyp28s,environment,electricity_grid,high
4scRmT98WZo,environment,general_resource,high
ArIti25FgFw,environment,carbon_climate,high
i4v9pATAZA0,environment,carbon_climate,high
ZiTTAaJq2gk,environment,electricity_grid,high
j-Sq0bJ6TU8,environment,carbon_climate,high
gGVJPKkRPu8,environment,water_usage,high
WLwwKjgRd7c,environment,electricity_grid,high
wgfjy5yDkY0,environment,carbon_climate,high
ixqCa-MxXM0,environment,carbon_climate,high
BYNZc-I09Q4,environment,carbon_climate,high
3zV9h7z3QPY,environment,carbon_climate,high
oaJEllAGquU,environment,electricity_grid,high
aJBdEVQNBTk,environment,general_resource,high
0dGlSZZYh2o,jobs,all_jobs_panic,low
b8wG7-A0FfY,environment,carbon_climate,high
hdbrVBKN1mc,environment,carbon_climate,high
DagPSLimU04,environment,carbon_climate,high
vlf8QqgQBt4,environment,electricity_grid,high
rHhhUAMHbpw,environment,carbon_climate,high
UMqQiZic6AU,environment,carbon_climate,high
HxB729gUNV0,environment,carbon_climate,high
EOR-u613OOg,environment,carbon_climate,high
UAyin_Xkvcs,environment,carbon_climate,high
RaM_UF1vzdc,environment,carbon_climate,medium
XdQOFY-EsSE,environment,carbon_climate,medium
YLSLm1iOkYk,environment,carbon_climate,high
erm3Uu23CYc,environment,water_usage,high
HKdL9NATKc8,environment,water_usage,high
bi6iADK2324,environment,water_usage,high
Ar99cfqPrNA,environment,water_usage,high
vXT3AbQGBe4,environment,water_usage,high
L2q9s0-0658,environment,water_usage,high
aHbKHeYK0fI,environment,carbon_climate,high
Ud9OdTMNy9w,environment,water_usage,high
9n_bC5vwXPQ,environment,water_usage,high
-3nymPrOwNI,environment,water_usage,high
iBJml5-hFOo,environment,water_usage,high
8MLbOulrLA0,xrisk,loss_of_control,medium
iZ4WnCavOIg,environment,water_usage,high
86n0TyGDkq8,environment,water_usage,high
SGHk3zE5xh4,environment,water_usage,high
eJJA5lqX-Hk,environment,water_usage,high
ZuMyoCjjQK0,environment,water_usage,high
AIienfVMStw,environment,water_usage,high
ukLLprA--iE,environment,water_usage,high
DgjmruNs_JQ,environment,water_usage,high
byBgTPNZQvE,environment,water_usage,high
9_3u5CBH6Ao,environment,data_centers,high
5D8NQh0hh1I,environment,water_usage,high
sq0mBjvVcX0,environment,water_usage,high
VaFDLkFq2Rw,environment,water_usage,high
Z4ewHqOu33w,environment,water_usage,high
sRtg-5TIItE,environment,water_usage,high
BTYoD8GP7e0,environment,water_usage,high
hki2F9hE9cM,environment,water_usage,high
-sNKfRq1oKg,environment,carbon_climate,high
nR-InPEPmEU,environment,water_usage,high
w3Ye79PJM88,environment,water_usage,high
ac31bBLr1Fs,environment,water_usage,high
IdzhLxOYxy8,environment,water_usage,high
jNAki2C4mgg,environment,water_usage,high
HeChenXJRcY,environment,water_usage,high
9pAt1W_onS0,environment,water_usage,high
fpXP39WZZWU,environment,water_usage,high
GsnrxOV17uw,environment,water_usage,high
vHVjBi7SDto,environment,water_usage,high
Jxq8VGKUSGQ,environment,water_usage,high
Vqvb3G8hJiI,environment,water_usage,high
de5oIgsEIi4,environment,water_usage,high
MsM9sCp8z0A,environment,water_usage,high
_mJLTOs5i44,environment,water_usage,high
SxhHCv2RRiM,environment,data_centers,high
c0o1jOgflZw,environment,water_usage,high
kh7A0fPb5xU,environment,water_usage,high
T26ucwOT_6o,environment,water_usage,high
s67L2otHw0I,environment,water_usage,high
mV6lIN6jIEk,environment,water_usage,high
Pex35gsof_0,environment,water_usage,high
cl1ctf1_JxE,environment,water_usage,high
jshyfdpP2G0,environment,water_usage,high
aIP3RvAZr6o,environment,water_usage,high
Ho7yc-gDcd0,environment,data_centers,high
BGSiw-SAzSk,environment,water_usage,high
7G2BQY4Ua1s,environment,water_usage,high
TKE8bBwCrdc,environment,water_usage,high
tsNOW3PyZYs,environment,water_usage,high
g2aOoiyZqKw,environment,water_usage,high
oX__219Hr-4,environment,water_usage,high
1EKtQWKVNRA,environment,water_usage,high
MJQIQJYxey4,environment,electricity_grid,high
UZWwsOTUUG4,environment,water_usage,high
jgSU_nYpfvg,environment,water_usage,medium
jxDMX-5dBd0,environment,water_usage,high
35No3jcFHIg,environment,water_usage,high
xAnZbE_bSdc,environment,electricity_grid,high
aDviHT_atTY,environment,water_usage,high
tJYSzc7YkY0,environment,water_usage,high
sMFoaxuGx_U,environment,water_usage,high
GTJ7FN3iM7c,environment,carbon_climate,high
CiPfxBvomYI,environment,water_usage,high
E3szMFWJp9c,environment,water_usage,high
jjkaYyysYhA,environment,water_usage,high
UJtDvxViAKU,environment,water_usage,high
-lzQxbcrscc,environment,water_usage,high
GE9yqZGfsA4,environment,water_usage,high
4NMkOiTuv3M,environment,water_usage,high
cAtqsmsVEGY,environment,water_usage,high
squ7FLUS32s,environment,water_usage,high
P17CM1NzCf4,environment,water_usage,high
qzbkmxKAYGs,environment,water_usage,high
YzfcaoM5XrQ,environment,water_usage,high
EhX3Dv1_hoo,environment,water_usage,high
FsigIPFZr7k,environment,water_usage,high
PZZJQKpw8GY,environment,water_usage,high
lnrIANS0-64,environment,water_usage,high
l2KAMXPN11A,environment,water_usage,high
sW67BrNj7fE,environment,electricity_grid,high
dOOAM1yN768,environment,water_usage,high
EPTDJejVngM,environment,water_usage,high
GAEgKWXHZHg,environment,water_usage,high
6RymNd7l-i4,environment,data_centers,high
ksvpWehUb1A,environment,water_usage,high
ulnt4PaY-ZE,environment,water_usage,high
mcAE7Xy-VvA,environment,water_usage,high
Rk0dY7K7lQk,general_neg,ai_slop,high
axZ-KqZuKbY,environment,water_usage,high
upjC5o5hlVQ,environment,water_usage,high
RT8-GlA_rkM,environment,water_usage,high
ipPwt1hyvV0,environment,water_usage,high
fgrVXraE5Mg,environment,electricity_grid,high
rNq5JqqIx2I,environment,water_usage,high
9zD8BaQWnhw,environment,water_usage,high
m6pxAD2J2mg,environment,water_usage,high
nBL2Dg3cRK4,environment,water_usage,high
NybA5HcrG2c,environment,carbon_climate,high
VkGZ0PJ8jSU,environment,water_usage,high
4LahepRe5SY,environment,general_resource,high
kb-FwgMWwXg,environment,carbon_climate,medium
h6JHceQmPj4,xrisk,extinction_doom,medium
wvGsP7TjZ_8,environment,electricity_grid,high
tSBYWGG92No,environment,water_usage,high
fG8AzP6J07M,environment,general_resource,high
31L1YGbF29Q,environment,carbon_climate,high
ZAk_3q_XQN8,environment,carbon_climate,high
S57P4l8KCPE,environment,electricity_grid,high
eVAOUhX1wFg,environment,water_usage,high
W9sUVZa-7Xc,environment,electricity_grid,high
KxEvK1xh7RM,environment,carbon_climate,high
GLs5VR3YQ0A,environment,electricity_grid,high
NH5t8veIpUA,environment,electricity_grid,high
24Zl8URs70s,environment,carbon_climate,high
LSdXLvuK9Wo,environment,electricity_grid,high
R9CCAXVWo5Q,environment,general_resource,medium
ITKN4L4EtE0,xrisk,agi_superintelligence,high
VOezW-b_mD8,environment,carbon_climate,high
tSSoArmKtO8,surveillance,data_privacy,high
UXxyCBimRyM,surveillance,tracking_spying,high
9aBNIekp4qY,environment,general_resource,high
OiXTg2tBNhU,environment,water_usage,high
HSGEFnqi_78,environment,carbon_climate,high
w73oSJf_3MQ,environment,electricity_grid,high
BwmHQ-SvmPA,environment,carbon_climate,high
0YsffuJvR1E,environment,carbon_climate,medium
ZmRT7e25Kxg,environment,carbon_climate,medium
Ia-DoPgV4x4,xrisk,loss_of_control,medium
PggihJAztLM,environment,electricity_grid,high
FLUyLqGlW2s,environment,carbon_climate,high
aExPfq4PAM0,environment,electricity_grid,medium
v4pwhlf1CV4,environment,water_usage,high
m8Q2aZNXCLA,environment,carbon_climate,medium
oHmbBKL08z4,environment,electricity_grid,high
6sJ50Ybp44I,education,learning_harm,high
kDoCXZEaF5A,environment,data_centers,high
QrhS0G7GTy0,environment,carbon_climate,high
ARF2EhIML54,environment,general_resource,high
py0XpKxAnNU,environment,electricity_grid,high
XTDvIzygglY,environment,carbon_climate,high
MSxKPJ1kjwY,jobs,all_jobs_panic,high
P11sRvbuBDI,environment,carbon_climate,high
7-Xin3C9Rno,environment,carbon_climate,medium
Hl92RKe7EFQ,environment,carbon_climate,high
5FuxNr90T8o,education,learning_harm,high
sPMUc4CZPFk,jobs,all_jobs_panic,high
ChX_ms5Nhm0,environment,electricity_grid,high
0WpiHh5tMr0,environment,carbon_climate,medium
AJCvNuPhSbY,environment,electricity_grid,high
jWyF6iC4g8Q,jobs,all_jobs_panic,high
oV9o6OsA8BY,jobs,all_jobs_panic,high
dCHywZFade4,jobs,layoffs_news,high
1J1HVHp31bc,jobs,all_jobs_panic,high
SD0_yJM7beA,jobs,all_jobs_panic,medium
zRlIFn0ZIlU,xrisk,other,high
Nedoszr8Itc,jobs,layoffs_news,medium
sb5glj61LsA,jobs,layoffs_news,high
smB26TPAmUo,jobs,all_jobs_panic,high
xKLBL-XUuR4,jobs,all_jobs_panic,high
jNWcWF8j7Sw,jobs,all_jobs_panic,high
aWz3ak0cqWQ,jobs,layoffs_news,high
xihrhYh7ifo,jobs,layoffs_news,high
oqit580ab90,deepfake,scam_fraud,high
t4_FLrA-X9c,jobs,personal_loss,high
s4jnIKNNWBc,jobs,all_jobs_panic,high
XCbeEJvmA7c,jobs,all_jobs_panic,high
YveS9BsFP9w,jobs,all_jobs_panic,high
I4MNlnoPHNQ,jobs,layoffs_news,high
hlxRsHH9K6g,jobs,all_jobs_panic,high
kp8iV5uo1dI,xrisk,other,high
ulTX_HdWfDw,jobs,all_jobs_panic,high
608NpA7TA04,jobs,white_collar_tech,high
W4tqbEmplug,education,learning_harm,high
U9uo5_JLfyk,jobs,all_jobs_panic,high
bCImeS_DZL0,jobs,layoffs_news,high
QU1xCplVSAY,jobs,all_jobs_panic,high
at8l0aJmWJs,jobs,white_collar_tech,high
KhUzwmK64Ck,jobs,all_jobs_panic,high
by8OLQ1ZjYI,jobs,all_jobs_panic,high
zOuBz3lsUr4,jobs,all_jobs_panic,high
-dQrTvuKsSM,jobs,layoffs_news,high
1wS3LHlCuqY,jobs,all_jobs_panic,high
MGS4IB-uH0g,jobs,all_jobs_panic,high
Xxjv1eqkeyw,jobs,all_jobs_panic,high
h_oNqNje45M,jobs,layoffs_news,high
MRgxAHtzwOQ,jobs,all_jobs_panic,high
toE56X2h0wk,jobs,all_jobs_panic,high
HUBM04otU5Y,jobs,personal_loss,high
_cQBskn_LFA,general_neg,bubble_skepticism,medium
NxxcdXBoV4k,jobs,all_jobs_panic,high
s8Cx5A4Q87A,surveillance,state_corporate,high
yviuSqFUcRw,jobs,layoffs_news,high
E9nEtS73Frw,jobs,all_jobs_panic,high
yqRUhSFO0uo,jobs,all_jobs_panic,high
GufmncJt69w,jobs,all_jobs_panic,high
uhWCnBiZNX8,jobs,all_jobs_panic,medium
DBuuh-zEYOY,jobs,all_jobs_panic,medium
yTBanmpp-ec,jobs,white_collar_tech,high
mAZT1qZQGvc,jobs,all_jobs_panic,high
68ylaeBbdsg,xrisk,agi_superintelligence,high
L--dR1BP_Tk,xrisk,agi_superintelligence,high
4meqRtKHco0,jobs,all_jobs_panic,high
BXwKyG6fpg4,jobs,all_jobs_panic,high
tRbu4EFLs5c,jobs,personal_loss,high
lysZdGF2Rvg,jobs,white_collar_tech,high
vtgG6htJ9j4,jobs,layoffs_news,high
z7Tu3xz_PNw,jobs,all_jobs_panic,medium
QHSzmzE0xSs,jobs,personal_loss,medium
Hz--1sDDSHQ,jobs,all_jobs_panic,high
YrvF7Dy25uo,jobs,all_jobs_panic,high
V7dFjr5ANPg,xrisk,loss_of_control,high
QJRRSA56zHU,jobs,all_jobs_panic,high
8OJhPxehEi0,jobs,all_jobs_panic,medium
4lGH41ZNDfQ,jobs,all_jobs_panic,high
2LtMvEI0Qyk,jobs,all_jobs_panic,high
Y5A_c4pvo7I,jobs,all_jobs_panic,high
BO51n9hbgos,jobs,all_jobs_panic,high
_9XaT-PSdhU,jobs,layoffs_news,high
Aj_skx7jJxI,jobs,all_jobs_panic,high
E97zCQD-LMI,jobs,all_jobs_panic,high
OgTh29ls60I,jobs,all_jobs_panic,high
cXfQFFsijkI,jobs,all_jobs_panic,high
5qsmqBrX35U,jobs,all_jobs_panic,high
GQAKSDKHd6s,jobs,all_jobs_panic,high
H3nvqPxkPgI,jobs,white_collar_tech,high
V8n-s74EsRk,jobs,layoffs_news,high
HAhiZ2VrCdI,jobs,layoffs_news,high
V_FB7kELxuw,jobs,all_jobs_panic,high
ZE7WXDAIwaE,jobs,all_jobs_panic,high
29dygdTa5go,jobs,all_jobs_panic,high
eZJeT3-8wfY,jobs,all_jobs_panic,high
e1Hf-o1SzL4,xrisk,loss_of_control,high
ur295T83Wg4,jobs,all_jobs_panic,high
x0Zikc7nvic,jobs,all_jobs_panic,high
4mhoWORI3_M,jobs,all_jobs_panic,high
B2DQcf_L3As,jobs,personal_loss,high
q7_uRQZfDn0,jobs,white_collar_tech,high
REL_u5Ux484,jobs,all_jobs_panic,high
e1Js9gmGF4M,jobs,white_collar_tech,high
ZUYZHVdYF2Q,jobs,all_jobs_panic,high
fdl55HHH5go,surveillance,state_corporate,medium
6eMiciQUmWI,jobs,white_collar_tech,high
BP2jrzv2MnU,xrisk,loss_of_control,high
p3ra1W_0CTw,jobs,all_jobs_panic,high
f_pnN4k_TzU,jobs,personal_loss,high
vo65oDvauhs,jobs,layoffs_news,high
OxNXgA8xGWA,jobs,layoffs_news,high
U13qhkvxyY0,jobs,white_collar_tech,high
iq8Zn4nUkIs,jobs,all_jobs_panic,high
gu_CyYEYsFA,jobs,all_jobs_panic,high
ToKrIyBmai0,surveillance,tracking_spying,high
CLcnJCo1ALo,jobs,all_jobs_panic,high
bWf3uDHZj40,jobs,all_jobs_panic,high
Mf57rRGPwQg,jobs,all_jobs_panic,high
e5yf7mh-p90,jobs,all_jobs_panic,high
0qwb9YzZtwU,jobs,white_collar_tech,high
2UdlVZ4dqz8,jobs,all_jobs_panic,high
d0YTiKBd57E,deepfake,misinfo_general,medium
mc17L1fhAHA,environment,electricity_grid,high
qOmMJrEonnI,jobs,all_jobs_panic,high
3cP2u1OOtus,environment,electricity_grid,high
UKqNduJt1p4,environment,electricity_grid,high
LMW1llJEIfY,environment,carbon_climate,high
5CFJ6wergcc,environment,other,low
p3-5AVIp0-w,environment,water_usage,high
JgA8DvlfYBM,environment,electricity_grid,high
jF-oUu1trLw,environment,data_centers,high
olIk8wJnUJA,environment,electricity_grid,high
-g0A1owAtmU,environment,electricity_grid,high
lVEA6vCv4iY,environment,electricity_grid,high
mQmlze0QlpQ,environment,electricity_grid,high
LYeJG2u2_4U,environment,electricity_grid,high
4ouNbLgJEHA,environment,general_resource,high
5IkFYCl3Wo8,environment,electricity_grid,high
1oPS_HRTUXg,environment,general_resource,high
swBnW7JnkGU,environment,electricity_grid,high
O4l0xxrlOjQ,environment,electricity_grid,high
RfDvFWUhmTo,environment,electricity_grid,high
5mmfRlO43I4,environment,electricity_grid,high
nkVG8ftGXwA,environment,electricity_grid,high
BsmwCo3Cdok,environment,electricity_grid,high
oGtUwNnoGIY,environment,electricity_grid,high
5gcTWZghvLg,environment,electricity_grid,high
cwxtGE4HHbg,environment,electricity_grid,high
9fJneBL_Czo,environment,electricity_grid,high
ApvZi8oo_yQ,environment,data_centers,high
YAf0xQqCXBY,environment,data_centers,high
RpdItXvvko8,environment,electricity_grid,high
BIVAm2mDa-c,environment,electricity_grid,high
O43mT8frwZ0,environment,water_usage,high
Xg6J_-41IRY,environment,electricity_grid,high
o1urS9mlUi0,environment,electricity_grid,high
7Qdt94C7tRE,environment,electricity_grid,high
SBjKJbSPoSo,environment,electricity_grid,high
QfcTISIeJ5g,environment,electricity_grid,high
5zR4WAqgFV8,environment,electricity_grid,high
UGwsOvdJDn0,environment,electricity_grid,high
XPLoOzWSD0w,environment,electricity_grid,high
i9aJmDNO2NQ,environment,electricity_grid,high
A_lkE6ktP9c,environment,data_centers,high
SBaSmyiEnQo,environment,electricity_grid,high
kSjN2wIh1eI,environment,electricity_grid,high
8RjpBac1i84,environment,electricity_grid,high
Bb-JZkkqnao,environment,electricity_grid,high
TJhQnMRYKmU,environment,electricity_grid,high
gbhFLkZtPIU,environment,electricity_grid,high
6iI6OsCQ_3I,environment,electricity_grid,high
2OoJC9UTprc,environment,electricity_grid,high
WYHslY80cNA,environment,water_usage,high
ul3w_jdyDes,environment,electricity_grid,high
NMMiGfNPkHE,environment,electricity_grid,high
xdDhlJQpRi8,xrisk,agi_superintelligence,medium
4UqXgD5PSTA,environment,electricity_grid,high
b49ZWkLDWN0,environment,electricity_grid,high
bK9GHda8dj4,environment,electricity_grid,high
A7fF3Yxd28E,environment,electricity_grid,high
XYjuu9wlfyI,environment,electricity_grid,high
Kw0rmBXJ0lc,environment,electricity_grid,high
Gvwf1fQFeZk,environment,data_centers,high
3WIZQvtElFA,environment,electricity_grid,high
oAN2HoWtUWM,environment,electricity_grid,high
26oQ1frbgfY,environment,electricity_grid,high
l9ZQlOOS2T8,environment,electricity_grid,high
DA73RLN48TE,environment,electricity_grid,high
AYDBLtpy51s,art,consent_training,high
Y01ttj8JNFY,environment,electricity_grid,high
uLRjnZxvGmc,environment,electricity_grid,high
-dM7fuxFVRk,art,consent_training,high
fHI_pFm95_c,environment,electricity_grid,high
suwA6fUNcjg,environment,electricity_grid,high
ZhLpdftyKhg,art,consent_training,high
TOt-6kBweIQ,environment,carbon_climate,high
e3XRb-5qaQk,art,music_voice_theft,medium
isK-JEDZ370,art,music_voice_theft,high
ed8W1pYpyeg,art,music_voice_theft,high
NoIG249AqDM,art,consent_training,high
MwFtWDPGVMA,deepfake,misinfo_general,high
54BcJqYkEiw,art,consent_training,high
L5aBRMXFVMA,art,noai_activism,high
x3o1n6_DX10,art,music_voice_theft,high
Ms6c3pUTDMg,art,consent_training,high
W1mlPZf6A8Q,art,music_voice_theft,high
1UHFAEVxHxg,art,music_voice_theft,medium
ipJ0hucfCYY,art,consent_training,high
kBUMGNAXBow,art,music_voice_theft,high
XpwRU8iHc3w,art,noai_activism,high
YcvXNdkKQxE,art,music_voice_theft,medium
f3Qk_zbYtjg,art,music_voice_theft,high
DIVx6687_cA,art,music_voice_theft,high
jscfCTig78U,art,consent_training,high
6aTlOMPma6Y,art,creative_job_loss,high
xBixcMru7aI,art,noai_activism,high
80qU8fiQGQw,art,music_voice_theft,high
orwIjOKmJHc,art,music_voice_theft,high
4jKRjpZ8DAQ,art,consent_training,high
ihRr7diYuKA,art,consent_training,high
2VygG8X41AY,art,music_voice_theft,high
Xlo_ZqkbAHs,art,consent_training,medium
yTo8dXyrL9w,art,music_voice_theft,high
JFyLMbt53d0,art,music_voice_theft,medium
zbo6SdyWGns,art,music_voice_theft,high
7MjVveDCHt8,art,music_voice_theft,high
FKe15KyXv_c,art,consent_training,high
Th2XWPEQysk,art,consent_training,high
4RJhqTUjls0,art,consent_training,medium
9x4HmSsCxRY,art,music_voice_theft,high
Ze3D5zOqgp0,art,music_voice_theft,high
d70vKa7QauY,art,consent_training,high
1Q7WYewsO8Y,jobs,white_collar_tech,high
09QjUsz5WJU,art,consent_training,high
r28MXXjjBuY,art,music_voice_theft,medium
t3SfbfxyUqI,art,consent_training,high
7tmeDdNN0VU,art,consent_training,high
D88r74mrvLc,art,consent_training,high
OAdUJWg3EPE,art,music_voice_theft,high
PQ4h_7Dz5yA,art,music_voice_theft,high
U8dcFhF0Dlk,art,music_voice_theft,high
77xYaDZ4z4I,deepfake,scam_fraud,high
d1Hc9bQNRaY,art,music_voice_theft,medium
T7Samn3Q9YQ,art,consent_training,high
8UnmmB_TWLU,deepfake,celebrity_impersonation,high
oeDhSfbwprw,deepfake,misinfo_general,high
qY-Vjh49DHg,art,style_mimicry,high
SKjfw2Wjnt0,art,style_mimicry,high
TtEJrXwy_cA,art,music_voice_theft,high
KeWvaZKJV3Y,art,creative_job_loss,high
gHN01nPbGaU,art,creative_job_loss,high
6FLeDcoGjsQ,art,consent_training,high
HlDIfewDVkY,art,creative_job_loss,medium
CYipDC-7Rsk,art,consent_training,high
igh3pVqriLc,deepfake,scam_fraud,high
I_K4SCnKZgg,art,noai_activism,high
keQvtJ2NULg,art,creative_job_loss,high
LJ0mS49WnhY,art,noai_activism,low
QFFr36x5DqQ,art,consent_training,high
uFXcNjtoK34,art,consent_training,high
1GIwYHk2JFI,art,style_mimicry,high
rRBG15KfQ8I,art,consent_training,high
W0nhwF3ZylY,art,consent_training,medium
RJ3-ed98uLE,art,noai_activism,medium
KlIPUDxvhVI,art,style_mimicry,medium
hWIDWfWXp0s,art,noai_activism,medium
Qff0h6nHJ6s,art,creative_job_loss,high
xS8QCzHMViE,art,style_mimicry,high
ZOhuXMB7KME,art,style_mimicry,high
3NuTW6jn1v0,art,consent_training,high
fL8qOrwK1w4,art,consent_training,high
Tg9vAi0DJ44,art,noai_activism,medium
jmNerBnr62o,art,consent_training,high
BbnYxX-V9BQ,art,noai_activism,medium
Z1QBvvZoa4Q,art,consent_training,high
dU6G2yuLytc,art,consent_training,high
o09F6TViIGk,art,consent_training,high
dQLam48qBl0,art,noai_activism,high
Tj_RphBpwiw,art,noai_activism,medium
QnDudQjiWZg,art,consent_training,high
i9InAbpM7mU,art,consent_training,high
ohLYrrDQ4-c,art,style_mimicry,medium
MBV0bhlLUgA,art,consent_training,medium
aUMTIJ05jAU,art,style_mimicry,medium
SbVQhQ_0gzA,jobs,white_collar_tech,medium
rtoD0LOnygo,art,consent_training,high
DUwDqSY8StE,art,consent_training,high
fd2bXZoCteY,art,style_mimicry,high
PcfXT0twt20,art,consent_training,high
p-WLbFHcgJU,art,consent_training,medium
vIOEMjwcmUQ,art,noai_activism,high
Q7EjQiw5MhA,art,consent_training,high
nwxtEvljUZU,art,consent_training,high
3W8JzJESEEo,art,consent_training,high
aTGkRLyYVBg,art,creative_job_loss,medium
2EUHtb9t6rg,art,consent_training,high
-6HAsaDwzrI,art,noai_activism,high
rDJspLZBnNI,art,consent_training,high
5Tqx8Q71tWo,art,other,low
BSLd3Mb85BY,art,style_mimicry,medium
Rki3TqJvcl4,art,noai_activism,medium
hmNxTx9rU0U,art,consent_training,medium
MPWKj5pfzlM,art,consent_training,medium
GkHzoKw8bkI,surveillance,data_privacy,high
-xGW3IZxMds,art,noai_activism,high
hKbiKNG2TDk,art,consent_training,high
zEjvzcJ2UR0,art,consent_training,high
qS3s8nEljHw,art,style_mimicry,high
oXlGqP0-oaY,art,style_mimicry,high
ZCG076MtKRo,art,style_mimicry,high
NNA76LTq4ic,deepfake,misinfo_general,high
YXHdzP_li_0,art,style_mimicry,high
MaKJdyWxyys,art,style_mimicry,high
LJjo71Nh6UM,art,consent_training,medium
SnuZpJqBnpI,art,consent_training,high
zy-z4HA9sXo,art,consent_training,high
itqgYFIzo8s,art,noai_activism,medium
7BZx0E8bZlo,jobs,white_collar_tech,high
Bb5hDIlDpOE,art,consent_training,high
giYVJx6mqjI,art,consent_training,high
YIi9chgnwgM,art,style_mimicry,high
5Vlmre7QtfY,art,other,high
kbEpeES2A64,deepfake,scam_fraud,high
1-AFBXig3mY,art,style_mimicry,high
cYw20T0v7PY,art,noai_activism,high
nDrCC2Uee3k,art,consent_training,high
SKjVifsU8Ec,art,noai_activism,high
J0WXDOuaT7k,art,creative_job_loss,high
PZtNxK9HAqs,art,style_mimicry,high
-xV0LY3ioNI,art,consent_training,high
0PBVPTqm9Nw,surveillance,data_privacy,high
CGZhE8ckfGs,art,noai_activism,high
EjDCO9--l3M,art,consent_training,high
Yq7uoTQhHps,art,consent_training,high
x4Fzqvx1jxI,art,noai_activism,high
of0-u1MgNYQ,art,consent_training,high
E1CJ5gLIM8c,art,consent_training,high
h1xZFfhFtZU,art,consent_training,high
zWxsybRBId0,art,creative_job_loss,high
f0PFHqU67-A,art,consent_training,medium
3ais4QE30q4,art,consent_training,high
YK_cEUD6AOo,art,consent_training,high
aYkwzv048IY,art,consent_training,high
ehTkCdHmzos,art,style_mimicry,high
EBTEtJJFR-8,art,noai_activism,high
pH0o8HP4yjM,surveillance,data_privacy,high
j6_kdmnxmeo,art,style_mimicry,medium
vB80u-Z_ZCc,art,style_mimicry,high
HlGIxLH1K-M,art,consent_training,high
sRdIuZBHOHg,art,consent_training,high
u-9KluFmHRY,art,consent_training,high
b5ydBch7RJQ,art,creative_job_loss,high
G-0Ot6NHMYA,art,noai_activism,high
u_BbdyXvjAE,art,style_mimicry,high
OCY7lb_i0yM,art,noai_activism,medium
CCDVZ079Xow,jobs,all_jobs_panic,high
dh3acdwwPfU,art,consent_training,high
MwssQCSyeQ0,art,consent_training,high
Svn1vUwD9mo,art,noai_activism,high
7ciBTD0po4Q,art,style_mimicry,medium
Jid6Pj17OBw,art,consent_training,high
X2cyLUe3Jrs,art,other,high
FquJxDmQR6U,art,other,low
5YE8CYvQmiM,art,consent_training,medium
JkprO_aypoc,art,noai_activism,medium
KlLb0oup_aI,art,style_mimicry,medium
_BUCjtfoTtU,art,music_voice_theft,high
MjQHhczK69Y,art,style_mimicry,high
QdVBiIpHh5w,art,noai_activism,high
OHUJCHkaeKc,art,creative_job_loss,high
s3ftctQSpHM,art,consent_training,high
EwB76Fdo7eY,art,noai_activism,medium
eY_o8fcwPU4,art,creative_job_loss,high
lgEC04bEBy0,art,consent_training,high
Cl6RN3TDG9s,art,consent_training,medium
ZJ59g4PV1AE,art,consent_training,high
aCuZ42E3Bvo,art,style_mimicry,high
zKsm8feqVZY,art,creative_job_loss,high
ETxCFr6NJqE,art,noai_activism,high
d15C_UgVS-c,art,noai_activism,medium
djvpwu4QF7w,art,style_mimicry,medium
UqN7cdzWzvU,art,consent_training,medium
wB8u3ZuvYfQ,art,consent_training,high
LjO7LUj_9RI,art,consent_training,high
T6SCAlD-p4k,art,style_mimicry,high
Z4cI050oj78,art,consent_training,medium
SKvpzAaFyMU,art,noai_activism,high
bC7RbzW-c1M,art,consent_training,high
5kaJMgd1SW4,art,noai_activism,high
z9zaMw6VLJg,deepfake,scam_fraud,high
UDAle0nWHkI,art,consent_training,medium
rUnW6Of62Mo,art,noai_activism,high
X914rdzX8IU,art,consent_training,medium
TBtV1IuzmD0,art,noai_activism,high
usNnYaFff-Q,art,consent_training,high
tBzmRDKakC4,art,consent_training,high
91zIT9-I0nw,art,style_mimicry,high
iMdXIewhpZ4,art,style_mimicry,low
5xFn-iJ3Km4,general_neg,ai_slop,medium
fIni6Eeg9rE,art,consent_training,high
H_Xnrbo437M,jobs,personal_loss,high
U-sQgvebD9I,art,consent_training,high
btUBS1YPvt8,art,consent_training,medium
5_UnGyI9G7w,art,style_mimicry,high
H4BaDDfIgH4,art,consent_training,high
dWulNyNUwKA,art,consent_training,high
Tbtj0aL1inQ,art,consent_training,high
4nDTOixBT8M,art,noai_activism,high
WLu9OaK3FG8,art,consent_training,high
iDELG5n5CmI,art,music_voice_theft,high
hO6CA1coXsk,art,consent_training,high
YNkWZlshUpc,art,noai_activism,medium
aOnyjq6k-7o,art,creative_job_loss,high
NXQ6iqZIr7E,art,noai_activism,high
krWAxyMeipw,art,noai_activism,high
NEDFUjqA1s8,surveillance,data_privacy,low
H-KXf-diUdc,art,noai_activism,high
M4TXO4kQwSQ,deepfake,misinfo_general,high
Z10c0v3sTyo,surveillance,data_privacy,high
3G6dOayefBg,art,consent_training,high
86nhP8tvbLY,surveillance,data_privacy,high
7Yb6khyZAEE,art,noai_activism,high
fOEqDygg56w,deepfake,misinfo_general,high
FfDrFw6JwHE,art,noai_activism,high
xMJWO5dI4xw,art,consent_training,medium
-37UyFAFm3Y,art,noai_activism,high
gCcbHi7rjmU,art,style_mimicry,high
RAsArDDMw9A,art,creative_job_loss,high
cK4CxMIBGFs,art,noai_activism,high
yTUbcTzLCgo,art,noai_activism,low
nKBPz8hshtk,art,noai_activism,high
IB-jOuNO_-0,art,noai_activism,high
VkhIdZ5aMBU,deepfake,nonconsensual_imagery,high
-g5tkZ5wAiY,art,noai_activism,high
e_96coRPxH4,jobs,white_collar_tech,high
wdK-bI61Mhs,deepfake,misinfo_general,high
7t7wEXWl3qs,art,creative_job_loss,high
OZPI5aRzEzQ,art,noai_activism,high
EbFTvazuJCQ,art,consent_training,high
3Nlb-m_vKYM,art,music_voice_theft,high
05P9CV7TcxI,art,noai_activism,high
kZ4JwNAL59I,art,noai_activism,high
xgLfMjh67F0,art,noai_activism,high
SPEDrsNiPeA,art,noai_activism,high
tjnQ-s7LW-g,art,style_mimicry,high
4SAFh9FO1_4,art,noai_activism,high
UShsgCOzER4,general_neg,ai_slop,high
sDUX0M0IdfY,xrisk,agi_superintelligence,high
o-yiUEXJUSs,deepfake,misinfo_general,high
lssQ-1maHMQ,art,noai_activism,medium
IVmy63A-ZXs,art,noai_activism,medium
ruX323-0-yI,art,noai_activism,high
75wKymEHWV0,art,noai_activism,high
Q81sZBSzBVY,art,creative_job_loss,high
kI6BVb5_mms,art,noai_activism,medium
vDIgKD_RbRE,surveillance,data_privacy,high
tjYpJ8Zs0jk,art,noai_activism,high
lEnvmni7w9g,art,noai_activism,high
0m0aMfZrxSQ,deepfake,celebrity_impersonation,high
bRqwTP2eKJY,art,consent_training,high
19qOD7ryN2U,jobs,white_collar_tech,high
h-D_Wi2Gt7Y,art,noai_activism,high
FBfTT32rQHM,art,noai_activism,high
KHLnnTOF-T8,deepfake,misinfo_general,high
QzsscDE0Klw,art,consent_training,high
CsQtUSTSX40,art,noai_activism,high
hld8CNQdjQs,art,music_voice_theft,high
qJPug_qKTOI,surveillance,other,high
bv9Tb81yRgs,art,noai_activism,high
tIpnHQsWPOc,art,noai_activism,high
eLLleGs13xA,art,consent_training,high
I-M3zsOGSjs,deepfake,scam_fraud,high
y0o-TaCBcRI,art,creative_job_loss,high
gNtVek0xS5c,art,noai_activism,high
EV2gd7Ej6Xg,art,noai_activism,high
gOUjMilXFxc,art,creative_job_loss,medium
HIL2DopnnJU,art,noai_activism,high
fTIyTuAArtw,art,noai_activism,medium
qlQKwFZh7Vc,art,creative_job_loss,high
SPSbRRzaA8w,art,noai_activism,high
xMOA7njGCDo,art,style_mimicry,high
kLHOllToTlU,art,consent_training,high
2XpYbJcp9iI,art,noai_activism,high
Ac8_9NZ8M6w,art,noai_activism,high
vBgFsXy6tZg,art,consent_training,high
kALTGeIke0g,art,noai_activism,high
exuogrLHyxQ,art,consent_training,medium
wQk6Z5R8VDw,jobs,personal_loss,medium
RNha27jkMxU,art,noai_activism,medium
Skd07mfEF0c,art,noai_activism,high
afxdlyT34WI,art,consent_training,high
5sNvD8ePFHs,art,noai_activism,high
Ldtbc6HGz08,art,music_voice_theft,medium
lv2GooT7Gyc,art,creative_job_loss,high
xLNEDTlFwCY,art,style_mimicry,high
7VvcZggwaMo,art,noai_activism,medium
TKEuY4SFxJM,art,creative_job_loss,high
7IU8lgf9bMw,jobs,white_collar_tech,high
ZtZzvKP_HlA,jobs,personal_loss,low
JBJx83wa-hg,art,noai_activism,high
E0UwyeMFUGg,art,noai_activism,high
BK2-cIJ6k6U,art,creative_job_loss,high
wqigy1OE0ok,art,noai_activism,high
uHTPZPST4QI,art,noai_activism,medium
IiqXeN8IBZ8,art,noai_activism,high
Q1Kr-SR9haU,art,music_voice_theft,high
ydDw87sAr_w,art,consent_training,high
KfjgzX7j1fE,art,noai_activism,high
0WVYTCsYotY,art,noai_activism,medium
ya3gtI44Npg,art,consent_training,high
aCWzYV2Ji7k,art,noai_activism,high
HqjExFIYWzE,art,noai_activism,high
fXq1sP01j0w,art,noai_activism,medium
ANWz990YKoI,art,style_mimicry,high
ai7VnVD1AEw,art,creative_job_loss,high
l63iQFQGLQs,art,creative_job_loss,high
az6DEsZt14Q,art,noai_activism,high
r8R4KJwBmy0,art,noai_activism,high
sZjWLR6tSlo,art,creative_job_loss,high
EcwCBRgLDmU,art,music_voice_theft,high
1f2psPiLM9Y,art,noai_activism,medium
ESF616mmMxk,art,noai_activism,high
AVPEAZhgi2s,art,style_mimicry,high
ISYsiZ9pfbY,art,creative_job_loss,medium
g3GatEK3vEU,art,creative_job_loss,high
LLfLydc_a24,art,creative_job_loss,high
vTxeKRph-GA,art,consent_training,high
e_oiPN1QZKc,art,noai_activism,high
N-KV57ljNcs,art,noai_activism,high
hPaD3Vyzu2M,art,consent_training,high
CTw9IcJ_Nec,art,noai_activism,high
QJHUPjPold0,art,noai_activism,high
YW6mcoBNbVk,art,noai_activism,high
4aG47r7u6v0,art,noai_activism,high
ESZO-XJZr0s,art,noai_activism,high
z5yGC1JCsww,art,other,high
cmW2kdgxdEw,art,music_voice_theft,high
FglE_KXjAwM,art,style_mimicry,high
PSvUqPmdtdg,art,noai_activism,high
AkzlJtc_EII,jobs,white_collar_tech,high
nanCGeac_-Q,deepfake,scam_fraud,high
Sh0jRdXG_Hg,art,creative_job_loss,high
dXyCOXss9v8,art,noai_activism,medium
34o1XzMZxoY,art,noai_activism,medium
f5vxE1024Dc,art,noai_activism,high
7WsWL8w4R78,art,noai_activism,high
vyPC1iGgRRI,art,creative_job_loss,high
hHIbAK_larY,art,consent_training,high
yI-I3eEWbR8,jobs,white_collar_tech,high
TvEdXewjnuQ,art,noai_activism,high
xnlmXa_GJwg,art,noai_activism,high
MY9OkVur02w,art,noai_activism,high
KIfpVS64FAM,art,style_mimicry,high
xy_uVUtQfOY,art,consent_training,medium
Q13XgI23M-k,art,noai_activism,high
xAIdIWl-b3A,art,noai_activism,medium
e2S2aTGyBBQ,art,creative_job_loss,high
YUh_pRdNFdo,art,noai_activism,high
tHIA0PmwYus,art,noai_activism,high
r2RxDO704KQ,art,style_mimicry,medium
FHOAeFkoVLw,art,consent_training,medium
7gJU6tVFok8,art,style_mimicry,high
5ZNkCXX3-1g,art,style_mimicry,high
AZ0bN9TFu9Y,art,noai_activism,high
0qpq_NlbEf0,art,noai_activism,high
fmLXs5DuNo4,art,noai_activism,high
HVtwmqaE7GM,art,noai_activism,high
eE5HOUfVEC4,art,creative_job_loss,medium
ZFhMPDaD4JE,art,creative_job_loss,high
Fo_TsB-uOIE,art,noai_activism,high
6tZSS0bggxU,jobs,white_collar_tech,high
drsb27RfniY,art,consent_training,high
TXscmP3mkV0,art,noai_activism,medium
fwvh-UrNaoQ,art,noai_activism,high
R3dE4f9fwE8,art,noai_activism,high
w6fuXblNAdM,jobs,other,medium
TT_Fi-aBkFU,art,noai_activism,medium
BOEP9Vc6RGY,art,creative_job_loss,medium
0gCT3psYlno,art,creative_job_loss,high
StvRm8jkWkc,art,creative_job_loss,high
yBvynpBUR70,art,style_mimicry,high
i4FhiC7rhLs,art,consent_training,high
7VL6wrE-onY,art,noai_activism,medium
sfMmvXPXxoY,art,noai_activism,high
HVSPpURKeEg,art,consent_training,high
DOn_ouSXjGk,jobs,personal_loss,high
0Fs5UaGImIg,jobs,personal_loss,high
cAQL6JmN42M,art,style_mimicry,medium
R8HgJ_ZN_cA,jobs,white_collar_tech,high
8O7NU5FJNQ4,art,noai_activism,medium
21nCmU3NXSs,jobs,personal_loss,high
j73jER4Ajec,art,style_mimicry,high
OUPax95q7iY,art,style_mimicry,medium
cxcnYDfJs1E,art,consent_training,medium
hRXUEUU4jok,art,style_mimicry,high
GyzxSWfX26Y,deepfake,scam_fraud,high
DtCLtFpZYcs,art,noai_activism,high
4BmJmcRfplk,jobs,white_collar_tech,high
zY6XgbG8G9U,deepfake,scam_fraud,high
vCs7z89UwWY,art,consent_training,high
fv1aQTY5VDs,jobs,personal_loss,medium
WZR01NtHw-M,deepfake,scam_fraud,high
AU9FbWXZo4A,deepfake,scam_fraud,high
ZuHvHmqNeMI,deepfake,scam_fraud,high
azwY7aX4Fzg,deepfake,scam_fraud,high
XsWBDgSLd8Y,deepfake,scam_fraud,high
HjKHp7fE4Mw,deepfake,scam_fraud,high
PEnlpUwlkm8,deepfake,scam_fraud,high
gElPjzAOisk,deepfake,scam_fraud,high
vm6_QgCfam8,art,style_mimicry,high
RdkwbBpW_6o,deepfake,scam_fraud,high
ryTwOQ6fzk4,deepfake,scam_fraud,high
mCu213uuLSU,deepfake,misinfo_general,medium
zfmF-eg5X6A,deepfake,scam_fraud,high
Hk2hPtAqSPw,xrisk,agi_superintelligence,high
1KUL7Asb1XI,deepfake,scam_fraud,high
0fOxH58Zkog,deepfake,scam_fraud,high
AvwnzJ4hUic,deepfake,scam_fraud,high
RKpmORbU47Y,deepfake,scam_fraud,high
NBESkusewCo,deepfake,scam_fraud,high
AnnIEs0P29s,deepfake,scam_fraud,high
TjVR8BhIJCo,deepfake,misinfo_general,high
NMXl6HUc9W8,deepfake,scam_fraud,high
WCPw6n73k6k,deepfake,scam_fraud,high
_yc2S_JD8IA,deepfake,scam_fraud,high
PlC-5PfRC1I,deepfake,scam_fraud,high
V1jmVOLF-zQ,deepfake,scam_fraud,high
TaF7zZDnzlI,deepfake,scam_fraud,high
gToGO_cpsvo,deepfake,scam_fraud,high
fLGZqZLLLK0,deepfake,scam_fraud,high
A6uh5OCPR1M,deepfake,scam_fraud,high
8M5PjHpLHsY,deepfake,scam_fraud,high
orzZBz5lIHI,deepfake,scam_fraud,high
D8nVX0XajT4,deepfake,scam_fraud,high
DOEVi9bwDjM,deepfake,political_election,high
EuvHxCtCt3I,deepfake,scam_fraud,high
EZ_-wx_VbFU,deepfake,misinfo_general,high
DvaLEShwoKU,deepfake,scam_fraud,high
S6uo2BpWxUY,deepfake,scam_fraud,high
CzEp97s4Mr8,deepfake,scam_fraud,high
DeNjHggfl94,deepfake,scam_fraud,high
tLOZm-9-crc,deepfake,scam_fraud,high
fOaSmqEIESc,deepfake,nonconsensual_imagery,high
fF3SuK6MXrU,deepfake,scam_fraud,high
hpQdtTTKoxc,deepfake,misinfo_general,high
xQl3_TrC3f4,deepfake,scam_fraud,high
efx0oDILfaQ,deepfake,scam_fraud,high
OrhciOM3FO0,deepfake,scam_fraud,high
w6NUfhPjxEk,deepfake,scam_fraud,high
Y0sqnDryqOU,deepfake,scam_fraud,high
mt5QGIrtVS8,deepfake,scam_fraud,high
UHjQGPMiPZ4,deepfake,misinfo_general,high
ic9n5U8ORwA,deepfake,scam_fraud,high
2EcWkox-u_w,deepfake,scam_fraud,high
qXNKFz1D8vM,deepfake,scam_fraud,high
aaGUenoDaCc,deepfake,scam_fraud,high
DXriSSDiu-A,deepfake,scam_fraud,high
mHtzsy5HMzU,deepfake,scam_fraud,high
8sFpaOliGTM,deepfake,scam_fraud,high
NNirxWMuqZ8,deepfake,scam_fraud,high
CPtIHqWJpO4,deepfake,misinfo_general,high
NdQ_7Xjt3fM,deepfake,scam_fraud,high
91rg17UzxpM,deepfake,scam_fraud,high
kdSyZycK4oA,deepfake,scam_fraud,high
oLK7DPJ_pKA,deepfake,scam_fraud,high
qVDdU-aqJ0Y,deepfake,scam_fraud,high
IhGQTdKdDkI,deepfake,misinfo_general,high
nb92UqfTnSQ,deepfake,scam_fraud,high
r2hcq5NNQe8,deepfake,scam_fraud,high
SjVoCb0QpfM,deepfake,scam_fraud,high
802JTCAlqQc,deepfake,scam_fraud,high
amD737du9U0,deepfake,misinfo_general,high
srLWFsTG5SE,deepfake,scam_fraud,high
uXOW0tgjR_Q,deepfake,scam_fraud,high
NnuynoXGU4g,deepfake,scam_fraud,high
9DtGyzG9eJI,deepfake,scam_fraud,high
s0T56Exs1IM,deepfake,scam_fraud,high
qlOoNoxOEJ4,deepfake,scam_fraud,high
rWXQwFCK4vA,deepfake,scam_fraud,high
O8WjGeOG6GM,deepfake,scam_fraud,high
vTHMzDpcWZ4,deepfake,scam_fraud,high
diEThNDmiL8,deepfake,scam_fraud,high
WKyrVbh3oXM,deepfake,scam_fraud,high
aTqfzRJBniM,deepfake,scam_fraud,high
SsfiIlBKFhU,deepfake,scam_fraud,high
fEw4UWMN88Y,deepfake,scam_fraud,high
7t-wUvMwUfk,deepfake,scam_fraud,high
e_IcAo2pqAo,deepfake,scam_fraud,high
dbgIw9Nbgso,deepfake,misinfo_general,high
phfESzBDzYY,deepfake,scam_fraud,high
UuRAC3bEitY,deepfake,misinfo_general,high
2QMau4hc6Z4,deepfake,scam_fraud,high
O1jtkhg_-Ns,deepfake,misinfo_general,high
rj-VhYZknZs,deepfake,misinfo_general,high
GfyBHucr3OM,deepfake,scam_fraud,high
YwD7qcZKdkI,deepfake,misinfo_general,high
LZoQ5aiVibA,deepfake,scam_fraud,high
6oM7aPISCI4,jobs,all_jobs_panic,high
n6f9Hyr8bRs,art,music_voice_theft,high
awx6D5wkJTY,deepfake,scam_fraud,high
lAyn3t3dlUE,deepfake,scam_fraud,high
ylnMPqBh7lc,deepfake,scam_fraud,high
3eXnA8b1XMc,deepfake,scam_fraud,high
i2782Uuq_SE,deepfake,scam_fraud,high
dvhsA7xFhLo,deepfake,scam_fraud,high
mnGcOZ9Dr1M,deepfake,scam_fraud,high
Inqq3QEfbFA,deepfake,scam_fraud,high
yCMANfoK5TM,deepfake,scam_fraud,high
alDIBvl-DFk,deepfake,scam_fraud,high
xbQLR_rW_NY,deepfake,scam_fraud,high
ni1LdMnhtWs,deepfake,scam_fraud,high
zQV8HAYUrjo,deepfake,misinfo_general,high
9Pvdi5tmAFg,deepfake,scam_fraud,high
-Ow2d9F5bKc,deepfake,scam_fraud,high
rzwImFfaS5I,deepfake,scam_fraud,high
CaKmkI9yx_o,deepfake,scam_fraud,high
wPDk4oHtH30,deepfake,scam_fraud,high
fzNdEQYPESQ,deepfake,scam_fraud,high
roXzsB5QPLk,deepfake,scam_fraud,high
RZfzfmZQ-y4,art,music_voice_theft,high
fsSDdwVNE6c,deepfake,scam_fraud,high
q4KV-RenfQw,deepfake,scam_fraud,high
gRDVpBCn4v4,deepfake,scam_fraud,high
xEMo-mfqdqA,deepfake,scam_fraud,high
a0CHmL9yFio,xrisk,loss_of_control,high
L4AqtS4loUI,deepfake,scam_fraud,high
nNCxOI7SmHg,deepfake,scam_fraud,high
9oJUh-ZhroI,deepfake,scam_fraud,high
643R7GzgeYk,deepfake,scam_fraud,high
8GeGT5AflNQ,deepfake,scam_fraud,high
44VnU-pHhg8,deepfake,scam_fraud,high
AHe-nKfFMpk,deepfake,political_election,high
xKhiIrfeQxo,deepfake,scam_fraud,high
-3FxO14Amkg,deepfake,misinfo_general,medium
3eCyxj28bLA,deepfake,scam_fraud,high
3RBv9ysagVc,deepfake,scam_fraud,high
MZShF4Pb8GI,deepfake,scam_fraud,high
EQpCKAqn5AQ,deepfake,scam_fraud,high
As7QSl1xWKs,deepfake,scam_fraud,high
Vp5uicKeTVs,deepfake,scam_fraud,high
hCWN3RYmHqE,deepfake,scam_fraud,high
9HWYZMWstEg,deepfake,scam_fraud,high
g1Aax6-p-mY,deepfake,scam_fraud,high
2eXN83Pq6-c,deepfake,scam_fraud,high
AxiCjUqfO_E,deepfake,misinfo_general,high
zg34dF5yGqw,deepfake,scam_fraud,high
zoGthlYBW3E,deepfake,scam_fraud,high
7XjCBNi2Hg4,deepfake,scam_fraud,high
_KuRU6PWzRw,deepfake,scam_fraud,high
WL2_0eXQBig,deepfake,scam_fraud,high
QLinAWhtaqY,deepfake,scam_fraud,high
fEEsVdFCpP0,deepfake,scam_fraud,high
7N7R905z8QQ,deepfake,scam_fraud,high
2AeS9RoX5Sw,deepfake,misinfo_general,high
KE38XJEDMAk,deepfake,scam_fraud,high
Yaa6-UZRMD8,deepfake,misinfo_general,high
_ROWaICdhMg,deepfake,scam_fraud,high
R_pFGdzT0mU,deepfake,scam_fraud,high
K9VWORcNCnc,deepfake,scam_fraud,high
bEznH9z2jOs,deepfake,scam_fraud,high
0hiZX9YLHJo,deepfake,misinfo_general,high
yzah3r31Fag,deepfake,scam_fraud,high
YIFNJGoKj-g,deepfake,celebrity_impersonation,high
YBn4qP4vK5Q,surveillance,tracking_spying,medium
cFgtLQeFer4,deepfake,scam_fraud,high
v0leRAOof80,deepfake,scam_fraud,high
ajk3epkFP0o,deepfake,scam_fraud,high
xusX-Nm6tV4,surveillance,data_privacy,medium
99orqjvI9Hw,deepfake,scam_fraud,high
JWIomOeFVfo,deepfake,scam_fraud,high
fxWCCSLjBRo,deepfake,scam_fraud,high
StoMntXhy7s,deepfake,scam_fraud,high
Vx72YVwWIVs,deepfake,scam_fraud,high
XQRg_aS9h0o,deepfake,scam_fraud,high
qswNH2TnuWI,deepfake,scam_fraud,high
KNnIlDxWUcE,deepfake,scam_fraud,high
UNijVaMUErY,deepfake,misinfo_general,high
CiJW5naMQGs,deepfake,scam_fraud,high
VjZF1JZ6KG0,deepfake,scam_fraud,high
-CjO8aBpMKk,deepfake,scam_fraud,high
y9iWSZiGGTg,deepfake,scam_fraud,high
BreJt8zO-8I,deepfake,scam_fraud,high
vWl41Ix5rgU,deepfake,scam_fraud,high
q4TFPa1Rk3w,deepfake,scam_fraud,high
DUtNFVRkFJ0,deepfake,scam_fraud,high
gMXuQ4MusPk,deepfake,scam_fraud,high
Lgv3R0-92dQ,deepfake,misinfo_general,high
maoVNx1i6CA,deepfake,scam_fraud,high
NqZ5U6xZ30A,surveillance,tracking_spying,high
snAIXnOSSiY,deepfake,scam_fraud,high
i8OS_XXJjqg,deepfake,scam_fraud,high
S1IB6sH8n-8,deepfake,misinfo_general,high
ydiUCxgIXkA,deepfake,misinfo_general,medium
KdT5pvieP8k,deepfake,scam_fraud,high
UOaaMm2oh5k,deepfake,scam_fraud,high
wT3Z49Gz4Gs,deepfake,scam_fraud,high
S8ID_Tmm2C0,deepfake,scam_fraud,high
rxJ_Em9XwDA,deepfake,misinfo_general,medium
d-aI_5Kk7qI,deepfake,scam_fraud,high
-L__g-pGzW0,deepfake,scam_fraud,high
4uVY5t8s76w,deepfake,scam_fraud,high
BQhZ0xcpX34,deepfake,scam_fraud,high
C9l1zbGmtZk,deepfake,scam_fraud,high
TW1gw8OPgPc,deepfake,scam_fraud,high
FtDX_QKeHWU,deepfake,scam_fraud,high
qziRraP1_fY,deepfake,scam_fraud,high
0u7heZHTYmU,deepfake,scam_fraud,high
p3Dmu8RFqsQ,deepfake,scam_fraud,high
yFLV6xci-D0,deepfake,misinfo_general,high
O_USg0SXx0U,deepfake,scam_fraud,high
rEFyIvZhNbw,deepfake,scam_fraud,high
xq0qndv-RRQ,deepfake,scam_fraud,high
WC77sOIuQuo,xrisk,agi_superintelligence,high
hj6hqZddw7E,deepfake,scam_fraud,high
_83xrQs9_MQ,deepfake,misinfo_general,high
o-yRLHRI9mM,deepfake,scam_fraud,high
_HQUr_sep4c,deepfake,scam_fraud,high
t9Q7nigWtKs,deepfake,misinfo_general,high
fTzlO4FcOBo,deepfake,scam_fraud,high
kdimYXAcu-M,deepfake,scam_fraud,high
dwO8ili803w,deepfake,misinfo_general,high
aMyc0kDXCMg,deepfake,scam_fraud,high
jdIaymjFI1w,deepfake,scam_fraud,high
dMPb5c8_mQU,deepfake,scam_fraud,high
BUM8kuUXmDM,surveillance,data_privacy,high
hXBtoSxBwbE,deepfake,scam_fraud,high
vHuPWQz9AlI,deepfake,scam_fraud,high
3wMjZyngqFU,deepfake,scam_fraud,high
saMsPv30St8,deepfake,scam_fraud,high
XBZKA55PQTE,deepfake,scam_fraud,high
adzHo8qJRMo,deepfake,misinfo_general,high
Ok8nRz-4SFM,deepfake,scam_fraud,high
mznwvxbLVH0,deepfake,misinfo_general,high
v7AQRv4eaBY,deepfake,scam_fraud,high
JKC2-scNYvY,deepfake,scam_fraud,high
CCFEQlV7J6Y,deepfake,scam_fraud,high
6Vi2WHRU6qw,deepfake,scam_fraud,high
In9Bhxsts-s,deepfake,scam_fraud,high
lgVj8WpuGwo,deepfake,scam_fraud,high
xlVUAluFSA8,surveillance,data_privacy,high
uqnIjfe1Ems,deepfake,scam_fraud,high
xAfng6GQeJU,deepfake,scam_fraud,high
PameYKjKITU,deepfake,scam_fraud,high
GB2KMj7fxLs,deepfake,political_election,high
cFDjhIkFgL4,deepfake,scam_fraud,high
KHERrENL0wA,deepfake,scam_fraud,high
67JBQ9Zq_vo,deepfake,political_election,high
x2FQ5bplSIE,deepfake,scam_fraud,high
TjCzSCzmYpw,deepfake,scam_fraud,high
A8XXR4po0S0,deepfake,scam_fraud,high
NnnEtuK2wVI,deepfake,scam_fraud,high
K0ZfMpRcfC0,deepfake,scam_fraud,high
Cx9neHmL8FA,deepfake,scam_fraud,high
XrfY3GaqdM4,deepfake,scam_fraud,high
dE849u7DYcc,deepfake,scam_fraud,high
ndjTTuVe6J0,deepfake,scam_fraud,high
C57ySTMfT_I,deepfake,scam_fraud,high
pJZYd_65xs4,deepfake,scam_fraud,high
UxmNS7sfA-w,deepfake,misinfo_general,high
8oZfRaLoC_Y,deepfake,scam_fraud,high
3cNm12hprkg,deepfake,scam_fraud,high
9C21szdd1po,deepfake,scam_fraud,high
kcQOE4faUEY,deepfake,misinfo_general,high
AW2qMW0p_YA,deepfake,scam_fraud,high
sLQbaI1Sd84,deepfake,scam_fraud,high
UaGiHDbQcOw,deepfake,scam_fraud,high
YBvIWAzRqdU,deepfake,scam_fraud,high
SCmAPt6rLn8,deepfake,scam_fraud,high
mr2Lrb34ei0,deepfake,scam_fraud,high
s4a19PUxo8k,deepfake,misinfo_general,high
3Es__VHS-aQ,deepfake,scam_fraud,high
6NMSCdk5CLo,deepfake,misinfo_general,high
Hb96gTjueVI,art,music_voice_theft,high
7mBiXNtoefc,deepfake,scam_fraud,high
Q0B9FWXL5dY,deepfake,scam_fraud,high
G3wubbtqd-8,deepfake,scam_fraud,high
x6TBMBsjx4o,deepfake,scam_fraud,high
_BQ9DKW_AMY,deepfake,scam_fraud,high
QPtOwjtADl4,deepfake,scam_fraud,high
OhyX6tsN668,deepfake,scam_fraud,high
vfVqVAN2mTU,deepfake,scam_fraud,high
WxYnobCcoeg,deepfake,misinfo_general,high
QeWxY4E3UCg,deepfake,scam_fraud,high
kTdR_qpoRAY,deepfake,scam_fraud,high
1h9Tctbl4k0,deepfake,scam_fraud,high
E_qFq35WOug,deepfake,scam_fraud,high
zN9bVYjB99M,deepfake,scam_fraud,high
7JQ4qw3Chgw,deepfake,scam_fraud,high
Lc0vAAFj_Ak,deepfake,scam_fraud,high
EUaB_P2D5mU,deepfake,misinfo_general,high
6H-1Anp8dLk,deepfake,scam_fraud,high
j4uppMbxhjM,deepfake,scam_fraud,high
I_YVy3lL6Vo,deepfake,misinfo_general,high
HB6Ag-MmEa0,deepfake,scam_fraud,high
SqbhMRjY55c,surveillance,state_corporate,medium
twr-M7y6pyE,deepfake,scam_fraud,high
K0Yed3t9w7E,deepfake,misinfo_general,high
ucpMehTqgLs,deepfake,political_election,high
gf6HTR7cka4,deepfake,scam_fraud,high
JvLvndX_lmU,deepfake,scam_fraud,high
6rG8mjHxIds,art,noai_activism,high
X4imWOQYA7o,art,style_mimicry,high
vuJM21bWfPo,art,noai_activism,high
cRqFMvmJR6k,art,consent_training,high
C3tq4tv3q8M,deepfake,scam_fraud,high
9TU__nj-SgM,deepfake,scam_fraud,high
4HjWY9m7gT8,art,creative_job_loss,high
zh-a-Bg-G5s,jobs,service_blue_collar,medium
S3euEUwnAqs,art,noai_activism,high
caBaw6_s-g4,art,consent_training,high
rl3jEvuFFxc,art,consent_training,high
EUbTsExKtPk,art,consent_training,high
pTLPB5nw2pY,art,consent_training,high
1NfjrmDOMKE,art,consent_training,high
5xkSQMQy42g,art,noai_activism,high
qOs_mAbRhgc,art,consent_training,high
sdpW9xDkhuw,art,noai_activism,high
mou3Mu2Y_5I,art,consent_training,high
Ly---pJul8o,art,consent_training,high
-FCh1xWe4Ao,art,noai_activism,high
8IZCg7TffFo,art,consent_training,high
PydGZ-5iNto,art,consent_training,high
7S0uSvOFw4E,art,consent_training,high
qmM7cJVf2Ww,art,style_mimicry,medium
grDRXvEMtW4,art,consent_training,high
5Z-rVgBngGs,art,consent_training,high
RcOgrnC_PKQ,art,style_mimicry,high
phwYnrov5IQ,art,music_voice_theft,high
bbA1yql14Mc,art,noai_activism,high
_w_oZ4xPUMI,art,consent_training,medium
gcApug9FOhU,art,style_mimicry,high
YyfwUKaHQKg,art,style_mimicry,medium
xsoe5E5QYPs,art,style_mimicry,high
6_RTYJkv0-w,art,noai_activism,high
FdFEfWB7nCc,art,consent_training,high
gq8vLDC-I04,art,style_mimicry,high
gLgc1f73AUQ,art,creative_job_loss,high
hhqIaMVdeGY,art,noai_activism,medium
e_koCzlSwWs,art,consent_training,high
Lx7OdfYYxL4,art,noai_activism,medium
FmDBSpKLNv8,art,consent_training,high
18hHNIRBdlc,art,consent_training,high
T5Gq-STJ814,art,style_mimicry,high
8YQYhIPoppk,art,creative_job_loss,high
k2F4G82nwJ0,art,style_mimicry,medium
D5JIXzodiQI,art,music_voice_theft,high
vKe1RC9Hkwo,art,consent_training,high
1mhDiG_C8x0,art,music_voice_theft,high
P4aC-Chr86E,art,consent_training,high
JSswFa8Ta1k,jobs,white_collar_tech,medium
CHLx-5h2so4,environment,general_resource,medium
0tdceKbybRQ,art,noai_activism,high
9_CGecdYTKw,surveillance,facial_recognition,high
PqY5ipS0tXs,art,noai_activism,high
S61LKhVjMjs,art,style_mimicry,medium
KOkL4FLQ46g,surveillance,data_privacy,high
Riup28PrQzk,art,noai_activism,high
SMcQiyQtmi4,art,noai_activism,high
mN_v9_xfz3c,art,style_mimicry,high
DsWegEMFCBY,art,creative_job_loss,high
H7jEJRIL8mI,art,noai_activism,high
1HnBAbvOaOg,art,noai_activism,high
c3KCvLK_mMo,art,music_voice_theft,high
x_XoRNtDms4,art,noai_activism,high
4CzVFGJFQMg,art,style_mimicry,high
dbnRAdui400,art,consent_training,high
ol19ybnNbcE,art,consent_training,high
8uWkpKZDDo8,art,consent_training,high
sIxvZfT6lnI,jobs,other,high
oisfnWi59Hc,surveillance,data_privacy,high
v0MEgqqpHtU,art,style_mimicry,high
9ZVScewHfb0,art,noai_activism,high
dTnxu31weVo,art,creative_job_loss,high
WiTo7Y68oBs,art,other,low
K0qaw1he-Ew,art,noai_activism,medium
Ikr75zWHgeY,art,consent_training,high
Z1tvbQZ7amQ,art,style_mimicry,medium
KHJYqqgrew4,art,consent_training,high
zDOBpIkmSlY,art,consent_training,high
ftRVRhYIdrk,art,consent_training,high
rGremoYVMPc,art,music_voice_theft,high
scPRHaAou88,art,consent_training,high
bJU_htez7ik,art,noai_activism,medium
EUhFQ9xmvYc,art,consent_training,high
mBWFbkREfgM,art,style_mimicry,high
LuvJhafk4aI,art,consent_training,high
4tpt8QU5K-s,art,consent_training,high
TdPL718Jc5w,art,creative_job_loss,high
SO2FbArmeQQ,art,style_mimicry,high
-LXzTwrtfEY,art,noai_activism,high
meGW711QLyA,art,music_voice_theft,high
ugRk8zSyops,art,noai_activism,high
lW90HO_r2Zo,art,consent_training,high
C6h_8M8Tewg,art,music_voice_theft,high
dwd7qEa4iL8,art,consent_training,high
ng1la9-fRp0,art,noai_activism,medium
8QB5WbF2cYI,surveillance,data_privacy,high
WOe3B0eL4Bc,art,consent_training,high
bKmx8ovKe0E,art,noai_activism,high
BMblhfwrxjk,art,noai_activism,medium
S7ZRCBiqWRw,art,consent_training,medium
PvofqJoyT_c,art,consent_training,high
ISKzzH7EpT8,art,style_mimicry,high
lPUBXN2Fd_E,surveillance,facial_recognition,high
CXwx7v7cNac,art,consent_training,high
zMQZTezfqS0,art,consent_training,medium
LrkAORPiaEA,art,consent_training,medium
WAPvbhZs95Q,art,consent_training,medium
8GkSPyDDmXk,art,noai_activism,high
IjCiLTCdjqU,art,consent_training,high
jeLX5eJBNj8,art,consent_training,high
FGq6PeFeoqc,art,consent_training,high
JoNrMLTJXhE,regulation,pro_regulation,medium
SjNghSvJeOo,art,consent_training,high
YB-JItiQLF4,art,consent_training,high
-JlxuQ7tPgQ,xrisk,loss_of_control,high
uCmJuKQabPA,art,consent_training,medium
SRA4brHXBBQ,deepfake,misinfo_general,high
e86y8GRxaY8,art,consent_training,medium
wy08U3gEU8w,art,consent_training,high
pDA1LMceoRY,deepfake,celebrity_impersonation,high
N9LKQ9tVT28,art,consent_training,high
wdyALgFXWUc,art,consent_training,high
RjtPtg3EYRg,art,consent_training,high
0ziO5MZwF3A,art,consent_training,high
iJTuygpYa7c,art,consent_training,high
aI7XknJJC5Q,general_neg,bubble_skepticism,high
3p2u5etIDL0,art,consent_training,medium
yvB9jDW2ocI,art,consent_training,high
VGVC03KmLZQ,art,consent_training,high
xzm85iIHZ1Q,art,noai_activism,high
xESAezC9hIY,art,consent_training,high
2bG727OGKSg,art,music_voice_theft,high
lRq0pESKJgg,art,consent_training,high
SoksyGGlgks,deepfake,celebrity_impersonation,high
l6KOTx-d5lA,deepfake,misinfo_general,medium
z4M0ooG-z_4,art,consent_training,high
OBxexkE12cs,art,consent_training,high
zW6c49q3Hc4,art,consent_training,high
DBLFOlTgdkY,deepfake,misinfo_general,medium
mHtcxVSzsa0,art,noai_activism,high
AK30nI9RoiM,art,music_voice_theft,high
BAbb7jfH86Q,art,music_voice_theft,high
NrAmqgsBqB0,art,consent_training,high
oRREfeaZ8MY,art,noai_activism,high
UkBtCMEBARk,art,noai_activism,medium
DPb4aznCPOg,art,noai_activism,high
vyCEk9j489Q,art,creative_job_loss,medium
I8lb64gRiE4,art,consent_training,high
rPDNHTOW_b8,art,consent_training,high
P3T98pWZeOM,art,music_voice_theft,high
9X-TC0yDK2A,art,consent_training,high
yngMAlqn3u8,art,consent_training,high
PSYdkiHGhvs,art,noai_activism,high
FtDs2_iN6YE,art,music_voice_theft,high
G8ZIRApBQNo,art,consent_training,high
8ApeqqlZhZk,art,music_voice_theft,high
2vcg9ZWAyhc,art,consent_training,high
rVm5ODD_5p0,art,noai_activism,medium
sfRUbR5k-do,art,music_voice_theft,high
FDDhSlqtNgI,art,consent_training,high
z_20ECLE-7s,art,music_voice_theft,high
hSICQbg6dRQ,art,consent_training,medium
VIiQgDeyk-U,art,music_voice_theft,high
jjRU4kUS2IY,art,noai_activism,high
uNvb4xR1VAo,art,creative_job_loss,high
AZ1-6mbMkXA,art,noai_activism,medium
to1mIHL650U,art,consent_training,high
C2wHsRNwivg,art,consent_training,high
U4W4Ob2R_l0,art,noai_activism,high
7pujLk6JKMA,art,consent_training,high
M3bXgMYlkQo,art,noai_activism,high
Rn1os7SjjB8,art,consent_training,high
dvhKTqdPEUQ,art,consent_training,medium
XWqHhmfA_SU,art,consent_training,high
aP6NRkYqMfs,deepfake,scam_fraud,high
GJyCtOku7hU,deepfake,celebrity_impersonation,high
jgfSqFSG4jg,art,consent_training,high
m2t5cEHJmcY,deepfake,scam_fraud,high
gZIYcmLkz-A,art,noai_activism,high
cIRCr_mL70k,jobs,service_blue_collar,high
Q5Wu1-vZNcw,art,consent_training,medium
wAdCWdXn76w,jobs,personal_loss,high
KPijmoQjpFA,art,style_mimicry,high
rpiGm84BPCo,jobs,white_collar_tech,high
bGu5lAs9Iso,art,consent_training,high
HcHrkMwFM4U,jobs,white_collar_tech,medium
_zhIISVnYMg,art,consent_training,high
2wnMbmsw-bo,art,style_mimicry,high
u-DDHSfBBeo,art,music_voice_theft,high
X6ii-tGjEbM,art,music_voice_theft,high
AkGPovFIxSs,art,music_voice_theft,high
aKi3xNPBlyg,art,consent_training,high
9TG7yXhHXn8,art,consent_training,high
7fEzGlvqPC0,art,consent_training,high
-R5hdxygsbg,art,noai_activism,high
zOs_FvNl2K0,surveillance,facial_recognition,high
xrk7yDEDvsA,deepfake,misinfo_general,medium
ueFfJU9BilY,art,consent_training,high
otqlgPhP644,art,consent_training,high
QZlHXpsfchI,art,consent_training,high
MuzuB0cHW-s,art,consent_training,high
soEZYdkg6H4,art,music_voice_theft,high
nlkfTjMihnQ,art,consent_training,high
xbbmbez2c6I,art,noai_activism,high
rZOE0ikbtqA,art,consent_training,high
NRENjuMkURk,art,noai_activism,high
rY1LvkllqgY,art,consent_training,high
hoJxUA4hJjk,art,consent_training,medium
WEu7tUek0NY,art,noai_activism,high
boDGi8Y8g3I,art,consent_training,high
geGTrtn6HhI,art,consent_training,high
R1dLwhIdqf4,art,consent_training,high
bYiOITCVqoc,art,consent_training,high
swuidn2BgtY,art,consent_training,high
WlXlZJ13dbE,art,consent_training,high
7mb6rhb1k3o,art,music_voice_theft,high
558hf7WV7XA,art,music_voice_theft,high
1It-RmK3r6Q,art,consent_training,high
IQHlzhJhDSk,art,noai_activism,high
9SmCBc6jhNM,surveillance,data_privacy,high
IUnH-xJlS3o,art,music_voice_theft,high
74dmjrW8eg8,art,consent_training,high
f4X14KJ5H3g,art,music_voice_theft,high
12-0VLAd4IU,art,noai_activism,high
WqtdH9dLMKI,art,music_voice_theft,high
rrb6lE9Cx9s,art,consent_training,high
atQocUvzA4Y,art,music_voice_theft,high
ZVpQEqBZ7kM,art,music_voice_theft,high
wvx1KY4-ZF4,art,consent_training,high
QTQOl_EX670,art,consent_training,high
irV0KQqvut8,art,music_voice_theft,high
S1D2FA2zkiI,jobs,white_collar_tech,high
J5m-pElut0k,art,music_voice_theft,high
9XwSeTq6Jk8,art,noai_activism,high
U4t-Q1sNNNw,deepfake,celebrity_impersonation,high
1kDfPqTfv3I,jobs,white_collar_tech,high
9gw0kFfDEt4,art,noai_activism,medium
yhOZZXUWVkY,jobs,white_collar_tech,high
FdJZPG4nTv8,art,noai_activism,high
_f01VgJC8nE,art,consent_training,high
F1P-CpyO66A,art,creative_job_loss,high
1EEyR8T9g9Q,art,noai_activism,high
hLyvHOvhfU8,art,music_voice_theft,high
amhTnkjIIK8,art,consent_training,high
dx-2iufcpQY,art,music_voice_theft,high
-AQGq3fbXtU,art,consent_training,high
7npwDK2YGGc,art,music_voice_theft,high
uCd3u7y98e4,art,consent_training,high
RezedMxZZ0k,art,consent_training,high
UExYNu5j1uo,deepfake,scam_fraud,high
r2xLB7EVU8w,art,noai_activism,high
H5SGD4VNlyY,art,consent_training,high
1VpGAypUmpY,art,consent_training,high
BljNSb3zbiw,art,consent_training,high
mxp2TDO5qEs,art,consent_training,high
fNR3H7EmSsg,art,consent_training,high
YGrcp4JPS3U,art,consent_training,high
SbCBaopgbqw,art,consent_training,high
40ONbyR-gPs,art,music_voice_theft,high
kC87FKznMNA,art,consent_training,high
1_e1TQbQi2Y,art,consent_training,high
TlVDHcPewuQ,art,music_voice_theft,high
5vrD9cYmiIw,art,music_voice_theft,high
Jo5nIjales4,deepfake,nonconsensual_imagery,medium
riMf_f5mU5Y,art,noai_activism,high
w3aF_6B4cIM,art,consent_training,high
6z9T7ql-8SE,art,music_voice_theft,high
7Z0z3mvz7Ks,art,consent_training,high
xrOIIU7Jz-M,art,noai_activism,high
DMxWIq1bcyw,art,music_voice_theft,high
tp3jiU9LG1U,art,consent_training,high
u3zkV9r1xfs,art,consent_training,high
mNrIgppHd8k,art,consent_training,high
j7TwKePQR-E,art,consent_training,medium
TLZJxM1VbIo,art,consent_training,medium
j6NDgSnzYBc,art,noai_activism,high
IBRkq8Nz46Y,art,music_voice_theft,high
gwE3xHOQgo0,art,consent_training,high
AvStxJ8TR7Q,art,consent_training,high
vC2mlCtuJiU,art,noai_activism,high
lbHC_8c0Eko,art,music_voice_theft,high
qYsXqzCxxW4,art,music_voice_theft,high
t3N6932t3Tw,art,music_voice_theft,high
8CUdFnPQaQc,art,consent_training,medium
M2wPnrSGG3Y,art,consent_training,high
XmQUrXbV534,art,consent_training,high
eLN_jfCBLlo,surveillance,facial_recognition,high
l7CJBW10amk,art,style_mimicry,high
2SdpzTZTznw,surveillance,facial_recognition,high
l4OFp5SPf_o,surveillance,facial_recognition,high
7Rb7BEZMfSc,art,consent_training,high
0oO3yvyKGlg,art,consent_training,medium
W-YV3d-giUY,art,music_voice_theft,high
SPIXy6OkpVY,surveillance,facial_recognition,high
EcR4Ldg-ATU,surveillance,facial_recognition,high
uCbluTU5Lcc,art,noai_activism,high
nLrXYI0c_e4,surveillance,facial_recognition,high
lHv5nA8eNu4,surveillance,facial_recognition,high
wnG1lh2eBtk,deepfake,misinfo_general,medium
YCYTueuXhik,art,consent_training,medium
4yoltCyWMBs,surveillance,facial_recognition,high
yavBVB-7cmQ,surveillance,facial_recognition,high
Z88JEe0mYjs,surveillance,facial_recognition,high
Pg2Wd5BmO-w,surveillance,facial_recognition,high
XQJJNk9EqVw,surveillance,facial_recognition,high
26eiOk3jrSc,surveillance,facial_recognition,high
nT_PXjLol_8,surveillance,facial_recognition,high
9mtza1evsRw,surveillance,data_privacy,high
JI4n6LTYB6M,surveillance,facial_recognition,high
nwRB9NTx6IU,surveillance,facial_recognition,high
lH2gMNrUuEY,surveillance,facial_recognition,high
sEg8y6m_vKI,surveillance,facial_recognition,high
N6boSMuunCc,surveillance,facial_recognition,high
j4g_TBmrNEs,surveillance,facial_recognition,high
aeXIgKuX_zY,surveillance,facial_recognition,high
L8FEu0WrirA,surveillance,facial_recognition,high
119qaiu1GcQ,surveillance,facial_recognition,high
NUWPtfqWFv0,surveillance,facial_recognition,high
5Zl1GDVas_A,surveillance,facial_recognition,high
WVThvqh7ixY,surveillance,facial_recognition,high
KeksYayB_G4,surveillance,facial_recognition,high
B9M4F_U1eEw,surveillance,facial_recognition,high
5-CNOsfLQQ8,surveillance,data_privacy,high
yKAdEwts2Q4,surveillance,facial_recognition,high
Jel5QVl4w7A,surveillance,facial_recognition,high
PVQCoc05Uf4,surveillance,facial_recognition,high
N84ITbSVmq8,surveillance,facial_recognition,high
XkCPh_TfAHs,surveillance,facial_recognition,high
8HNfIfWZ-Ak,surveillance,facial_recognition,high
gNvvBWCnw8Y,surveillance,facial_recognition,high
iXiL-MT9TXs,surveillance,facial_recognition,high
oXhpIyZFmwE,surveillance,data_privacy,high
mzBmBGD5NaM,surveillance,facial_recognition,high
hDCnMnTzo3g,surveillance,state_corporate,high
-kMBYwRsF4Q,surveillance,facial_recognition,high
FHouMqy1gVI,surveillance,facial_recognition,high
ADtv1X2R7TY,surveillance,state_corporate,high
Cx284WjpEQY,surveillance,facial_recognition,high
AD26zhpyiSk,surveillance,facial_recognition,high
LUFgK3JgCfA,regulation,pro_regulation,medium
S3SXqQUJEZ0,surveillance,facial_recognition,high
uwYfHmXD_Fk,xrisk,loss_of_control,high
8XcnR09Ox4k,surveillance,facial_recognition,high
6r1D4UjDzg0,surveillance,facial_recognition,high
mbX-b0W8Oms,surveillance,facial_recognition,high
kDWsr-GM3SI,surveillance,facial_recognition,high
G6s-05sAaPw,environment,data_centers,high
0z0Li3tWKwQ,surveillance,facial_recognition,high
pYGHAn83tQk,surveillance,facial_recognition,high
Bxpx8izG5nA,surveillance,facial_recognition,high
x0yWFZl6dFA,surveillance,facial_recognition,high
2UEsSp_cZws,surveillance,facial_recognition,high
U2KUjv7lY_U,surveillance,facial_recognition,high
uGeRTmDdqUI,surveillance,facial_recognition,high
OFyBk19cQr4,surveillance,facial_recognition,high
qDG6lsC1RRw,surveillance,facial_recognition,high
XWtXw5XYFyY,surveillance,facial_recognition,high
slJg9FItDl8,surveillance,facial_recognition,high
1sSdTpkJh1o,surveillance,facial_recognition,high
CZGVBlwuxS8,surveillance,facial_recognition,high
js4bGGoYhM8,surveillance,facial_recognition,high
1tn4QUwHG5I,surveillance,facial_recognition,high
kxO65wbJWBM,surveillance,facial_recognition,high
UOXj-8IxRCE,surveillance,data_privacy,high
GP9DqFjtTSY,surveillance,facial_recognition,high
t1PDzQh7z7I,surveillance,facial_recognition,high
7xpd6FwKtfg,surveillance,facial_recognition,high
Dc-fMxaRKd8,surveillance,facial_recognition,high
c1HmBIggJxo,surveillance,facial_recognition,high
1DYFKD8L6AQ,surveillance,facial_recognition,high
HaGQ8d5edPs,surveillance,facial_recognition,high
vZXkeNu0Dvc,surveillance,facial_recognition,high
YL_qbbUZ1Mo,surveillance,facial_recognition,high
9Xg-7FfLIVw,surveillance,facial_recognition,high
HKNthkhxUjE,surveillance,facial_recognition,high
P9EddOUqvGE,surveillance,facial_recognition,high
OLdDbP09Ao4,xrisk,loss_of_control,high
Xv_dG74gSQ8,surveillance,facial_recognition,high
QRP0INueCQs,surveillance,facial_recognition,high
POQF1R6Sf48,surveillance,facial_recognition,high
2ntlaBB0phw,surveillance,facial_recognition,high
OFOiY0sm2ws,surveillance,facial_recognition,high
BBKmUrppsBM,surveillance,facial_recognition,high
2Zh6IhB35nc,surveillance,data_privacy,high
Pqdg9PRbng4,surveillance,facial_recognition,high
H5IZ8Dz8vu4,surveillance,facial_recognition,high
Wm9KnhCB0oc,surveillance,facial_recognition,high
x1mfGMU8l3U,surveillance,facial_recognition,high
LijDwnM5f9I,surveillance,facial_recognition,high
jE_IkTF7-AI,surveillance,state_corporate,high
Px9sr-SMDFc,surveillance,facial_recognition,high
v55dJIt5heA,surveillance,facial_recognition,high
kbI-kq0s9Rc,surveillance,state_corporate,high
XJ6u1KxM3WY,surveillance,facial_recognition,high
OxBRws_99kg,surveillance,facial_recognition,high
4L3T9zqsv7w,surveillance,facial_recognition,medium
kYwnnKqvzc8,surveillance,facial_recognition,high
MEtuHLfStA4,surveillance,facial_recognition,high
bQ63ofwVibY,surveillance,facial_recognition,high
lrZyBciUpLQ,surveillance,facial_recognition,high
WpR8yuAuBhU,surveillance,facial_recognition,high
k7WTiqE4oOU,surveillance,facial_recognition,high
jvWlOXuZiDQ,surveillance,tracking_spying,high
9KK8mAB_hoY,surveillance,facial_recognition,high
N9ri1lSJHZM,surveillance,facial_recognition,high
He8-DkJnXik,surveillance,facial_recognition,high
XCUngtFqtTc,deepfake,scam_fraud,high
wajPDapNrx0,surveillance,state_corporate,high
9TNsVBmijb8,surveillance,tracking_spying,medium
x_vD1KUfhl8,surveillance,state_corporate,high
VEx1AVa7M9Y,surveillance,data_privacy,high
2BhkaWR2EAE,surveillance,state_corporate,high
g9JtlX4mlSc,surveillance,tracking_spying,high
XUaJAUT1ppU,surveillance,state_corporate,high
GWDCHr7vEKk,surveillance,state_corporate,high
m4ziMQgu4ak,surveillance,facial_recognition,high
SMm66rrKmDg,surveillance,state_corporate,high
4RM09nKczVs,surveillance,state_corporate,high
O1YV4HeRbxI,surveillance,state_corporate,high
xf0iwEIRwtA,surveillance,data_privacy,high
c_3q_MERZe0,surveillance,state_corporate,high
OH7lRXE54_U,surveillance,state_corporate,high
GHSNlA53Yqo,surveillance,state_corporate,high
o5Nd85-G7yI,surveillance,state_corporate,high
qdQt0VGAjd0,surveillance,state_corporate,high
BMxKfgqglm0,surveillance,data_privacy,high
UHS36L8HFXE,surveillance,state_corporate,low
dL_zRFz_4Ig,surveillance,facial_recognition,high
C2fRCtT2zRQ,surveillance,state_corporate,medium
c9QELUrB894,surveillance,state_corporate,high
4EnyusHgoNk,surveillance,state_corporate,high
HSVhbpJRnGM,surveillance,tracking_spying,high
OLVE5xtdZTA,surveillance,state_corporate,high
a1NZF_sh7vM,surveillance,state_corporate,high
gusKffioPNg,surveillance,state_corporate,high
kX9LEFVr9GY,surveillance,facial_recognition,high
LLHVMsZ-X94,surveillance,state_corporate,high
swbECo2Quzw,surveillance,state_corporate,medium
CukiC_zCK2U,surveillance,state_corporate,high
6EypCNuuOpI,surveillance,facial_recognition,high
LQxLeQcy65w,surveillance,state_corporate,medium
bvWYanhq77g,surveillance,state_corporate,medium
8pnhQw5e2ko,surveillance,tracking_spying,high
-iZ6fwzXVXE,surveillance,tracking_spying,high
qpYIVf1iPlg,surveillance,state_corporate,high
7RgdOoIbfFs,surveillance,facial_recognition,high
4nf3QdpLywA,surveillance,state_corporate,high
spGVJkFpx0M,surveillance,state_corporate,high
IpY0KLwfcYc,surveillance,tracking_spying,high
g2yorOFy5z0,surveillance,state_corporate,high
wzGmtz7hCuA,surveillance,state_corporate,high
LMOQfN5vOXs,surveillance,state_corporate,high
fSqeq2l5opA,surveillance,state_corporate,high
5MXsupA4Clc,surveillance,state_corporate,high
GXdUFXhlFFM,surveillance,state_corporate,high
1ceZm8lddds,surveillance,state_corporate,high
Rs0dpCOwNa4,surveillance,tracking_spying,high
-RLGrT7jEWQ,surveillance,data_privacy,high
2hbq8uXDsDc,surveillance,state_corporate,high
Y5eqenm818w,surveillance,state_corporate,medium
mr9yvZ_rYlE,surveillance,state_corporate,high
wo5lqVu9GQc,surveillance,other,low
HBUUz1wsprM,surveillance,state_corporate,high
2D6ug3AKMgs,surveillance,state_corporate,high
pH5giyUGS4A,surveillance,state_corporate,high
1dDhqX3txf4,surveillance,tracking_spying,high
cWnmwGTE34Y,surveillance,state_corporate,medium
5lYsO4k7OIY,surveillance,state_corporate,high
zNrmeuU3csg,surveillance,state_corporate,high
oprXFNUU6B0,surveillance,state_corporate,high
lY_1bwvZUjM,surveillance,state_corporate,high
aSz_K-1zaNs,surveillance,state_corporate,high
MW3zR7i9YSE,surveillance,state_corporate,high
pK31JNIdEgk,surveillance,state_corporate,high
Hog1sCt7ulw,surveillance,state_corporate,high
ygMg60o5tK4,surveillance,state_corporate,high
8TdsWbfXs3w,surveillance,tracking_spying,high
MXmCgAFALos,surveillance,state_corporate,high
1pYFbeeGQ5w,surveillance,tracking_spying,low
DnFdhxFAZiw,surveillance,facial_recognition,high
jeFDbnolVgM,surveillance,state_corporate,high
I1dIuOYpN7M,surveillance,state_corporate,high
VLVG-63CyGo,surveillance,state_corporate,high
4PghMGsw-sc,surveillance,data_privacy,high
vCHKhrCNccA,surveillance,facial_recognition,high
7bNqdFY6SxQ,surveillance,state_corporate,high
q0PoWEeZt_Q,surveillance,state_corporate,high
KiiH3Yqmq7M,surveillance,tracking_spying,high
JrVWli7oXr4,surveillance,tracking_spying,high
QeN3NDJPAAA,surveillance,tracking_spying,high
xG3V9vZ4MIU,surveillance,state_corporate,high
gdFi-wRRSCY,surveillance,state_corporate,medium
sFgwxK6SSjo,surveillance,state_corporate,high
PqDh2mXib4U,surveillance,tracking_spying,high
FjGrHPlI2ts,surveillance,state_corporate,high
qQIAQdX6x1Q,surveillance,state_corporate,high
hEptvNN4f5o,surveillance,data_privacy,high
9T8blyb5_Uw,surveillance,state_corporate,high
Jz_b3P_OJiM,surveillance,state_corporate,high
a0wQr7KHr3Q,surveillance,state_corporate,high
VsiXkK08LRE,surveillance,tracking_spying,high
GSSl0ftP4C4,surveillance,state_corporate,high
v3ZoTVLTGXg,surveillance,state_corporate,high
vG7CvbccdVM,surveillance,state_corporate,high
HXkLqX_fmNw,surveillance,state_corporate,high
Om8v_fu2Mw0,surveillance,state_corporate,high
pLikKo6jI4s,surveillance,state_corporate,medium
W9ClTNZ3nQ8,surveillance,state_corporate,high
K-lrtgv0l0o,surveillance,tracking_spying,high
g8ostfpSKyY,surveillance,state_corporate,medium
tipqB_gZ3pg,surveillance,state_corporate,high
vZlIK7swpMk,surveillance,state_corporate,high
OHCxRKbkw18,surveillance,state_corporate,high
m-HOwyJJn1s,surveillance,state_corporate,high
mQxQpzNSNZU,surveillance,state_corporate,high
WOH-c5ziJIs,surveillance,state_corporate,high
aY083bkKVf4,surveillance,state_corporate,high
Jh3k6-RInHI,xrisk,extinction_doom,medium
3HbgetgP4J0,surveillance,state_corporate,high
JOniHd3m3pE,surveillance,facial_recognition,high
Qn6pzA0IPnM,surveillance,state_corporate,high
Fbzcr4SHfcg,surveillance,state_corporate,medium
IrVowjJ3J0Y,surveillance,state_corporate,high
ry9DiY2Q-lo,surveillance,tracking_spying,medium
_sY963QK_vI,surveillance,tracking_spying,high
iD-XCHGgkt0,surveillance,state_corporate,high
LEvc9JCbH0E,surveillance,facial_recognition,high
Vk95ZO-WAvY,surveillance,data_privacy,high
PtxsyS9iaPI,surveillance,state_corporate,high
Li1shx-g04c,surveillance,tracking_spying,medium
eEutASbKpmo,surveillance,tracking_spying,high
OpDBtQPIHDo,surveillance,state_corporate,high
H_fyQCeBaeM,surveillance,tracking_spying,high
KToeNxZler0,surveillance,state_corporate,high
-RVetjcHfOs,surveillance,state_corporate,high
gwo8dq1iv2c,surveillance,state_corporate,high
bDPgT99BzXw,surveillance,state_corporate,high
TLlHojCBuzE,surveillance,state_corporate,high
kgShsLEZkU8,surveillance,state_corporate,medium
IiJG02qjx_s,surveillance,data_privacy,high
vA33P-0h8rE,surveillance,facial_recognition,high
fr4YbDvUXdw,surveillance,facial_recognition,high
0kqlK7MeoUI,surveillance,state_corporate,high
mHrIGap5lN4,surveillance,facial_recognition,high
6GlmhiquzwU,surveillance,tracking_spying,medium
3MiLiQ6olkI,surveillance,state_corporate,high
2jvkti1kz0M,surveillance,state_corporate,high
mTjoKtviifw,surveillance,data_privacy,high
a5b25x6sr9I,surveillance,state_corporate,high
IAcV2JHe7ys,surveillance,state_corporate,high
xthNESkfISo,surveillance,state_corporate,high
Upg7wdGZvrY,surveillance,tracking_spying,medium
Vfmxo_hFGRg,surveillance,state_corporate,high
_yyJJrENO2k,surveillance,state_corporate,high
D0cvZD0SoLI,surveillance,state_corporate,high
iIIPRCsKBf0,surveillance,state_corporate,high
hlvqedt99Qg,surveillance,state_corporate,high
7fJ6J5KDQt4,surveillance,tracking_spying,high
RSogYT_f41Q,surveillance,tracking_spying,high
S7bYTaiVBlk,surveillance,state_corporate,high
yRylp5iL6Xc,surveillance,facial_recognition,high
58nr7cNIyk0,surveillance,tracking_spying,high
dIiB3zHykoI,surveillance,state_corporate,high
eF6JFGnDQDc,surveillance,state_corporate,medium
abT9MD94c5Q,surveillance,tracking_spying,high
5L5YNo44LyM,surveillance,state_corporate,high
zEh_pHCcOBc,surveillance,tracking_spying,high
cDEnDxXrpSk,surveillance,state_corporate,high
6F-NudGY4Vg,surveillance,tracking_spying,high
wnuuiDaMX7k,surveillance,data_privacy,high
yMG826fN8GQ,surveillance,state_corporate,high
4iTOtSZG7i0,surveillance,tracking_spying,high
4383Gyf6EEc,surveillance,tracking_spying,high
rrameGcvKv4,surveillance,tracking_spying,high
4DSBn8nFY-g,surveillance,state_corporate,high
2dQKJ_T1sJQ,surveillance,state_corporate,medium
wI-G_br5vh4,surveillance,state_corporate,high
OuYOKjqBgy8,surveillance,state_corporate,high
kJGxV9lw3E4,surveillance,tracking_spying,high
pLQc8xwdPbc,surveillance,state_corporate,medium
dn3W6nH01nQ,surveillance,state_corporate,high
4sTJHd-rVuw,surveillance,tracking_spying,high
BavsuX7UEqA,surveillance,state_corporate,high
rtE9JNmvXkY,surveillance,data_privacy,high
kee8Q7t8X60,surveillance,tracking_spying,high
tnmw-33SHhQ,surveillance,state_corporate,high
dHOcI0BcwS4,surveillance,tracking_spying,high
r9yIA4xWVrI,surveillance,facial_recognition,high
_hLLEZGyq9A,surveillance,state_corporate,high
eV7SDtlyIpc,surveillance,state_corporate,high
IT76-xymFiI,surveillance,state_corporate,high
AycZtR3CSpQ,surveillance,facial_recognition,high
YtIWBCaLejQ,surveillance,state_corporate,high
QDJEFiDFJZg,surveillance,tracking_spying,high
htBaVVh_k90,regulation,safety_oversight,high
iiayMNumUiw,surveillance,data_privacy,high
rpfLr0L19Ng,surveillance,state_corporate,high
U7gBxJkdvOw,surveillance,data_privacy,high
mWvfsvZDRSc,surveillance,state_corporate,high
iyJhmLKBQoo,surveillance,data_privacy,high
YNumgwL3ZKY,surveillance,tracking_spying,high
VHcljWh9yHY,surveillance,state_corporate,high
8SCmKzxJrDE,surveillance,data_privacy,high
guerGQMe9KA,surveillance,tracking_spying,medium
f4tnVzVzZ9U,surveillance,data_privacy,high
jm4qQmAKhXI,surveillance,data_privacy,high
yOYCVJpE8i4,surveillance,state_corporate,high
oOoDXnicxHU,surveillance,data_privacy,high
zjEJSMFzh44,surveillance,data_privacy,high
SYYp7wrGqOQ,surveillance,data_privacy,high
7gtUQ9zRQ9M,surveillance,data_privacy,high
tR7pcxvu1-4,surveillance,tracking_spying,medium
hTaYDvVZntY,surveillance,tracking_spying,high
6fkUdhsB73g,surveillance,state_corporate,medium
J5VEJ_wHYx0,surveillance,data_privacy,high
6_8AVjATBfU,surveillance,data_privacy,high
yp9uY5xVoEg,surveillance,state_corporate,low
CWrOKLr8cbU,surveillance,state_corporate,high
SL72I_I9YxE,surveillance,tracking_spying,high
gWbad4YXN8s,surveillance,tracking_spying,high
YBxxiOjWlZ4,surveillance,data_privacy,high
hLgNNrQsqu8,surveillance,state_corporate,medium
vDSbeHWigi4,xrisk,loss_of_control,medium
BVe8EBgSasQ,surveillance,data_privacy,high
ZfVUdLL3ZgQ,jobs,all_jobs_panic,high
rT0s0K_OpgA,surveillance,tracking_spying,high
0ANECpNdt-4,surveillance,tracking_spying,high
NarVEOUX51M,surveillance,state_corporate,medium
iZJ0KnsXeyA,surveillance,tracking_spying,high
J7PM-luUq7A,deepfake,misinfo_general,medium
rG3gbDpGvBw,surveillance,tracking_spying,high
TImbWm23kNQ,surveillance,data_privacy,high
ilEsZxUDj9A,surveillance,tracking_spying,high
QRLwKLPUXSE,surveillance,state_corporate,high
zUa84G9x8bw,surveillance,tracking_spying,high
JcRc91H56Xc,surveillance,state_corporate,high
EgcILDc_dsI,surveillance,data_privacy,high
nvasi9ghJC0,surveillance,tracking_spying,high
S9kLNeSdrqA,surveillance,state_corporate,high
mltClmzQHXI,surveillance,data_privacy,high
_n7_0Nx41PA,surveillance,data_privacy,high
3Qb45ZPflMA,surveillance,tracking_spying,high
T4nk3AzOe-A,deepfake,scam_fraud,high
pcpZs4GQKWk,surveillance,state_corporate,high
XxgiC1BeCmo,surveillance,tracking_spying,high
l9eDZN5Vj68,surveillance,state_corporate,high
EnwBvLTMcj0,surveillance,tracking_spying,low
AoqAO3JUc0U,surveillance,tracking_spying,high
lSwOSQz5n90,surveillance,state_corporate,high
qG4ektofzkI,surveillance,state_corporate,high
GKFGtWowCkc,surveillance,data_privacy,high
vuoY5LHuy-I,surveillance,data_privacy,high
wMa6lmy38P4,surveillance,tracking_spying,high
DUfSl2fZ_E8,regulation,corporate_critique,high
pIJJj1NBNLA,surveillance,data_privacy,high
trpzGr_H068,jobs,layoffs_news,high
dLifFFA1HWk,surveillance,state_corporate,high
wmwIvFEiVWc,surveillance,data_privacy,high
vVZlFphCT08,regulation,corporate_critique,high
dTIRMiUcYJw,surveillance,data_privacy,high
V5mZSiPYsAA,surveillance,state_corporate,high
ZIAA3egWvxg,surveillance,data_privacy,high
ZNfNaDnzrMI,surveillance,tracking_spying,medium
JnNKrXezb-I,surveillance,data_privacy,high
wgnTpOGBo5o,surveillance,data_privacy,high
-NCavPSBef8,surveillance,state_corporate,high
rtz54DbFsmU,surveillance,facial_recognition,high
r-ld76lGe5g,surveillance,tracking_spying,high
YzpVv_zNSr4,surveillance,tracking_spying,high
Y-shJsFrHo0,surveillance,tracking_spying,medium
6MZBBsB-u3M,surveillance,tracking_spying,high
4DaZUCM5Ies,surveillance,data_privacy,high
v3g8XkCfZ0o,surveillance,data_privacy,high
r4ffxYSCP8k,surveillance,state_corporate,high
Z3wlU1LEDXU,surveillance,tracking_spying,high
5zyYS7AXzTY,surveillance,tracking_spying,medium
t77mxtKpP84,surveillance,state_corporate,high
io4QCkMB_6U,surveillance,state_corporate,high
5FBjiX9RFG4,surveillance,tracking_spying,high
yptm-77-2DY,surveillance,tracking_spying,medium
4TdTijNCMsA,surveillance,data_privacy,high
Bpl6kUkkH-g,surveillance,state_corporate,high
HiM8EmV8Xb4,surveillance,data_privacy,high
Md3LLIaUD10,surveillance,state_corporate,high
sqYppsFu-wE,surveillance,tracking_spying,medium
_5YSsVVVrFQ,surveillance,tracking_spying,medium
ZkK2xjIE3So,surveillance,tracking_spying,high
DZ95Gmvg_D4,surveillance,state_corporate,high
kqd73bWvhB8,surveillance,tracking_spying,high
Bw5iyvD1wq8,surveillance,state_corporate,high
ZyQoqextg9o,surveillance,tracking_spying,medium
SIklIooDS84,surveillance,state_corporate,high
rDSxNAU3ShU,surveillance,data_privacy,high
uidPipHGDZQ,surveillance,state_corporate,high
GtH-qR-f2VE,surveillance,data_privacy,high
9oIjaFfmJn8,surveillance,state_corporate,high
fQbl7jbpJec,surveillance,tracking_spying,high
YMD6RYUPoVM,surveillance,tracking_spying,high
lRXupfGzAfw,surveillance,tracking_spying,high
xyIUKbzIJaM,surveillance,tracking_spying,high
lR9tQ-UyuuY,surveillance,state_corporate,high
HdYYwC5EXzs,surveillance,tracking_spying,high
KE_aY-FqxO4,surveillance,state_corporate,high
Acg-ObKteAs,surveillance,data_privacy,high
u0PgYtkkCIU,surveillance,state_corporate,high
ZxAwW6sDBXY,surveillance,data_privacy,high
0kQp05Gq-0Q,surveillance,state_corporate,high
C8-JC_W32kU,surveillance,data_privacy,high
hiLUqVpC3rk,surveillance,data_privacy,high
w-qa08iPoRk,surveillance,data_privacy,high
PjA9j5EXtys,general_neg,antiai_identity,medium
-vqn6BI7Wgk,surveillance,tracking_spying,high
Q60rYwfti5w,surveillance,tracking_spying,high
CwIcNpkJP7A,surveillance,data_privacy,high
3nvJzB1z5GE,surveillance,data_privacy,high
3nF3zt8mEhU,surveillance,data_privacy,high
x2F_srIKByI,surveillance,data_privacy,high
7kw1vT0Gtco,surveillance,tracking_spying,high
EPWHw3VxXCs,surveillance,data_privacy,high
nP1UuHRZjbQ,surveillance,state_corporate,medium
CojVY-jR9BQ,surveillance,state_corporate,high
Ha4Bn-P28ik,surveillance,tracking_spying,high
HVWM1E8s1Gw,surveillance,data_privacy,high
80kGTo-q5Mw,surveillance,tracking_spying,high
dBNj1hVzMI8,surveillance,state_corporate,high
tVr24Ezhorw,surveillance,data_privacy,high
dbP0HIq-QYo,surveillance,state_corporate,high
o1b8LOYRdHE,surveillance,tracking_spying,medium
67qtEYm5t1I,surveillance,data_privacy,high
q5CqNR6VNlM,surveillance,data_privacy,high
GD77J1hqKdw,surveillance,data_privacy,high
d2AC-2SHzdo,art,consent_training,high
clntoHFw4TY,surveillance,data_privacy,high
3rCPDuKCZtY,surveillance,facial_recognition,medium
_ipvuBEipy4,general_neg,ai_slop,high
LE9YCZ99J7c,xrisk,loss_of_control,medium
UeEuH12tR3E,xrisk,loss_of_control,high
jPhJbKBuNnA,jobs,all_jobs_panic,medium
5vl2JONkQVc,surveillance,data_privacy,high
SAvfcWoHRi4,jobs,all_jobs_panic,medium
7j6qdpG5Jzg,surveillance,tracking_spying,high
70xfvNqwbsw,surveillance,data_privacy,high
3wjat9tUlUM,art,music_voice_theft,medium
yIB3rAC_dpU,surveillance,data_privacy,high
Es4fWdOEvio,jobs,other,high
e03L9Pb-c80,surveillance,tracking_spying,high
QFEWl9t9gcc,surveillance,data_privacy,high
e9pOmOyfqFQ,education,learning_harm,high
3QO33rYrQtU,surveillance,state_corporate,high
sm3G1HDP1P8,surveillance,tracking_spying,high
mXgL_FNdLNk,jobs,all_jobs_panic,medium
p0tkL_hdMvs,surveillance,state_corporate,high
P6YTbb0VyaU,deepfake,scam_fraud,high
fFLVyWBDTfo,xrisk,extinction_doom,high
iqiMpAAjzcs,surveillance,data_privacy,high
_a14lplBg2Y,surveillance,state_corporate,high
ba31n4YbsAQ,surveillance,tracking_spying,high
4i1GNUUUvdY,surveillance,data_privacy,high
FAejOPuDL1M,general_neg,ai_slop,high
BTa-fAqQYFQ,jobs,layoffs_news,high
Ac0-fBK0LVQ,environment,data_centers,high
ZHyt-NaVH9w,surveillance,state_corporate,high
shYD-CC-nlw,surveillance,state_corporate,high
GzHDINfMJyc,surveillance,state_corporate,medium
KACnD0BqWTg,surveillance,tracking_spying,high
1bBVap-RYr8,surveillance,tracking_spying,high
oc2mmx5QcGU,xrisk,loss_of_control,low
I2TAFDKneSY,education,student_cheating,high
E1LGNHN0jYU,surveillance,facial_recognition,high
ouZNKIDZxjw,general_neg,hate_quit,medium
z1Rx0sWs_Xk,surveillance,state_corporate,high
SulEsRClTIo,education,student_cheating,high
A783_NliLW0,deepfake,misinfo_general,medium
-6XgQJGdIr8,education,student_cheating,high
R7oChg73Ov4,surveillance,data_privacy,high
k4yfaAsIXgI,education,student_cheating,high
jZNSDqSB-hA,surveillance,tracking_spying,medium
IAoa2WlA-PI,art,noai_activism,high
vWR8VFjk-yU,education,student_cheating,high
CqgIKeLcbAY,education,student_cheating,high
9mNBzw5pGB4,education,learning_harm,high
rKTBmPgOVec,education,student_cheating,high
HpXANQTgbPg,xrisk,loss_of_control,high
xAHLK1B5ijs,general_neg,hate_quit,medium
RM3X4liaE5I,education,student_cheating,high
Yc2bBeuvGBQ,education,student_cheating,high
_g0E6J_KWu4,education,learning_harm,medium
GfeQXYFMuz0,general_neg,hate_quit,medium
SkBYza65FFw,regulation,corporate_critique,high
D-y_NkKWTqo,education,student_cheating,high
umflgPF04w0,education,other,high
Y13i2IPixis,education,student_cheating,high
_nuoJiXfH_g,xrisk,loss_of_control,medium
wbhRoVMzquU,surveillance,data_privacy,medium
jy9n4YRC3Mk,education,student_cheating,high
26Vf9mxV7so,surveillance,data_privacy,high
2YF2I25KmTU,education,student_cheating,high
tTog1Gdyh8M,general_neg,bubble_skepticism,medium
pgaZsjHJ4KM,general_neg,hate_quit,medium
QYyHO9R_k5M,regulation,corporate_critique,high
ygAUudzHyg4,general_neg,product_degradation,medium
xTiBF2Hq40I,education,student_cheating,high
_vLAkRn_nYk,education,student_cheating,high
xDJu-gzjjzo,education,student_cheating,high
H2zKEuw9c0E,education,student_cheating,high
yIhNfxeB0TU,education,student_cheating,high
6aVRQDKJ9Dg,education,learning_harm,high
F1_7jqztiUc,education,student_cheating,high
1wZosia0dyc,education,learning_harm,high
JlD4-e5BhME,education,learning_harm,high
CLpEcSvP4As,education,learning_harm,high
ubqLbBSujLs,education,teacher_impact,high
r4n79ZRepi8,art,creative_job_loss,high
D42GGjF_mCA,general_neg,bubble_skepticism,medium
0ZUkQF6boNg,jobs,personal_loss,high
T1qO_Aoy3PM,art,noai_activism,medium
bqBEaky6SHU,education,learning_harm,medium
uOoq4e4DX6k,general_neg,product_degradation,high
_R1vPQH2RzE,education,student_cheating,high
BVeUa8qzJ8o,education,student_cheating,high
bKc4R1PsnUo,education,student_cheating,medium
5FTSjIu4204,general_neg,hate_quit,medium
JydKn_H1CDM,education,teacher_impact,high
gsXDt6j7HcA,education,learning_harm,high
PZD2nr1-pHc,education,student_cheating,high
H_xR5peig-o,jobs,white_collar_tech,medium
jpyNwaLQxeY,education,learning_harm,high
nUXszRdhx7k,education,learning_harm,high
APUJYLikWu8,jobs,white_collar_tech,high
j5iGGti5z2w,deepfake,misinfo_general,medium
0_o8KyflDxA,education,learning_harm,medium
vva8KlhP9fc,education,learning_harm,high
9zSpDVMG5Bo,general_neg,hate_quit,medium
c2HMQSB_e5A,education,learning_harm,high
MgEFPl1M83U,general_neg,product_degradation,medium
2WttbWTvdWk,general_neg,product_degradation,high
iMs7NeMpwz4,education,learning_harm,high
FJzrYCiLnhQ,general_neg,bubble_skepticism,high
TKjY-xIZ1W4,general_neg,product_degradation,medium
7V6nucKFK88,education,learning_harm,high
eM5uUGSQHtY,education,teacher_impact,high
0MiAki7_LZM,education,student_cheating,high
dsOJNPis3iA,education,learning_harm,high
30dxO7vqTqg,education,learning_harm,high
HRuAltWcLd4,education,teacher_impact,high
utRsT0MRDfE,education,learning_harm,high
OogFWnsJ14Y,education,student_cheating,high
vVAb7Ry6LvQ,general_neg,other,medium
K2LMOnuIy_k,education,learning_harm,high
-FNCmMDaHIM,education,school_bans,high
xMA-KHqjXTo,education,learning_harm,high
PEI9RFJFicg,education,learning_harm,high
mXcS62WwhJQ,education,student_cheating,high
3tTCpH_hEiw,jobs,white_collar_tech,high
Jb8ewuObF9M,education,student_cheating,high
_PPx4KV8SaQ,education,learning_harm,high
GJeFoEw9x0M,xrisk,loss_of_control,high
m8WomdCLBqE,education,learning_harm,high
8ynCVmw5AWk,education,learning_harm,high
Qo3EXw5Hezg,education,student_cheating,high
-5MXDKEmBkk,deepfake,scam_fraud,high
KhBsHoiiorM,education,learning_harm,high
xq103aaskzs,education,learning_harm,high
sn1V7ckWirM,education,school_bans,high
ATlCHKJKsEc,education,learning_harm,high
BzsLbHoNXTs,education,learning_harm,high
gMCOcSJ3ykI,education,learning_harm,high
Oo9NmgxmTko,jobs,white_collar_tech,high
ZrH6DDJ7Y-M,jobs,white_collar_tech,high
S0MjfyMuO4k,education,learning_harm,high
C7VzKE17Rys,education,learning_harm,high
JAVQJuVkEgI,general_neg,ai_slop,high
FiLK_jXpy1o,education,learning_harm,medium
m56Jg6Jwpfo,art,consent_training,high
lFPonuomsFo,education,student_cheating,high
5wXlmlIXJOI,general_neg,bubble_skepticism,medium
GKFwfELX3Hg,education,teacher_impact,high
5R8N7rAD1J4,jobs,personal_loss,high
WVpwxZPpNPQ,xrisk,other,medium
_rVTC22axJM,art,consent_training,high
AgWYRt2aeRQ,education,student_cheating,high
ms4jGpbfq9k,education,learning_harm,high
SYMghsJrPA8,art,consent_training,high
ovIcBnaUN7s,education,learning_harm,high
SXTdVGjWlTw,education,school_bans,medium
5fEchawPd6I,education,learning_harm,medium
2LL0qArHkVo,education,student_cheating,high
0MWotMsNDp0,education,student_cheating,high
nV3vl8zuFZI,art,consent_training,medium
o-1oBJziwM8,art,consent_training,high
WMzj7l_8dPA,education,learning_harm,high
uWxh6g4zRxg,art,consent_training,medium
eJz3DBnG-VU,jobs,other,high
XIYOCPYFjc8,xrisk,loss_of_control,medium
W4rYjYSbzWQ,art,consent_training,high
iY6q_YiQpWA,education,learning_harm,high
LUQpQeYbfhw,art,consent_training,high
k8mZW7-4eso,education,student_cheating,high
16B0rD5Am_U,surveillance,data_privacy,low
x85NdqO0exU,education,student_cheating,high
U6pdZck8Al0,education,student_cheating,high
WUHn5rdcZHE,jobs,all_jobs_panic,high
SUO73VdZ5Xo,education,student_cheating,high
vAVhzb-hFmw,art,consent_training,medium
zxxpILz12Y0,education,student_cheating,high
CS28rCDnFu4,art,consent_training,medium
4TSZbLthSWo,art,consent_training,high
rxdKwkjLonU,education,student_cheating,high
is2C9OwSKV8,education,student_cheating,high
3xXJyQ_8lZU,education,student_cheating,high
E0W6MHGpKVs,art,consent_training,high
23HM1fQvSVo,education,student_cheating,high
At6Co9xD1Dg,education,student_cheating,high
_M1wi3YOkmQ,education,school_bans,high
Re_ThXH9N8Y,education,student_cheating,high
8KNOL21t4jM,education,teacher_impact,high
Q8rnPOcLE60,education,student_cheating,high
yuP38YpCPyg,education,student_cheating,high
OH9mDc9RM2c,education,learning_harm,high
v7tMjkvhji0,education,student_cheating,high
wND4G5Y-KU0,education,student_cheating,high
FqkPJvLy8oA,education,student_cheating,high
lRjXOwK9CwE,education,student_cheating,high
U2EU9Bl3-dM,education,student_cheating,high
iS2S_0WI9pU,education,student_cheating,high
neGUPk_MUoA,education,student_cheating,high
lJbon7Ag4SM,education,student_cheating,high
6pnpubU2jug,education,teacher_impact,high
7_vRdkjqT4s,education,student_cheating,high
zZ47tmmMx7M,education,student_cheating,high
hq7RRGjpOmo,education,school_bans,high
MDpUIOt2dIo,education,student_cheating,high
nxcYHZEu9E8,education,student_cheating,medium
C_Xrk3BQEqM,education,student_cheating,high
9_xFWA0YV_A,education,student_cheating,high
s9LtJn5PA6M,education,student_cheating,high
ZJAkNTNVur8,education,learning_harm,high
5T3kIOUzgTk,education,learning_harm,medium
TFiMzCr1ed4,general_neg,bubble_skepticism,medium
DCV5Gtsw8gI,education,student_cheating,high
sBkX2vpAaTc,education,student_cheating,high
6pZabaJXUPM,regulation,safety_oversight,high
BTqrZwEBBS4,education,student_cheating,high
47kcsUM6MHY,education,student_cheating,high
2rR8eFk3LUU,xrisk,loss_of_control,medium
swrq8jMpMus,education,student_cheating,high
-zildfZdZbQ,regulation,pro_regulation,high
0qAORqrARyA,education,student_cheating,high
BRsFVIMnxek,regulation,safety_oversight,high
XQRxrahwGqE,education,student_cheating,high
jNKorWMqoTc,regulation,pro_regulation,high
QMk_7dnANuo,jobs,all_jobs_panic,medium
u0CHHF-WEow,regulation,pro_regulation,high
lGhzB6NscUg,regulation,safety_oversight,high
MhDsfTGUcRU,education,student_cheating,high
4e-DxjdDJzs,regulation,pro_regulation,medium
9g6t1ql67ic,jobs,all_jobs_panic,high
U1D7ot8K2X8,regulation,safety_oversight,high
t3lVkn0ZRLM,regulation,pro_regulation,high
f7F-G69qWt4,regulation,safety_oversight,high
dmfxS6DEm7A,regulation,corporate_critique,high
7S-n9YpgHkg,regulation,safety_oversight,high
yHfgZ8Izgtg,xrisk,loss_of_control,high
Rb0gHjctc6I,regulation,safety_oversight,high
gUM1Pl4GFfg,surveillance,state_corporate,high
qxsipknUTNw,regulation,pro_regulation,high
zY96dpgTFRE,regulation,safety_oversight,high
V0LuLz4P4O4,regulation,pro_regulation,high
NOmXmL8Cnk0,regulation,pro_regulation,medium
I5DliuRGUbw,regulation,safety_oversight,high
24_fd9K4LjM,regulation,safety_oversight,high
xGMtYW14Ek0,regulation,pro_regulation,high
5S9mGiB119c,regulation,safety_oversight,high
OWySKajS9yc,regulation,safety_oversight,high
M5rsQKWv2NE,regulation,pro_regulation,high
l3zIFcmbK7M,regulation,pro_regulation,high
O6vX7QFJJGw,regulation,pro_regulation,high
CwF0F5hT6Zo,regulation,pro_regulation,high
GMP2Sw2UtAY,regulation,pro_regulation,high
unFrfJlf-UY,regulation,pro_regulation,high
R_kCZ9YvOO0,regulation,pro_regulation,high
48TUI_rzZJY,deepfake,misinfo_general,high
MY0jLPZZKpA,xrisk,other,high
FnlgwyVahCY,regulation,corporate_critique,high
IrdYvm5CFo8,surveillance,tracking_spying,low
xM67YOqomGo,regulation,safety_oversight,high
SMVXALouL7A,regulation,safety_oversight,high
M-IVVJkZnuo,xrisk,extinction_doom,high
wnU82BEU8Ss,regulation,corporate_critique,high
CEe28T5gX7c,regulation,safety_oversight,high
2TXfDDMJ6t8,regulation,safety_oversight,high
pi9N_2rRpmA,regulation,corporate_critique,medium
W7oTx4AR3UM,regulation,safety_oversight,medium
EmKg45AN6q8,regulation,pro_regulation,high
Dv5P-LErpS8,surveillance,facial_recognition,high
PUXcKQkgnNI,regulation,pro_regulation,high
TO9SVzMm49M,regulation,safety_oversight,high
qNQ-qE6xvrk,regulation,safety_oversight,high
ZFDuc_KTOBE,xrisk,loss_of_control,high
pr7zb1KuEM8,xrisk,agi_superintelligence,medium
pM2Ixt8wK4c,surveillance,state_corporate,high
oiheOXZhyr0,xrisk,agi_superintelligence,medium
IAdAhayqv0Q,art,noai_activism,high
c0hsv1BvQI4,regulation,pro_regulation,high
NeJbz7c8Nqk,regulation,safety_oversight,high
Xw04wkExNXc,regulation,pro_regulation,high
awq6gS1XL14,regulation,pro_regulation,high
Q6eX1T7NPbw,regulation,safety_oversight,high
-pmrNOqgzuM,regulation,corporate_critique,high
xtiTdIiCWzw,xrisk,extinction_doom,high
nBb58v8XEYA,surveillance,tracking_spying,medium
bNfO0rnFFGQ,regulation,safety_oversight,high
r74F99faY1s,regulation,safety_oversight,high
wDBy2bUICQY,xrisk,agi_superintelligence,medium
SXzgYGSLmHU,regulation,pro_regulation,medium
w5SYm4J4utQ,xrisk,loss_of_control,high
TW39Qz2srIM,xrisk,agi_superintelligence,high
BB_LyRWasjM,surveillance,state_corporate,medium
Xqe1ORn46Cg,regulation,pro_regulation,high
qU-vNWjOXFs,regulation,pro_regulation,high
qJ9ag3_Gnfs,xrisk,loss_of_control,medium
eLqNoZP0vFU,xrisk,personal_dread,high
eDBhyWAffEQ,regulation,safety_oversight,high
POtESzTaz0k,xrisk,loss_of_control,medium
NPeLC_kPLe4,regulation,safety_oversight,high
dTICrUJAoGQ,xrisk,other,medium
F-vEx81_h2w,xrisk,agi_superintelligence,high
O380zbRPgo4,general_neg,antiai_identity,medium
iWQqRllyYGA,regulation,safety_oversight,medium
Aw-Eq7WfK1g,xrisk,loss_of_control,high
iBaNRP0JsR8,xrisk,loss_of_control,high
H9zY8TXZw4c,xrisk,loss_of_control,high
faGJ08cgROw,jobs,other,high
SA-nGLltIDw,xrisk,loss_of_control,high
7dRkZlE0ck8,xrisk,loss_of_control,high
bta18wTOr_k,xrisk,loss_of_control,high
grQtbKJHNhc,general_neg,hate_quit,medium
icdBJyEMpyI,jobs,white_collar_tech,high
nA36R9Se6J0,general_neg,product_degradation,high
zlvAS73nkts,xrisk,loss_of_control,high
FZ10d2iqU3c,xrisk,agi_superintelligence,high
88QG-YRTWyY,surveillance,other,high
Hknx5NfIVl8,jobs,white_collar_tech,high
FhMvSO_So_0,xrisk,loss_of_control,high
RKTwY6qjZTQ,surveillance,tracking_spying,medium
yN0b_j-A9RU,jobs,white_collar_tech,high
zX7LrG-IzeU,xrisk,loss_of_control,high
zEGUhWIzTy8,general_neg,bubble_skepticism,medium
n-txfB_1XUo,xrisk,loss_of_control,high
jXJYKWYm1RU,surveillance,data_privacy,medium
AaTRHFaaPG8,xrisk,loss_of_control,high
LgUjLcxJxVg,deepfake,misinfo_general,high
zCAr3HVNOPM,surveillance,data_privacy,medium
FGLPCCHozRU,xrisk,loss_of_control,high
nF1gviUOWCM,xrisk,loss_of_control,medium
pJTkCRJtYIs,surveillance,other,high
kdxQvljxYQk,xrisk,personal_dread,high
2Nn0-kAE5c0,xrisk,extinction_doom,high
z_oeczyayO8,xrisk,other,high
LHC862LOljk,deepfake,scam_fraud,high
69mQhchR2Hw,xrisk,agi_superintelligence,high
x4ZY25OU4Ys,jobs,all_jobs_panic,high
SbEqMkxEzvA,xrisk,extinction_doom,high
tM7fju94IrA,deepfake,misinfo_general,high
0nb_YY78xIA,xrisk,agi_superintelligence,high
pkF3m5wVUYI,deepfake,misinfo_general,high
oxRZqzth9r4,xrisk,agi_superintelligence,high
rc5kbuI1b8s,surveillance,data_privacy,high
KpOcUrPdx-4,xrisk,loss_of_control,high
0UsiT2UW4Ys,deepfake,misinfo_general,high
V86pjl89l2Y,xrisk,agi_superintelligence,medium
2wQ3vpl8_nM,xrisk,loss_of_control,high
86k8N4YsA7c,xrisk,other,high
8IJkeIiEwqY,xrisk,agi_superintelligence,high
Kh1euMb2nNk,xrisk,loss_of_control,low
OhCzX0iLnOc,xrisk,loss_of_control,medium
675d_6WGPbo,regulation,safety_oversight,high
Pft0Tpin9M8,surveillance,other,high
b4vEzXG3TZg,xrisk,other,high
ifkVje4JpD8,deepfake,scam_fraud,high
TXm3-43DXHk,xrisk,other,medium
1qy5uEy2Es0,xrisk,loss_of_control,high
RO0qq-sI5U8,surveillance,data_privacy,medium
x8PYBP2tbAY,deepfake,scam_fraud,high
UI-KBieN6jo,surveillance,data_privacy,medium
X1GDFtZY95E,xrisk,loss_of_control,medium
zkGk_A4noxI,surveillance,other,high
tWeM7LzbRXQ,xrisk,loss_of_control,high
SNyi4eNyPCc,xrisk,loss_of_control,high
jpOy1e3M5L8,art,music_voice_theft,medium
hsL0gUWl4Hg,deepfake,misinfo_general,high
XpVP-AkEHeQ,xrisk,extinction_doom,high
2bbSgSIQsac,xrisk,agi_superintelligence,high
tikiA3BYm3A,xrisk,agi_superintelligence,medium
bk-nQ7HF6k4,xrisk,agi_superintelligence,medium
7CpYxConlp4,xrisk,loss_of_control,high
tIlYyHwnFNc,jobs,white_collar_tech,high
S-xPsQEvmNk,deepfake,misinfo_general,high
LA6zTLaLw88,surveillance,other,high
yAgQWnD31nE,xrisk,personal_dread,high
RljBVCnt9AQ,xrisk,loss_of_control,medium
X9uNvDGNNkI,surveillance,data_privacy,high
_Co0OZ6m3gA,surveillance,state_corporate,high
Q9ppsKfqWbQ,xrisk,loss_of_control,medium
lwgypJOM9_g,xrisk,loss_of_control,high
XXtkQG5kI1E,deepfake,misinfo_general,high
Dhx5RoOXrhk,jobs,all_jobs_panic,high
ckAUovreuMg,surveillance,data_privacy,medium
OL2cu_oSX90,xrisk,loss_of_control,high
FiMUHMFthlw,xrisk,other,high
WmfBZK5UGpY,xrisk,agi_superintelligence,high
VWiy1-44Gps,xrisk,loss_of_control,medium
bUwdlqF5Pj0,surveillance,facial_recognition,high
aiYejkS_834,education,learning_harm,medium
RpdQAMT3SIk,deepfake,scam_fraud,high
jE_CNezjV7o,surveillance,data_privacy,high
6Cc7BByRgJw,general_neg,hate_quit,medium
1vaFfHEmXY8,education,school_bans,medium
Sj5qx5sF0ro,xrisk,agi_superintelligence,high
aRMyIl4ENTA,xrisk,agi_superintelligence,high
Q-KFQ6_NSBc,education,learning_harm,high
7VsGnBI2ZaA,surveillance,state_corporate,high
WSStTnoSb_c,deepfake,misinfo_general,high
ItjmjQ40Ge8,xrisk,loss_of_control,high
EVts3Ui_0AI,jobs,all_jobs_panic,high
tekzmmJXCHs,deepfake,misinfo_general,high
rnOtf58bbWc,environment,carbon_climate,high
LF4o4Z01Q0I,xrisk,loss_of_control,high
kV7I53L_d88,xrisk,other,medium
5taE_br3Vr8,xrisk,agi_superintelligence,high
NUAb6zHXqdI,xrisk,loss_of_control,medium
V0DAezJKdTk,xrisk,loss_of_control,high
NvDdSO-H7So,xrisk,agi_superintelligence,high
fU2EY7TIKw0,deepfake,scam_fraud,high
SrPo1sGwSAc,xrisk,extinction_doom,high
72ytersxhWw,xrisk,loss_of_control,high
gLQy-0h5o9c,deepfake,misinfo_general,high
Nbs2oPZL0z4,xrisk,agi_superintelligence,high
hgAGiFUL5kM,xrisk,loss_of_control,medium
Zri16fXWILg,surveillance,data_privacy,medium
BFU1OCkhBwo,xrisk,loss_of_control,high
GX-jp5z_7Zo,xrisk,loss_of_control,medium
f4Y2vFx6llY,xrisk,loss_of_control,high
23AdMB5s3fM,surveillance,data_privacy,medium
eHSn50wnBRQ,xrisk,personal_dread,high
gUzKaK_I7nI,xrisk,loss_of_control,high
otAWu-bLv0Q,surveillance,other,high
chfj7RHA5vM,xrisk,loss_of_control,medium
b9XVhYdgOpk,xrisk,loss_of_control,high
4Qm2pQgkoOU,deepfake,scam_fraud,high
D0P87nynhHk,xrisk,other,high
gwV9GLYchnU,regulation,safety_oversight,high
xVUeSwetXr8,surveillance,state_corporate,high
RhypP7Y3SlM,deepfake,misinfo_general,medium
2HY-nREvVu4,surveillance,data_privacy,medium
r070Vc3eJAY,general_neg,bubble_skepticism,medium
kZJKB7SJI18,regulation,safety_oversight,high
A0M9Ip_kg28,xrisk,agi_superintelligence,high
nVRQ_ZxXKgg,xrisk,loss_of_control,medium
VIl_EckPmEE,surveillance,data_privacy,high
-SKwyYy-t78,jobs,personal_loss,high
hHJoWQW5Mto,surveillance,other,high
EUa6-EzDnf4,xrisk,loss_of_control,medium
dHdjZfa9EkU,education,learning_harm,medium
tphiJE01qxw,xrisk,loss_of_control,high
wxavuvEHwG8,xrisk,agi_superintelligence,high
w7N-A9zbszM,xrisk,loss_of_control,medium
w_agSeXwxhU,xrisk,agi_superintelligence,high
GkJNcjnIwo0,xrisk,loss_of_control,high
fpGTbIxjZsk,xrisk,loss_of_control,high
kwp_WEdJaEk,art,other,high
fYRmnrDFPes,xrisk,loss_of_control,high
gxa8oFQ97QU,xrisk,loss_of_control,high
1exDmRSBVV8,general_neg,hate_quit,medium
xkPbV3IRe4Y,xrisk,extinction_doom,high
NNr6gPelJ3E,xrisk,agi_superintelligence,high
-FbDvcSeqKg,xrisk,loss_of_control,low
VCJFzVtvhBQ,xrisk,loss_of_control,high
H6wrBhh3tMg,deepfake,misinfo_general,high
H3xZ2CzhnAg,xrisk,loss_of_control,high
tBD4i4NizKA,jobs,all_jobs_panic,medium
lba7z9-llX4,deepfake,scam_fraud,high
whejb9H6q8Q,xrisk,loss_of_control,high
miKlULgxIFQ,deepfake,scam_fraud,high
q8cwsWjxNAU,deepfake,nonconsensual_imagery,high
520S6zojGUg,deepfake,scam_fraud,high
tOU8nJHeeng,deepfake,scam_fraud,high
y-cwe8uDsEE,xrisk,agi_superintelligence,high
TqNXqbTUpQ8,deepfake,misinfo_general,high
HCR31X3iwXY,deepfake,misinfo_general,high
OUrDamTuR2c,deepfake,scam_fraud,high
vdB331nemJo,deepfake,nonconsensual_imagery,high
GqZLrLcQvoU,deepfake,scam_fraud,high
wdeRkCxM4iA,deepfake,scam_fraud,high
ICzkrX8ONZs,deepfake,scam_fraud,high
XeruevfFmOU,deepfake,scam_fraud,high
eRQklngLCsk,deepfake,nonconsensual_imagery,high
B-4vLsCX-pk,deepfake,nonconsensual_imagery,high
2bupjEroCGM,deepfake,political_election,high
gIIY8hEm0lQ,deepfake,scam_fraud,high
ztxdiV0nkW8,deepfake,scam_fraud,high
jbaARf1gJV4,deepfake,scam_fraud,high
Mdk4eaARdnw,deepfake,misinfo_general,high
s00Wjp9zZEc,deepfake,scam_fraud,high
e5aI0n5PgSI,deepfake,nonconsensual_imagery,high
pAZWJVcz6wg,regulation,safety_oversight,high
Y6-vOj8xpVs,deepfake,celebrity_impersonation,high
rzOPDbAJbYY,deepfake,misinfo_general,high
AcnTxWgllRE,deepfake,misinfo_general,high
HwaFuPTYRcU,deepfake,scam_fraud,high
ubBUphb9IjE,deepfake,scam_fraud,high
c1CPLhAub2s,deepfake,celebrity_impersonation,high
B0wIgma6M1U,deepfake,scam_fraud,high
miqOf6bHhKQ,deepfake,misinfo_general,high
h6ztPbnMHDY,deepfake,misinfo_general,high
0Osw3AT54JU,regulation,pro_regulation,high
N1nkz7HB4e4,deepfake,scam_fraud,high
A_Mz7x091hI,deepfake,scam_fraud,high
7jSmEoVwbKU,deepfake,scam_fraud,high
VKzMpCXc0rw,deepfake,scam_fraud,high
EA0Bx2OeDj8,deepfake,misinfo_general,high
EyYGWUk1l-M,deepfake,scam_fraud,high
Ho3dYdxnq3w,deepfake,political_election,high
KgU9G8RqkGs,deepfake,political_election,high
n3voHVFYAfo,deepfake,misinfo_general,high
w1y4ogKPaxg,deepfake,scam_fraud,high
9YGt-XIhhlk,deepfake,political_election,high
9iDCxlc4EaY,deepfake,nonconsensual_imagery,high
RksLrNprsSc,deepfake,misinfo_general,high
EPiVWIOi92w,deepfake,scam_fraud,high
owCR-nSJy9o,deepfake,nonconsensual_imagery,high
RhbhYDa_NvM,deepfake,nonconsensual_imagery,high
c_x055AQJVI,deepfake,misinfo_general,high
vXGgz-spWhA,deepfake,nonconsensual_imagery,high
aJfTWEpk7hQ,deepfake,scam_fraud,high
cw7zc5lwhuk,deepfake,misinfo_general,high
b7IzE5qAWQk,deepfake,nonconsensual_imagery,high
tmFFd8fMqxk,deepfake,misinfo_general,high
A7nXRap8gps,deepfake,political_election,high
jfkIWkllMo8,deepfake,nonconsensual_imagery,high
0tNymaqcIbc,deepfake,scam_fraud,high
bE-5SJmAlQg,deepfake,scam_fraud,high
oyLwyXSu4LM,deepfake,political_election,high
SRLJ-ZD_6S0,deepfake,misinfo_general,high
-epUEN_ykv4,deepfake,misinfo_general,medium
ZF5E5DvoJ24,deepfake,nonconsensual_imagery,high
vth6_KhOOEI,deepfake,scam_fraud,high
wTq0wEM1hok,deepfake,nonconsensual_imagery,high
S5MaSQMkQPw,deepfake,misinfo_general,medium
Xr5g-WGc3bA,deepfake,scam_fraud,high
_LDhTTtkZrg,deepfake,scam_fraud,high
eW1qKE92fKM,deepfake,misinfo_general,high
OI4GjhJbppo,deepfake,scam_fraud,high
nIXer6Gb30I,deepfake,political_election,high
WxVhwH1DfJE,deepfake,misinfo_general,high
rFJ3D4-ce4c,deepfake,nonconsensual_imagery,high
ZHLwD5aEYF4,deepfake,political_election,high
lgbX3Y0CRXw,deepfake,misinfo_general,high
NGYj8QY_xI4,deepfake,nonconsensual_imagery,high
s8vC-Uz9eDk,deepfake,nonconsensual_imagery,high
mH14a4VBctQ,deepfake,nonconsensual_imagery,high
Dj9vtapteio,deepfake,misinfo_general,high
Ht7n1CfFP-g,deepfake,misinfo_general,high
lG-TPgSUx4Y,deepfake,misinfo_general,high
rMOs9Mdlom4,deepfake,misinfo_general,high
_PZLvb9w-ZE,jobs,all_jobs_panic,high
As4nS5aOVnw,deepfake,scam_fraud,high
GiVLO7R2088,deepfake,scam_fraud,high
1Kv5njt9X5c,deepfake,scam_fraud,high
vgui42V8fuY,deepfake,scam_fraud,high
gT00XE3IcRE,deepfake,nonconsensual_imagery,high
pitCEUiMm_A,deepfake,misinfo_general,high
6aJtFf1WGUk,deepfake,political_election,high
p0CvDqpnJuA,deepfake,political_election,high
YtTQaS0hAA4,deepfake,misinfo_general,high
hgoFDFcf0tQ,deepfake,nonconsensual_imagery,high
FOzN3QCv-IQ,deepfake,scam_fraud,high
COaOOGVkge4,deepfake,scam_fraud,high
QZQGEiFG1ts,deepfake,nonconsensual_imagery,high
NtThJ-XEcmo,deepfake,scam_fraud,high
DdnVgUtqhAU,deepfake,misinfo_general,high
Q-CqoR1aJKA,deepfake,scam_fraud,high
bKfhf6Mqi3o,deepfake,nonconsensual_imagery,high
tI0Kf0QZ4TM,deepfake,nonconsensual_imagery,high
pJen-8N8yUg,deepfake,nonconsensual_imagery,high
t_PMV5xwjoU,deepfake,scam_fraud,high
EpUUwLf1Wz8,deepfake,nonconsensual_imagery,high
sQwSZDliFPY,deepfake,political_election,high
ahVg6UE0zow,deepfake,nonconsensual_imagery,high
yYVoLgw14z4,deepfake,nonconsensual_imagery,high
bzj-44A6HDY,deepfake,scam_fraud,high
vPShUyqCHRw,deepfake,scam_fraud,high
bcIZEnCeIo8,deepfake,scam_fraud,high
CuzBGgeNrwE,deepfake,scam_fraud,high
z4KyncX__Io,deepfake,misinfo_general,medium
EeX-3EEqR7Q,deepfake,nonconsensual_imagery,high
I9-Z91MYALQ,deepfake,misinfo_general,high
tALkBN2Va7Q,deepfake,scam_fraud,high
gwPorzGzjWs,deepfake,scam_fraud,high
DZo9vQ8sjDs,deepfake,scam_fraud,high
lPEU1J9eVS4,deepfake,political_election,high
OssTezeEAOE,deepfake,scam_fraud,high
vTM4bOZtGt0,deepfake,nonconsensual_imagery,high
9P_UCDeJCX8,deepfake,scam_fraud,high
UZTmLSNCPF4,deepfake,misinfo_general,high
Q-S-amtvcd8,deepfake,nonconsensual_imagery,high
OwMSli-X9JM,deepfake,nonconsensual_imagery,high
-kiEOlnuQbc,deepfake,political_election,high
L8zzCwKIKS0,deepfake,misinfo_general,high
akLSYav8uKA,deepfake,scam_fraud,high
2oWV3CzLRp0,deepfake,misinfo_general,high
gFRxyOjr4Gg,deepfake,scam_fraud,high
GwLKUDq9eYU,deepfake,political_election,high
K65jOzjeWl8,deepfake,misinfo_general,high
77JyCU6mcnU,deepfake,misinfo_general,high
HdgBvjyGulA,deepfake,misinfo_general,high
_-pjvVCAb3A,deepfake,political_election,high
7XqJNuO74Gk,deepfake,misinfo_general,high
wY7kwMzK4eM,deepfake,misinfo_general,high
HEBYK0ZAZiM,deepfake,nonconsensual_imagery,high
5oncencu_JQ,deepfake,nonconsensual_imagery,high
6p2TXB2GzgM,deepfake,nonconsensual_imagery,high
yKZB0CjfDu0,deepfake,misinfo_general,high
-WwK6kGLKAc,deepfake,scam_fraud,high
iAPb28SWnYk,deepfake,misinfo_general,high
buQWkfDdAfI,deepfake,political_election,high
3Iq9eBZ1xhs,deepfake,misinfo_general,high
ClM4YYGUslA,deepfake,celebrity_impersonation,high
mO2FDJqSULE,deepfake,misinfo_general,high
N09_8pHLsvc,deepfake,nonconsensual_imagery,high
dYdqdrWGX-M,deepfake,scam_fraud,high
0-_vC44slMs,deepfake,scam_fraud,high
OOgI78DOfNE,deepfake,nonconsensual_imagery,high
f8430bzg3Ok,deepfake,nonconsensual_imagery,high
mp8SV8l4vRE,deepfake,nonconsensual_imagery,high
KsPPuW8csTs,deepfake,misinfo_general,high
gp55U6u2P_Q,deepfake,nonconsensual_imagery,high
ER0WkqDxOdA,deepfake,misinfo_general,high
bYVnV2J-oaU,deepfake,misinfo_general,high
w2KcCaneGII,deepfake,scam_fraud,high
fOyWnvVXerw,deepfake,scam_fraud,high
6zLYwVIT92c,deepfake,nonconsensual_imagery,high
DLob2Zu9y80,deepfake,misinfo_general,high
zaRIqKXwbjk,deepfake,nonconsensual_imagery,high
NCrRtHQUdo0,deepfake,misinfo_general,high
7akzhpx0EIU,deepfake,misinfo_general,high
3CDIuMcPKO8,deepfake,scam_fraud,high
eLtuuP0ItPI,deepfake,scam_fraud,high
nGs95zJgwSM,deepfake,nonconsensual_imagery,high
BNPeKLo4vQ8,deepfake,scam_fraud,high
srr0rRgF2Fw,deepfake,misinfo_general,high
I_oVhXcTkiI,deepfake,nonconsensual_imagery,high
mL5uqSSjrYM,deepfake,misinfo_general,high
ArGSRpkDg6M,deepfake,scam_fraud,high
IyNoRJGgZ84,deepfake,scam_fraud,high
ig0XkT_k-bM,deepfake,misinfo_general,high
lVs8am0JkFk,deepfake,political_election,high
WUwIx2OIk0g,deepfake,misinfo_general,high
Ew8KnS0Y_So,deepfake,nonconsensual_imagery,high
Yt-zKPcj5ZQ,deepfake,scam_fraud,high
fDx3ZVV0z8c,deepfake,scam_fraud,high
SaT0ppQpVqg,deepfake,nonconsensual_imagery,high
6FQnn92szVE,deepfake,scam_fraud,high
_sfL7fkHixg,deepfake,scam_fraud,high
B4jNttRvbpU,deepfake,political_election,high
_bimUQA92QY,deepfake,misinfo_general,high
TdpLah1L32c,deepfake,scam_fraud,high
TfUEVQRmrZA,deepfake,nonconsensual_imagery,high
7nod56EJPVk,deepfake,scam_fraud,high
hDPOZMmpfpE,deepfake,misinfo_general,medium
MaYZfb4DeWI,deepfake,scam_fraud,high
9kesxVDZEyc,deepfake,misinfo_general,low
uYqPmW-h3rI,deepfake,misinfo_general,high
zU_o5E2KuLY,deepfake,scam_fraud,medium
LxvnooGd7wI,deepfake,scam_fraud,high
EqdKAe2kvtA,deepfake,scam_fraud,high
oGX3qHKo3nQ,deepfake,misinfo_general,high
OlBS1OmGhQ0,deepfake,scam_fraud,high
1WcLglWZWiE,deepfake,misinfo_general,high
eZ1pz6lDAik,deepfake,misinfo_general,high
SnEAWLij0Pk,deepfake,scam_fraud,high
40Lk2RqIx34,education,learning_harm,high
a9KX-eAluGw,deepfake,misinfo_general,high
H3_6sRXr16M,education,learning_harm,high
zh49u5Jl4fs,deepfake,political_election,high
J2S77mWRltw,surveillance,data_privacy,high
555Lc2dwp3E,surveillance,data_privacy,medium
IyMliLVYzJI,general_neg,ai_slop,high
gwv5VbV6Zo8,deepfake,misinfo_general,high
cMO20l3IiLI,art,style_mimicry,high
OKXcFonXkso,xrisk,loss_of_control,high
27KDl2uPiL8,xrisk,loss_of_control,high
xLyXxSght_E,xrisk,loss_of_control,high
co7b8Y71BlE,jobs,all_jobs_panic,medium
f9MbhNJ5EIU,deepfake,scam_fraud,high
Blw_ZjLbHNs,jobs,white_collar_tech,high
rDv-dayqnGs,surveillance,data_privacy,high
Hft8xiycH2Y,surveillance,data_privacy,medium
984qBh164fo,xrisk,agi_superintelligence,high
71FjO5VdCoU,surveillance,data_privacy,high
kOtH9ZY3ZQ4,jobs,personal_loss,high
P1hkWuGVPFk,general_neg,hate_quit,high
ADIk5OuB_V8,general_neg,ai_slop,high
lHfE0fQ2gAk,general_neg,ai_slop,high
rbS3CLSOeoU,education,learning_harm,high
STH25w7_d8U,general_neg,ai_slop,medium
p-SxBdNSEl8,surveillance,data_privacy,medium
WCSKOd4M0TU,surveillance,other,medium
8BZPEdRum8Y,xrisk,agi_superintelligence,high
3fMVKH-B_EA,xrisk,agi_superintelligence,high
3TYT1QfdfsM,xrisk,loss_of_control,high
jgCOnpTdAsE,general_neg,product_degradation,high
Tfv2F36isJE,xrisk,loss_of_control,high
y3_TY4K8hVE,jobs,white_collar_tech,high
BzbusOVRzkI,general_neg,bubble_skepticism,high
aeIhLlUUz4s,art,music_voice_theft,high
UnId6bYLw04,surveillance,data_privacy,high
DcTNIm31Vug,xrisk,agi_superintelligence,medium
jRBm9y6x_hk,deepfake,misinfo_general,high
NbuHPFzOnpc,surveillance,data_privacy,high
ZgxDG7tlamg,surveillance,data_privacy,high
I0pD8EhMGPA,jobs,personal_loss,high
gkpSVk51S1I,xrisk,agi_superintelligence,high
bpUjTa0Ap34,xrisk,extinction_doom,high
-qWFq2aF8ZU,xrisk,personal_dread,high
mcvtKtVKpHg,jobs,white_collar_tech,high
IWC_gUns6xE,regulation,pro_regulation,high
0Mf8JJzGNX0,education,learning_harm,high
RcAA4SDnbNc,surveillance,data_privacy,high
QP0m_9bFKLI,xrisk,agi_superintelligence,high
COsBCXLecQY,regulation,safety_oversight,high
sQvz0gY6mzI,general_neg,ai_slop,high
uTG_yAUlDLo,surveillance,tracking_spying,medium
mFJTtGX0yPc,art,noai_activism,high
dC_mL9f-g1c,general_neg,product_degradation,medium
3doUnbamTtY,xrisk,loss_of_control,high
YV4t6Iu_yq0,deepfake,misinfo_general,medium
yCN9igdCY-w,deepfake,scam_fraud,high
xFHEhcYOE8A,regulation,pro_regulation,medium
uRPcF4lTdo4,deepfake,scam_fraud,high
IOuCFaxKWIE,deepfake,celebrity_impersonation,medium
pVBKWLkRqXw,jobs,white_collar_tech,high
uEJ2Ggd_mKc,xrisk,loss_of_control,high
_4eZOR4ooaw,xrisk,agi_superintelligence,high
DEHiOj1MKpE,deepfake,misinfo_general,high
VHw5puV3ZGU,xrisk,loss_of_control,high
0YLfE76k9z8,surveillance,data_privacy,medium
ksiwtXCFGwg,deepfake,scam_fraud,high
DHTvqvm_a1o,deepfake,scam_fraud,high
v4sFpuSybOM,jobs,all_jobs_panic,medium
YvsR9j_bHYQ,deepfake,scam_fraud,high
spnJIJHuaWg,deepfake,scam_fraud,high
X-c6tAXRyEo,deepfake,scam_fraud,high
FE1r98G5IG8,deepfake,scam_fraud,high
jfRseAENrik,deepfake,scam_fraud,high
gnAOzw9P9qY,deepfake,scam_fraud,high
aIKFYEpT-LY,deepfake,scam_fraud,high
hLRifUcffM8,jobs,all_jobs_panic,high
6U_7JAerOXg,deepfake,scam_fraud,high
inrmm04B2ss,regulation,econ_bubble,medium
RM_KkldTXfs,surveillance,data_privacy,high
HTuS30gWEGg,general_neg,ai_slop,high
kTnHQfq6TcY,deepfake,scam_fraud,medium
vL7fxxXj3Y8,deepfake,scam_fraud,high
6SUAKsy_XrU,deepfake,scam_fraud,high
jK_DOmkbq3w,deepfake,scam_fraud,high
aEk9ZDycj_w,deepfake,scam_fraud,high
Td6QG0bAWvA,deepfake,scam_fraud,high
zb7grp0N7Ek,deepfake,scam_fraud,high
bP1tCcS9TqY,general_neg,product_degradation,medium
bGGIX0mWkmM,jobs,other,high
fz9Wd47G9sU,deepfake,misinfo_general,high
jG-sKci3BXI,deepfake,scam_fraud,medium
HYqxPIhuAlc,deepfake,scam_fraud,high
Vpi8SAJabMg,deepfake,scam_fraud,high
BlzeYJPcTKA,deepfake,scam_fraud,high
RnWZ-kD6B1s,deepfake,scam_fraud,high
l0K4XPu3Qhg,jobs,all_jobs_panic,medium
qdhHwRqmcw8,deepfake,scam_fraud,high
JncRWDKXxIw,general_neg,ai_slop,high
9iEhEi6u-N0,regulation,corporate_critique,high
Zw1ujec7_G4,deepfake,scam_fraud,high
3-EqCFqjKI0,deepfake,scam_fraud,high
ulueaqo-_T0,deepfake,scam_fraud,high
3u7ph-UXmWE,jobs,other,high
lBnXicYpzIU,deepfake,scam_fraud,high
U9h0-6NnmAQ,deepfake,scam_fraud,high
tWouajXmXpc,general_neg,bubble_skepticism,medium
NnnFsS82Gi8,deepfake,scam_fraud,high
STYNYRvWkks,deepfake,scam_fraud,high
k_Lqd5JVl00,general_neg,ai_slop,medium
AHrqCLpw2Vg,general_neg,product_degradation,high
IdT-8MnvuXk,deepfake,scam_fraud,high
x6RXTGsG17Y,general_neg,bubble_skepticism,high
wRgIB7eR13U,education,student_cheating,high
e_dWxpWBoAk,deepfake,scam_fraud,high
8pDjrOPTLdk,jobs,layoffs_news,medium
EetFAOOLmwI,regulation,econ_bubble,high
TXswPTTukow,deepfake,scam_fraud,high
E6CEVRAjiIw,deepfake,scam_fraud,high
esJqZE-nQY4,general_neg,bubble_skepticism,medium
kmmrOhDFuME,deepfake,scam_fraud,high
ZpsejqZXQZQ,deepfake,scam_fraud,high
rWo4q0blTlg,deepfake,scam_fraud,high
pOuBCk8XMC8,general_neg,bubble_skepticism,high
g_JOaFvF12s,surveillance,data_privacy,high
nbJIw4TN35s,deepfake,scam_fraud,high
-eNWhsHgJEg,deepfake,scam_fraud,high
riLctiWQUOA,deepfake,scam_fraud,high
VeBQeH9lofE,general_neg,bubble_skepticism,high
_XXnwcdtVDw,deepfake,scam_fraud,high
VR4eqjHSw0Q,art,style_mimicry,high
RojN74P1lDI,general_neg,bubble_skepticism,high
ER4AL_SjPbw,regulation,other,high
O-6oNscA0AQ,deepfake,scam_fraud,high
zXLAmy8EbiM,deepfake,scam_fraud,high
PcAagzRsJX4,deepfake,scam_fraud,high
J6kUOvZfgjE,deepfake,scam_fraud,high
wRWsFTVkyuM,deepfake,scam_fraud,high
nn3jUTzpRxc,deepfake,scam_fraud,high
iokOt_g6pmg,general_neg,product_degradation,medium
O-txcbEYHxQ,regulation,corporate_critique,high
EtFeWPqGeWw,deepfake,scam_fraud,high
hD-rX0tjJ6A,deepfake,scam_fraud,high
jh3nmSn8SL4,deepfake,scam_fraud,high
hyj3yIATf0w,jobs,white_collar_tech,high
V6bpCpY6l5Y,art,consent_training,high
AYijnaNv8m8,deepfake,scam_fraud,high
DcAGqHKR3Vc,jobs,other,high
fxoQDpJbAbw,deepfake,scam_fraud,high
kLMavuX7v5Q,deepfake,scam_fraud,high
UMw8gqFd_ME,deepfake,scam_fraud,high
pZdGALXaw0Y,deepfake,scam_fraud,high
TqOqW34593w,deepfake,scam_fraud,high
IBY4DbX4EQs,deepfake,scam_fraud,high
6_CPNQVpcc8,deepfake,scam_fraud,high
CLICiSYmTkw,deepfake,scam_fraud,high
UaHW24jOYVw,deepfake,scam_fraud,high
1gA_8OoOqOE,deepfake,scam_fraud,high
hDj0H3_BQkU,deepfake,scam_fraud,high
ryOKnKCj3as,deepfake,scam_fraud,high
Xtg7_x4X9Ik,deepfake,scam_fraud,high
zen9Z6XxGWU,deepfake,scam_fraud,high
KJFouW0Xh2E,deepfake,misinfo_general,high
CvsX7SRg7QU,deepfake,scam_fraud,high
CnKvgg2ClDY,deepfake,scam_fraud,high
Kx0Gg2fkeII,art,consent_training,high
XqNWgKsWOcw,deepfake,scam_fraud,high
D7lMntwTUEY,deepfake,scam_fraud,high
ZGF29k8XjL4,jobs,personal_loss,medium
uoQvtloLiPM,deepfake,misinfo_general,high
xtpb66WEtOM,general_neg,bubble_skepticism,high
Giv4xXjB7vA,deepfake,scam_fraud,high
1LL34dmB-bU,regulation,corporate_critique,high
NsM7nqvDNJI,deepfake,scam_fraud,high
DnXZC5A3Fks,surveillance,data_privacy,medium
DyGtcKEgTJg,deepfake,scam_fraud,high
1e5aToaOQt0,deepfake,scam_fraud,high
byj7gcqlU8g,education,other,high
1xZBPdcdlZ4,general_neg,bubble_skepticism,high
8Hz5PSKpXrs,deepfake,scam_fraud,high
CRIJqoNL4aU,deepfake,misinfo_general,medium
Ze-8D5scWVM,deepfake,scam_fraud,high
n5owFVa5YRg,general_neg,product_degradation,medium
96wAZSh1qf8,deepfake,scam_fraud,high
vvuL7qRAMZw,deepfake,scam_fraud,high
qrMtDFpuOfo,deepfake,scam_fraud,high
8-inLMjInn0,deepfake,scam_fraud,high
VEHxgMhF-Gc,general_neg,ai_slop,high
PxXbbyyB0LU,deepfake,scam_fraud,high
Yc6nDLx8Fh4,art,consent_training,high
U4XD5XYNsT8,general_neg,bubble_skepticism,high
n37RtIxQ4fc,surveillance,state_corporate,high
-Tb2AFx2m_k,deepfake,scam_fraud,high
fT4mwdeOdgM,deepfake,scam_fraud,high
yxFMjTaiLOY,deepfake,scam_fraud,high
GmNRaSPkd2c,deepfake,scam_fraud,high
8iU3Tw2kK5w,deepfake,scam_fraud,high
z3FXVJIIRW4,deepfake,scam_fraud,high
Z6lEkSpWwCA,deepfake,scam_fraud,high
gf8QfH0SbgY,deepfake,scam_fraud,high
JKvkgjoN6hI,general_neg,bubble_skepticism,high
2e1d3daJ0HE,deepfake,scam_fraud,high
HiCTQhIVgS8,deepfake,scam_fraud,high
QS3GizMH65Y,general_neg,bubble_skepticism,medium
1wqNVkueBM8,deepfake,scam_fraud,high
TSeGl_uhHfw,general_neg,bubble_skepticism,high
FBS6wmkV8JI,deepfake,scam_fraud,high
tjLeEG8U_ac,general_neg,ai_slop,medium
4cbsS6uzVo0,deepfake,misinfo_general,medium
iMxG3RpDSb0,deepfake,other,high
v8yEPvNdIJM,deepfake,scam_fraud,high
Z8Kx6H7TEnc,art,noai_activism,medium
dR08hEYDEiM,general_neg,product_degradation,medium
MMO3uGfKAPE,deepfake,scam_fraud,high
gvjkXXIkMlM,xrisk,other,low
v1asttoVBWg,deepfake,scam_fraud,high
PZSQWqV36pI,deepfake,scam_fraud,high
et9qCoHrCMk,deepfake,scam_fraud,high
yImqcKoVp6o,deepfake,scam_fraud,high
nnUgRtWqWsA,deepfake,scam_fraud,high
ZCzFTTuemzQ,deepfake,scam_fraud,high
_9WIEVCo-ls,deepfake,scam_fraud,high
YL-GoC_KgJI,deepfake,misinfo_general,high
0EQ3IAP-AZY,deepfake,scam_fraud,high
STXEfRIujAQ,deepfake,nonconsensual_imagery,high
6DSA9ePs_Ss,deepfake,misinfo_general,high
UYc2Q0WAS1g,deepfake,scam_fraud,high
cdbIiB34Zz4,deepfake,misinfo_general,high
s2XPE5GsLUg,deepfake,scam_fraud,high
sUMTX9bcIcI,deepfake,scam_fraud,high
IsdQmH04UZs,deepfake,celebrity_impersonation,high
JP9NE8JC1mY,deepfake,misinfo_general,high
hsLDfnVeh4g,deepfake,scam_fraud,high
uP1Rlr1UJis,deepfake,misinfo_general,high
N2eiVULXfMA,deepfake,misinfo_general,high
7GQ-V8yrJlE,deepfake,misinfo_general,high
SbsJ6qwZdKc,deepfake,nonconsensual_imagery,high
eDKz0ZgryNs,deepfake,political_election,high
YmYZdqxk7OU,deepfake,scam_fraud,high
oXioFKdQqsk,deepfake,nonconsensual_imagery,high
6m-r8MwagXk,deepfake,misinfo_general,medium
46bCse5W4k8,deepfake,misinfo_general,high
aKRjMloXMRw,deepfake,nonconsensual_imagery,high
bgVtSmbbXpQ,deepfake,misinfo_general,high
r58R9SqedbU,deepfake,misinfo_general,high
WkUSW5sxZ1A,deepfake,scam_fraud,high
Uw3IHpUyZSE,deepfake,scam_fraud,high
ELK3N-ye62k,deepfake,misinfo_general,high
oTcMs7VCaxM,deepfake,misinfo_general,high
Yu4mtriSFek,deepfake,scam_fraud,high
WI1zFeb5aJ4,deepfake,scam_fraud,high
FVQYJWPpaJ0,deepfake,misinfo_general,high
bHWSVtCgFk4,deepfake,nonconsensual_imagery,high
EpvRmrGdd6w,deepfake,nonconsensual_imagery,high
TBvOz6oNad0,deepfake,political_election,high
e-F1NJwTxxw,deepfake,scam_fraud,high
jiArPVsnctk,deepfake,misinfo_general,high
oH0iGMz8ZFw,deepfake,nonconsensual_imagery,high
WwJe1omfMAM,deepfake,misinfo_general,high
Bi0pjkKE2oM,deepfake,scam_fraud,high
FERa1AI2EK8,deepfake,misinfo_general,high
fRrZVVS7Xd0,deepfake,misinfo_general,high
nWbzAF2Hhqg,deepfake,misinfo_general,high
vcXfZ_VF14Y,deepfake,misinfo_general,high
e2i8ryxNWj4,deepfake,nonconsensual_imagery,high
W6x5cGDNCm8,deepfake,scam_fraud,high
trAD_Rp1IR0,deepfake,misinfo_general,high
DDBcJB-k30g,deepfake,misinfo_general,high
ZjZRliv0-7s,deepfake,misinfo_general,high
7IhuwRlISbc,deepfake,misinfo_general,high
Yte_SqOuED4,deepfake,misinfo_general,high
UpMb8vdUTOc,deepfake,misinfo_general,high
UaaHnq0a5iw,deepfake,misinfo_general,high
QNIL6uApBFM,deepfake,celebrity_impersonation,high
Gqyy5EJHF3Y,deepfake,scam_fraud,high
m5N2NX1q9O0,deepfake,misinfo_general,high
hvbxizZkcAY,deepfake,nonconsensual_imagery,high
-sbZtq_EyrE,deepfake,scam_fraud,high
44r7XANYbCU,deepfake,political_election,high
9qGKMyd8c_s,deepfake,scam_fraud,high
9h8DpKUBDec,deepfake,misinfo_general,medium
msWHcXTtn8I,deepfake,nonconsensual_imagery,high
1uNUss_FlJY,deepfake,nonconsensual_imagery,high
-O8y_VXV2iQ,deepfake,nonconsensual_imagery,high
H7-dtJLah0k,deepfake,celebrity_impersonation,high
kojZLKeYoh4,deepfake,misinfo_general,high
8i-nlDF0lM8,deepfake,misinfo_general,high
hDzaIz22rMM,deepfake,celebrity_impersonation,high
YnWuiwvfpC0,deepfake,misinfo_general,high
GSMAXZ0xKTc,deepfake,misinfo_general,high
VHKYuFncXwo,deepfake,political_election,high
yn0cq0RnGF4,deepfake,misinfo_general,high
OR85l68_odY,deepfake,misinfo_general,high
-r_2a064dWY,deepfake,scam_fraud,high
nVTkXRarFjU,deepfake,scam_fraud,high
McoQO6RTOmI,deepfake,scam_fraud,high
kAXl0-9IhPI,deepfake,nonconsensual_imagery,high
zMZY6hsYFxE,surveillance,other,medium
ZgCFhdB8bqU,deepfake,scam_fraud,high
m8UpEcWZQAo,jobs,all_jobs_panic,high
W6xl7-sguG8,deepfake,misinfo_general,high
5VbXcKwaoOo,deepfake,celebrity_impersonation,high
Ceqdyx4sl_g,deepfake,misinfo_general,high
72VL_aG1sjk,deepfake,misinfo_general,high
7ROobr-KhFo,xrisk,loss_of_control,high
8EqmwW2_6lE,deepfake,nonconsensual_imagery,high
a5zdnr_Xcfg,deepfake,nonconsensual_imagery,high
NMcz4tEReYU,deepfake,misinfo_general,high
hHHCrf2-x6w,deepfake,nonconsensual_imagery,high
ZYDdTzLDwkY,deepfake,scam_fraud,high
M8Km8gvgVYw,deepfake,misinfo_general,high
bCRiw90yVc8,deepfake,misinfo_general,high
Owi31o5v9jw,deepfake,misinfo_general,high
rq7xxoKoNZw,deepfake,misinfo_general,high
JRWjD2ChF3Q,deepfake,misinfo_general,high
Rh3e9RWn3Ok,deepfake,scam_fraud,high
jI6H-0YWkSc,deepfake,misinfo_general,high
VogHYqzJerE,deepfake,scam_fraud,high
1T_kXWpcwys,deepfake,scam_fraud,high
KzYsuO2nSfs,deepfake,misinfo_general,high
zIu9_FdLgx8,deepfake,misinfo_general,high
sr3r1UfvsNw,deepfake,misinfo_general,high
wDiErIqI6cY,deepfake,misinfo_general,high
cp5TS1C1a4U,deepfake,scam_fraud,high
INamkK9gUi4,deepfake,scam_fraud,high
gJgkd-9-CjY,deepfake,misinfo_general,high
1NEEnKsF1UI,deepfake,political_election,high
0pcap_d2BbI,deepfake,political_election,medium
a42R_vh7RUc,deepfake,scam_fraud,high
18ciPwddl8Q,deepfake,scam_fraud,high
K7JWmeJwDPM,deepfake,misinfo_general,high
1SRObnwCAjw,deepfake,misinfo_general,high
7Y8ur4uSTC8,deepfake,celebrity_impersonation,high
COZCHQkMsxM,deepfake,misinfo_general,medium
5oJ8DSxStt0,deepfake,misinfo_general,high
OJV7PpfjTjI,deepfake,misinfo_general,high
IqPOBfV742Q,deepfake,misinfo_general,high
0fJIoMPaQVo,deepfake,misinfo_general,high
g6G8u-qzqbU,deepfake,misinfo_general,high
Wx6B27wFNnU,deepfake,scam_fraud,high
b98ZkLfxEOM,deepfake,scam_fraud,high
tv1kVqTfAfk,deepfake,misinfo_general,high
Qd8yETY5GGA,deepfake,misinfo_general,high
EtEPE859w94,deepfake,misinfo_general,high
vjOyh0Xsuv0,deepfake,political_election,high
_gBtZ0Am-8o,deepfake,political_election,high
CpA7OstHsPc,deepfake,scam_fraud,high
54TDDRryHM8,deepfake,scam_fraud,high
NdCSez0cyck,deepfake,nonconsensual_imagery,high
C76HmFFL7yI,deepfake,misinfo_general,high
q5_PrTvNypY,deepfake,misinfo_general,high
UbDisWlOg0Q,deepfake,misinfo_general,medium
sQosZ4F3atU,deepfake,nonconsensual_imagery,high
9dRy9BqTcLc,deepfake,nonconsensual_imagery,high
gH5WkC68Nkc,deepfake,scam_fraud,high
oM8B-xbTkJE,deepfake,scam_fraud,high
ogjhHjpeCrw,deepfake,nonconsensual_imagery,high
_m2dRDQEC1A,deepfake,misinfo_general,high
QUtl-Uf_9TA,deepfake,scam_fraud,high
DNjAWwxeoRQ,deepfake,scam_fraud,high
dpLvTG85tRs,deepfake,scam_fraud,high
2NB6VVElNGw,deepfake,misinfo_general,high
62alvFgyxqE,deepfake,misinfo_general,high
35F8VigI9dw,deepfake,scam_fraud,high
njXD6UNh60s,deepfake,scam_fraud,high
3N0wlOEHrRM,deepfake,celebrity_impersonation,high
BSZ-aPMAHHM,deepfake,celebrity_impersonation,medium
56I_nm8EYLc,deepfake,misinfo_general,high
__JlTzUpGSA,deepfake,political_election,high
PrTBvz8oBQE,deepfake,scam_fraud,high
rMXXIO3RNPs,deepfake,misinfo_general,high
3a6Zk1k-vPQ,deepfake,misinfo_general,high
BknR7utfpU0,deepfake,celebrity_impersonation,high
7e-Pw02LYNs,deepfake,misinfo_general,high
Co3YH_Wa3RI,xrisk,agi_superintelligence,medium
vA7fZOkD0hs,deepfake,nonconsensual_imagery,high
oy8LsdchUAg,deepfake,scam_fraud,high
MpTvx9O7eGE,deepfake,scam_fraud,high
Rrf0ER2_W4U,deepfake,misinfo_general,high
9dbzudMlV90,deepfake,misinfo_general,high
bziBbhFA0SM,deepfake,misinfo_general,high
vPXXFfxmVhk,deepfake,misinfo_general,high
ugHnAno1EZw,deepfake,scam_fraud,high
mjoidChsQdA,deepfake,misinfo_general,high
Gzq0h-rlaKM,deepfake,nonconsensual_imagery,high
DDywUJ5Ky48,deepfake,misinfo_general,high
q3oWdOQwxG8,deepfake,political_election,high
sc_dBSaYnkQ,deepfake,nonconsensual_imagery,high
2ayoJ5f9LBQ,deepfake,misinfo_general,high
qt3Twm9rAt0,deepfake,misinfo_general,high
OWQ691dNx0g,deepfake,celebrity_impersonation,high
uHVwPURl5i0,deepfake,nonconsensual_imagery,high
OBfniwuOljk,deepfake,political_election,high
o9-vgQLNREo,deepfake,misinfo_general,high
M-waJAbEJHA,deepfake,scam_fraud,high
DOOhwyIjjCE,deepfake,scam_fraud,high
nd_HlhSLPi4,deepfake,scam_fraud,high
M1AfShpaypM,deepfake,nonconsensual_imagery,high
UpkQsIDk9ZE,deepfake,scam_fraud,high
mDmMHgEviuM,deepfake,nonconsensual_imagery,high
TPOeKg3wKvY,deepfake,misinfo_general,high
V0Yle6wARNg,deepfake,scam_fraud,high
2gFFvF55FW0,deepfake,scam_fraud,high
beQ66Zb4_24,deepfake,scam_fraud,high
xXGFyL6Pr3c,deepfake,political_election,high
sxDuvJcsi5s,xrisk,loss_of_control,medium
s_CTNYb967I,deepfake,misinfo_general,high
12SBxlaFqOU,deepfake,scam_fraud,high
wm5DyAyTg4Q,deepfake,nonconsensual_imagery,high
L5lgjypT7Rk,deepfake,scam_fraud,high
2YqpXykstb4,deepfake,misinfo_general,high
LNzAmte2TCE,deepfake,misinfo_general,high
SUXiTuv22Ak,deepfake,celebrity_impersonation,high
JGKK3UFv780,deepfake,nonconsensual_imagery,high
OhF0SnXtpVY,deepfake,political_election,high
UiV92okNyiQ,deepfake,scam_fraud,high
_apHUEjnLTA,deepfake,nonconsensual_imagery,high
2uPez8rBzu4,deepfake,misinfo_general,high
-SD8MEapd8Y,deepfake,misinfo_general,high
Kwc1EY1AuGM,deepfake,misinfo_general,high
84lsq3TC7OQ,jobs,all_jobs_panic,medium
kd9kHiC7364,deepfake,misinfo_general,high
iW7fwJxmwJA,deepfake,misinfo_general,high
WrFtWHU1G8E,deepfake,nonconsensual_imagery,high
uQ8EeisQDc4,surveillance,tracking_spying,low
M8K4e2YYrtk,deepfake,nonconsensual_imagery,high
Pl-ag5j_W7I,deepfake,scam_fraud,high
zGTD9WC6X3I,deepfake,scam_fraud,high
mh4D7OQsd-A,deepfake,misinfo_general,high
wNqGQkWa9l4,deepfake,nonconsensual_imagery,high
xvmKkeTvcOU,deepfake,nonconsensual_imagery,high
gUWCnCmd3I4,jobs,layoffs_news,high
S6UGmRfa60Q,deepfake,scam_fraud,high
aJyvdOWKk9I,deepfake,scam_fraud,high
uUS-EPktzRA,deepfake,misinfo_general,high
ASpf-HCgtJo,deepfake,misinfo_general,high
tzESZ3Q6B7g,deepfake,misinfo_general,high
71ssUR_9E6E,deepfake,misinfo_general,high
kow3hnqvQb0,deepfake,nonconsensual_imagery,high
R--AUwWmyT8,deepfake,nonconsensual_imagery,high
4xQjmZyGDN8,deepfake,misinfo_general,high
2TVovReWh-0,deepfake,scam_fraud,high
Fy0HbbKtM_g,deepfake,misinfo_general,high
m0RWB_07DG0,deepfake,scam_fraud,high
VS573-EnX3s,deepfake,misinfo_general,high
EJ8EaK_CEQc,deepfake,misinfo_general,high
iVat42qOP7Y,deepfake,scam_fraud,high
hE9OptawDMo,deepfake,nonconsensual_imagery,high
-arL1URgK8Q,deepfake,nonconsensual_imagery,high
opcelYkVkZc,deepfake,scam_fraud,high
gaQB-QMwQIM,deepfake,misinfo_general,high
2x_9DSeSTWo,deepfake,misinfo_general,high
BGBjCEXAj8Q,deepfake,scam_fraud,high
gLoI9hAX9dw,deepfake,misinfo_general,high
tYkDg1sczPM,deepfake,misinfo_general,high
nhaxTC7ioyc,deepfake,nonconsensual_imagery,high
xvgOY5_KyAc,deepfake,misinfo_general,high
s6Vn2nDQz64,deepfake,nonconsensual_imagery,high
2bg9EjJcReo,deepfake,misinfo_general,high
LmcKbqGQiZU,deepfake,political_election,high
gFYPKQew_gU,deepfake,nonconsensual_imagery,high
teJA68tMDmg,deepfake,misinfo_general,high
2Q-FTQ4hMoM,deepfake,scam_fraud,high
tBLyPWqjt0o,deepfake,scam_fraud,high
Ts3JbY79uVE,deepfake,nonconsensual_imagery,high
CXquk821G3Y,deepfake,misinfo_general,high
ITrmwgClx2U,deepfake,nonconsensual_imagery,high
TVe_fWvhQcs,deepfake,political_election,high
wfiESlc2l-4,deepfake,misinfo_general,high
0Ip90nGuXoI,deepfake,scam_fraud,high
1Vs2hKEThHA,deepfake,scam_fraud,high
VRQapmZ-mwo,deepfake,nonconsensual_imagery,high
pCUHbD-hvxE,deepfake,scam_fraud,high
0c2zc_FeKno,deepfake,misinfo_general,high
xKMq5gFfrHY,deepfake,scam_fraud,high
yhwGvZyUr8s,deepfake,political_election,high
zTJVacqzzFk,deepfake,misinfo_general,high
zyhielIGpn4,deepfake,misinfo_general,high
pFfpPq5Zk7Y,deepfake,misinfo_general,high
JaHvxZ_s74o,deepfake,misinfo_general,high
yTmTO_E5jnE,deepfake,misinfo_general,high
tMc5K3vZpho,deepfake,political_election,high
fbynxJcSZD4,deepfake,nonconsensual_imagery,high
PGwiWE_byDg,deepfake,misinfo_general,high
Jsqlv79_WfU,deepfake,misinfo_general,high
PYMkXZPH7VM,deepfake,scam_fraud,high
OPYv9SvY4Uk,deepfake,political_election,high
LtSRWukd-jk,deepfake,misinfo_general,high
7B-J89xKL7o,deepfake,misinfo_general,high
KiLPWZiAR-I,deepfake,scam_fraud,high
8polxATnp3M,deepfake,political_election,high
o-iqTPehyxo,deepfake,misinfo_general,high
D54YhkAv3c8,deepfake,misinfo_general,high
ZQSQqLjh4PI,general_neg,ai_slop,medium
U2GzJWkjdw0,deepfake,misinfo_general,high
zLA9UWsTxH0,deepfake,political_election,high
8FSnjZnN9g4,deepfake,political_election,high
h7hE0BvzeOk,deepfake,misinfo_general,high
P09o5z8PW6I,deepfake,misinfo_general,high
cHSIshhIpGM,deepfake,misinfo_general,high
AmUC4m6w1wo,deepfake,political_election,high
IidpM2DsrBE,xrisk,extinction_doom,high
190oYhI9fMs,deepfake,misinfo_general,high
3tI_4QzyhE8,deepfake,scam_fraud,high
69jwZjwDjtA,art,music_voice_theft,high
6FzGeSeIwZA,deepfake,misinfo_general,high
4wy4yDtzDHc,deepfake,celebrity_impersonation,high
KaeBNtY-j70,deepfake,misinfo_general,high
bZxCnBSO76I,deepfake,misinfo_general,medium
_urCJ377fbw,deepfake,misinfo_general,high
P4uG1BvZxFE,art,other,high
mhuBry46jVY,deepfake,misinfo_general,high
LYdYvvHZIXY,deepfake,misinfo_general,high
IBGWDvSXigc,deepfake,misinfo_general,high
16wHdivEeMc,deepfake,misinfo_general,high
N-wl6u_ic44,deepfake,misinfo_general,high
aOK_CnYymeQ,surveillance,state_corporate,medium
A8psTHUbC7A,deepfake,political_election,high
McU98zB0pgA,deepfake,misinfo_general,high
cylVXx8xDAk,deepfake,nonconsensual_imagery,high
zXyL0VkZLaA,deepfake,political_election,high
3-lfdC3FKo8,deepfake,scam_fraud,high
daYZfEtFh6Y,deepfake,nonconsensual_imagery,high
OaKj1nEkxEU,deepfake,political_election,medium
FLaTP2pRPfo,deepfake,misinfo_general,high
6HELyBch0Z4,art,creative_job_loss,high
lgVeAz8q458,deepfake,political_election,high
U6E0Zfbxl8Q,deepfake,scam_fraud,high
Jn6ENU_Gxfo,deepfake,misinfo_general,high
uw0OCzPfJdo,deepfake,misinfo_general,high
S4gd-EpBlS0,deepfake,misinfo_general,high
u6fx9rvWo6o,deepfake,misinfo_general,high
3KIG3I6Rw40,deepfake,misinfo_general,high
eJDPLYZucmM,deepfake,misinfo_general,high
ZIAM1R49G_8,deepfake,nonconsensual_imagery,high
U3RrK8dkx_s,deepfake,misinfo_general,high
d04vPyO2AoA,deepfake,misinfo_general,high
TUz5PeKiwPE,deepfake,scam_fraud,high
KlFRhPHHEts,deepfake,political_election,high
jM5GZGTZJ0E,deepfake,political_election,high
IJjWF7J6zfE,deepfake,misinfo_general,high
9bbEBhrefpc,deepfake,misinfo_general,high
hmNO2KsCgEg,deepfake,misinfo_general,high
wyRkDy_9ptQ,deepfake,nonconsensual_imagery,high
TIb70t3bRJI,deepfake,misinfo_general,high
oqaXmWZYie8,deepfake,scam_fraud,high
A5zm1SRONrI,deepfake,misinfo_general,high
oR231cgktVk,deepfake,misinfo_general,high
bE1KWpoX9Hk,deepfake,misinfo_general,high
eEw0lutVQb0,xrisk,loss_of_control,medium
COok3YO1L5w,deepfake,misinfo_general,high
-zmkwGNT1Vg,deepfake,misinfo_general,high
xs5dSb98ZYE,deepfake,nonconsensual_imagery,high
LLEuhdL3Q_s,deepfake,scam_fraud,high
S1w3M4Qcack,deepfake,misinfo_general,high
6jwLwveZG3g,deepfake,political_election,high
ojjn9T_fuUw,deepfake,misinfo_general,high
Uk0f5RVHCVM,deepfake,misinfo_general,high
hPB35hZ8kiw,deepfake,misinfo_general,high
Imnmrit0fzs,deepfake,scam_fraud,high
mRbhUOq-KGU,deepfake,scam_fraud,high
dqpTC6XhkSg,deepfake,misinfo_general,high
yhaBAXKR5HE,deepfake,scam_fraud,high
tCx0nTdR9_4,deepfake,misinfo_general,high
UMWoDDCi5Hc,deepfake,political_election,high
39r5Eu2B-Ew,deepfake,misinfo_general,high
TUBc_vc6GRY,deepfake,political_election,high
5mHwFQZ_1mc,deepfake,political_election,high
X7xOR26Rd1s,surveillance,data_privacy,medium
CFQfbt1hmjU,jobs,white_collar_tech,high
lq8jiVXIvXc,deepfake,misinfo_general,high
8diLtNYWmWo,deepfake,misinfo_general,high
U1-iNSupadE,deepfake,scam_fraud,high
jtptRf0j9I4,deepfake,nonconsensual_imagery,high
P6z4KhH9h50,deepfake,misinfo_general,high
U3VOL_F9tME,deepfake,misinfo_general,high
2TsPIHSaaR0,deepfake,misinfo_general,high
WbqxcTLVknQ,deepfake,misinfo_general,high
Oq5e_8zvick,general_neg,ai_slop,medium
DDOxExAnEY4,deepfake,misinfo_general,high
m_1AtJSuyPg,education,learning_harm,medium
GP54-CoFzMA,deepfake,misinfo_general,high
UhcyPALd0Eo,deepfake,misinfo_general,medium
mcGsA22zCo8,deepfake,misinfo_general,medium
83ORaXXoxXY,deepfake,misinfo_general,high
r5Zz3UZC9h4,deepfake,misinfo_general,high
cbSvnVq68Wk,deepfake,misinfo_general,high
KchZsIGws8s,deepfake,misinfo_general,high
uZyprpDjIZw,deepfake,misinfo_general,high
3DhMg_hkYjc,deepfake,misinfo_general,high
erSiMhrPjVI,deepfake,misinfo_general,high
ysAH79cOWUA,regulation,safety_oversight,high
8_oLzWlFwd8,deepfake,misinfo_general,high
opGrImK4twc,surveillance,data_privacy,medium
0Z0agrU6Jh0,deepfake,misinfo_general,high
CQPsLS6j-IE,deepfake,political_election,high
paXxklc7nr0,deepfake,misinfo_general,high
pViEHgqJzcE,surveillance,data_privacy,medium
q4F1vwQNmSQ,deepfake,political_election,high
SPNhDwkoa9k,deepfake,scam_fraud,high
wNnTylRmjtk,deepfake,misinfo_general,high
g0_7dYZxVbA,deepfake,misinfo_general,high
0_QJGGn_0j0,general_neg,bubble_skepticism,high
So4wN14Xyuo,deepfake,misinfo_general,high
jp8dKr7x_uA,deepfake,misinfo_general,medium
V24aMUzBIsE,deepfake,misinfo_general,high
qIhLU3xftbY,deepfake,political_election,high
UFUtHMZzAm0,deepfake,misinfo_general,medium
jb6GhmgkaRs,deepfake,misinfo_general,high
MIK9Ub6cYWg,deepfake,misinfo_general,high
VjjZvof-1WQ,deepfake,misinfo_general,high
txjyHJ1ffZg,deepfake,misinfo_general,high
vlfjITT1Dv8,deepfake,political_election,high
SB0ApAfJsgQ,deepfake,misinfo_general,high
Oimph-qmbQc,deepfake,misinfo_general,high
iy8KoDGKuCY,deepfake,misinfo_general,high
wQi3mZxGjtA,deepfake,misinfo_general,high
wFSW6WBN-5w,deepfake,political_election,high
pEQTaQbgCR8,deepfake,misinfo_general,medium
3ELgKFp-qHY,deepfake,misinfo_general,high
LBXaWdWFv-I,deepfake,misinfo_general,high
_KQ1BkRx1-M,deepfake,political_election,high
A1Juv2CUfBQ,deepfake,misinfo_general,high
-eLXL5TlDh4,deepfake,misinfo_general,high
UpMjXOKd5Ik,deepfake,misinfo_general,high
__gdw7xspn8,deepfake,political_election,high
ZQ6NyXAfxrk,deepfake,political_election,high
GIvqVNQLYqA,deepfake,misinfo_general,high
yR3OkAxsSjM,deepfake,misinfo_general,high
-zy1_8lmPV4,deepfake,misinfo_general,high
yYeUym9nVWM,deepfake,misinfo_general,high
NRsydbAvAN4,deepfake,misinfo_general,high
otQowtf22S0,deepfake,misinfo_general,high
UdcxVMMeNjc,deepfake,misinfo_general,high
9AlOkU6LSoM,deepfake,political_election,high
KjfPoiCkcWE,deepfake,political_election,high
YpE_rxdKDrk,deepfake,misinfo_general,high
lpV3bigfMEE,deepfake,misinfo_general,high
Hfqt1fcvXfw,deepfake,misinfo_general,high
9vH5-ddGtPY,deepfake,misinfo_general,high
k2g9P7WWmmg,deepfake,misinfo_general,high
s_sAVD-jO3Y,deepfake,political_election,high
TD9Mm-M8A-M,deepfake,misinfo_general,high
lJgGXCm87A4,deepfake,misinfo_general,high
fP_jIbYoMko,deepfake,misinfo_general,high
pgcxKzeEMzM,deepfake,political_election,high
3kss0n8RBxs,deepfake,misinfo_general,high
sRU1WgSvguA,deepfake,misinfo_general,high
ugJl5et-h_Y,deepfake,misinfo_general,high
XKb8TnY206k,regulation,safety_oversight,high
J-DEbEqOXyQ,deepfake,misinfo_general,high
-A6segytGTE,deepfake,misinfo_general,high
hW19l-6Lq2I,deepfake,misinfo_general,high
D1uKbUQPw9U,deepfake,misinfo_general,high
A-YHW6C6k_Y,deepfake,misinfo_general,high
KvspD97qrm0,deepfake,misinfo_general,high
N2w-2XzSorw,deepfake,misinfo_general,high
YQMxMYIixn4,deepfake,misinfo_general,high
tmIvM8YxkPs,deepfake,misinfo_general,high
QaA_tF0OXMQ,deepfake,misinfo_general,high
D-ZqP-QGtdQ,art,noai_activism,medium
o4I_hOz_MLw,deepfake,misinfo_general,high
vtMiP6YtEl0,deepfake,political_election,high
p7x7GQn5C-k,deepfake,misinfo_general,high
Guy9tsyGfAI,deepfake,political_election,high
EIFSODDtkFY,deepfake,misinfo_general,high
d3S2xffc02A,environment,general_resource,medium
pNkcm4MYGAc,regulation,safety_oversight,high
3BWjOrETYzE,deepfake,political_election,high
ggsAxKJMERo,deepfake,misinfo_general,high
fJfO5rka4HI,deepfake,misinfo_general,high
h4_YK3mNWAs,deepfake,misinfo_general,high
BRdksqcFIsw,deepfake,misinfo_general,high
khedRqJIAyg,deepfake,misinfo_general,high
8Z68QYWMCXo,deepfake,misinfo_general,high
uxS71Kgyqv0,deepfake,political_election,high
_gLxK5C9ZmY,deepfake,political_election,high
UZFF-09j4DY,deepfake,misinfo_general,high
ByB6Ax5DrZs,deepfake,misinfo_general,high
iQQUCvZWW6A,deepfake,misinfo_general,high
fMOzSBTZBXQ,deepfake,misinfo_general,high
JNpYL9ZCOTw,deepfake,misinfo_general,high
CtvhXfnnDgs,surveillance,other,high
qXJ135SDJKs,deepfake,misinfo_general,medium
E6o_qwKkLaY,deepfake,misinfo_general,high
FrnQ375YFIM,deepfake,misinfo_general,high
Y2GsV2lpFeM,deepfake,misinfo_general,high
btjVn2Aer58,deepfake,misinfo_general,high
La5AbqflSzU,general_neg,other,high
FNhIcpKrlLE,deepfake,political_election,high
7iKT6HrFY38,deepfake,political_election,high
7--goO1uu7c,deepfake,political_election,high
QlrU-ZKmoO0,deepfake,misinfo_general,high
3_v7tzkHbm0,deepfake,political_election,high
ksiLATMMR6g,deepfake,misinfo_general,high
p57uNBbiC7c,deepfake,misinfo_general,high
SpZ3YlZ8h6I,deepfake,misinfo_general,high
oLcncG5rsOI,deepfake,misinfo_general,high
y3JWg4gEV14,deepfake,misinfo_general,high
2mMPhU6aHA4,deepfake,misinfo_general,high
uEPqf7fLgTM,deepfake,political_election,high
UOCmOz5yqns,deepfake,misinfo_general,high
WvuXER-sTxg,deepfake,misinfo_general,high
vvXYdFZnG4o,deepfake,misinfo_general,high
onadkyQ8VbE,deepfake,misinfo_general,high
uCMHc1UVFCA,deepfake,scam_fraud,medium
baFmVtrVu6Y,deepfake,misinfo_general,high
SiyJd_oYRZA,deepfake,misinfo_general,high
S13xCdt6lWU,deepfake,misinfo_general,high
eslTtf03WyU,general_neg,ai_slop,high
lvvWAKME_PM,deepfake,misinfo_general,high
HxquuBqkWGI,deepfake,misinfo_general,high
divXI8LR8Kw,deepfake,misinfo_general,high
0QynkC5HpcI,general_neg,product_degradation,high
qaWBnLN9sjQ,education,learning_harm,high
tI8A6nutqs0,deepfake,misinfo_general,medium
51PkcCK1f7o,deepfake,scam_fraud,high
QyADBGRLIxw,deepfake,misinfo_general,medium
OBuXhk1q64I,regulation,safety_oversight,high
qEugLvQrJ0E,deepfake,misinfo_general,high
TlPKt1i9keo,general_neg,product_degradation,medium
-GjyLUl1Gls,deepfake,political_election,high
Yeu8f0dXQP0,deepfake,misinfo_general,high
IfMp96EW1mQ,deepfake,misinfo_general,high
k69TX-DuQ4w,deepfake,misinfo_general,high
NF5ve_KaKnA,deepfake,misinfo_general,medium
BnRsIx-3L2A,deepfake,misinfo_general,high
4qKuk3DhToQ,deepfake,misinfo_general,medium
rwwDBlxvdF4,deepfake,misinfo_general,high
hh-wNlBsQLo,deepfake,political_election,high
nukn4O1c5Ek,deepfake,misinfo_general,high
diwb4B78TNs,environment,data_centers,high
ckPqnmc9dZo,deepfake,political_election,high
x4iwOsiJQFU,deepfake,misinfo_general,high
e-sDMI7geYg,deepfake,political_election,high
UzRVIcrI_1o,deepfake,scam_fraud,high
hm4B0xr0no4,deepfake,political_election,high
OLbhQ3g_O9w,deepfake,scam_fraud,high
WmUHa_23JDg,deepfake,political_election,high
2yVjjR3_s8M,deepfake,misinfo_general,high
MZRR6JpPCuE,deepfake,misinfo_general,high
Lnjarwl_yB0,surveillance,other,high
bqex0lphUa0,education,student_cheating,medium
Dh3MCHIke6E,deepfake,misinfo_general,high
_aWzynEuulc,deepfake,political_election,high
GdJKwrUxDiU,deepfake,misinfo_general,high
aBmyKGQih1w,jobs,white_collar_tech,high
k3xwDSkmW7Q,art,music_voice_theft,high
OIsJBvEEiB8,surveillance,tracking_spying,high
lVkJsTY_n8Q,deepfake,misinfo_general,high
zg-fPoSjujM,deepfake,misinfo_general,high
sykH8buTxYY,deepfake,misinfo_general,high
aH6h2BZ8uGg,deepfake,misinfo_general,high
UKdhf_hDQGU,general_neg,ai_slop,high
_gDr0xTLDuw,deepfake,scam_fraud,high
Ggrhfbl9lUA,surveillance,tracking_spying,medium
8A-Y719JHIs,general_neg,ai_slop,high
9qzTTMWzNAI,deepfake,scam_fraud,high
eMtplbMiA64,deepfake,misinfo_general,high
SR2LkfiVh1I,deepfake,political_election,high
46hr2hMjplQ,deepfake,misinfo_general,high
7eJYXPYCvU4,surveillance,tracking_spying,medium
DJrxBNXDQQo,art,creative_job_loss,high
7O-QckjCXNo,surveillance,other,high
mdrkXh5A8dQ,surveillance,other,high
z9kFSfrtG7U,deepfake,misinfo_general,high
McM3CfDjGs0,general_neg,ai_slop,high
154rKloQKMQ,xrisk,loss_of_control,high
Pr198nJyIjE,general_neg,ai_slop,high
CUgR22ZnWCw,art,creative_job_loss,high
DCalWP4UnFY,deepfake,misinfo_general,high
3g6mC1w8iZA,general_neg,ai_slop,medium
xkGrl5NEb28,general_neg,ai_slop,high
dNO4Qv__pTE,general_neg,ai_slop,high
49rJS9Yo48I,deepfake,scam_fraud,high
jaq2GNbHF00,regulation,corporate_critique,high
uP5Lp3w4xDg,general_neg,ai_slop,high
B2R-LTFNra8,deepfake,scam_fraud,high
MVSe6ZDmlkI,art,noai_activism,high
N1L_rKlvgJA,general_neg,ai_slop,high
f9FgBY4oVAE,jobs,layoffs_news,medium
EQBbzdJ0JLw,jobs,white_collar_tech,high
-oIUrj6oFBo,surveillance,other,medium
rMeZJCvjFms,deepfake,scam_fraud,high
eubHTPtIgbQ,general_neg,ai_slop,high
Xm2cn3R2JHY,jobs,white_collar_tech,high
J62422AEiD4,general_neg,ai_slop,high
F28-ATKz47U,deepfake,political_election,high
GCjasj2ZaxE,art,other,low
n8xKsDteR1A,jobs,white_collar_tech,medium
20P1EWFLiEo,general_neg,ai_slop,high
rysN4l_uAzA,general_neg,bubble_skepticism,high
N0DLIoODVpk,art,style_mimicry,medium
N_qQE8OFoF0,general_neg,ai_slop,medium
SbEKwta5URI,art,other,high
VboUL8V1f84,art,other,high
iXpxEWeTCp4,art,other,medium
Ke0bUmmLKR0,education,learning_harm,high
hpOrt8PewGc,art,noai_activism,high
nJBZdFwUYag,art,noai_activism,high
In9pwRbFoyo,education,learning_harm,medium
iC5Vwvu_hq8,jobs,other,high
PCeGdH5WOew,jobs,white_collar_tech,high
LJ1GoJkSZTk,general_neg,ai_slop,high
XrbTapgDYLg,surveillance,state_corporate,high
TIJ5QFbc7LU,surveillance,data_privacy,low
Z8CiJvF5xK0,art,other,high
C44iCr6czAo,surveillance,state_corporate,high
2sgCHHlkQHI,art,music_voice_theft,high
piZVmf29ju8,art,noai_activism,high
-kT1O0P_1DI,art,noai_activism,high
K6XRwy-EPiA,art,other,high
LkFd89sCX_0,general_neg,ai_slop,high
6opNMyFFYwA,jobs,white_collar_tech,high
bhhXo2FQuqU,general_neg,bubble_skepticism,medium
a-CbKbLPRI0,surveillance,state_corporate,high
6RudyI_nFtw,art,other,low
SR1fpT2gX0c,general_neg,hate_quit,medium
6IwM2Q8IMB8,art,style_mimicry,high
80-TUiyBKuI,general_neg,bubble_skepticism,medium
9qp0LV5gcpQ,surveillance,tracking_spying,medium
UrPIYLmiOSU,art,creative_job_loss,medium
uX5t3bDNFh8,jobs,personal_loss,high
19iylxT3nn8,jobs,white_collar_tech,medium
zf979W2eG18,deepfake,misinfo_general,high
AtfKEfxpk8o,jobs,personal_loss,medium
8-Qnj6c9s4Y,regulation,safety_oversight,high
tZ32h0Q8px8,general_neg,ai_slop,medium
dqj5Q2lRycc,jobs,white_collar_tech,medium
x2yOvbjKyWc,surveillance,state_corporate,high
PIsMOyEiBfI,art,noai_activism,high
YcfcYuYWtnk,general_neg,ai_slop,high
twVp6atklgQ,general_neg,ai_slop,high
4iBsP7zT66w,general_neg,ai_slop,high
JXCup7s1kq8,surveillance,facial_recognition,high
t-Ga_MQHrS0,jobs,other,high
2lPDjjKuYYg,jobs,personal_loss,high
lHK-rQivneo,art,music_voice_theft,medium
Z8zAp-70mbY,art,noai_activism,medium
TLSPoPWnunM,surveillance,state_corporate,high
DdUgRoTKiik,surveillance,other,high
vWlPRhvwpz4,art,noai_activism,high
bQ_A461A4-c,jobs,white_collar_tech,high
Js7TeN4347w,surveillance,other,high
nzW7rG_Afe0,jobs,other,high
8I1caxWMbG8,art,other,high
Xl-edCJVFfA,art,noai_activism,medium
o6kNJL4vElI,general_neg,bubble_skepticism,high
u9TE0LuAri0,general_neg,ai_slop,high
3douH0SPDqY,art,style_mimicry,low
kB8Pk3bVbhc,general_neg,product_degradation,medium
tk7oEgJMl1g,jobs,white_collar_tech,high
vxWRIem6fDo,general_neg,ai_slop,high
gzidt1Q4iDk,art,creative_job_loss,high
UwM48_yyKTs,art,noai_activism,high
uhnpo2Tx6a0,jobs,personal_loss,medium
FvFCsumbmwM,general_neg,product_degradation,high
8fseDrD1F1s,art,noai_activism,medium
tkgtOjuxBCs,art,style_mimicry,medium
wrMVn43RsH4,general_neg,product_degradation,high
mOkB1h1yswY,general_neg,ai_slop,high
qc-16t0L0t8,general_neg,ai_slop,high
A3ThG-yW70o,art,noai_activism,high
TWSeEt-p1Zc,art,other,high
TQ8YkstQ4dE,general_neg,ai_slop,high
M0T4yXI5t5g,regulation,corporate_critique,medium
mYJIUDMmVVk,jobs,all_jobs_panic,medium
PLSOZJS3bkE,jobs,personal_loss,medium
Q4vBigiUeEQ,art,other,low
Gd7HuwtelmA,art,noai_activism,medium
WdB7iwHBBOk,surveillance,other,high
VNwBOE8FfXI,art,other,high
zdxULcVCNYk,general_neg,ai_slop,high
XtyxWWyrcPU,general_neg,ai_slop,high
PwvVvlYp8_Q,art,music_voice_theft,medium
tm1uzMEdh-E,general_neg,ai_slop,high
7HUltoAXW6s,deepfake,misinfo_general,high
ZPdLV8WvFrw,art,style_mimicry,high
AZ2bDt1jCJA,general_neg,other,high
yI6FSUqATxE,deepfake,misinfo_general,high
QCbBobDU6eg,art,noai_activism,high
YgF7kbfhS9M,art,noai_activism,high
Z3BnU6nwGeo,general_neg,product_degradation,high
Dego1AGqCGk,jobs,white_collar_tech,medium
mjZY6pIRAD0,art,noai_activism,high
0tOntoHdfIc,general_neg,ai_slop,high
tHPVIefBvws,general_neg,ai_slop,high
1vd9GISRhPU,general_neg,ai_slop,high
KtbpPSb3T1g,environment,data_centers,high
0Plo-zT8W9w,regulation,econ_bubble,high
m9BX2UGrEu4,general_neg,ai_slop,high
vxulJ1qzKCk,general_neg,ai_slop,high
uIZQmwJ2vXc,environment,water_usage,high
T1PQRGLJ1HE,jobs,personal_loss,medium
7qPh6iiF1_s,surveillance,data_privacy,medium
HcwQgGkjJqs,deepfake,scam_fraud,high
HpWCvItr55c,art,noai_activism,high
Md4AAPQ5nn4,general_neg,ai_slop,high
K6lyZ6_bSUY,general_neg,ai_slop,high
LIm7OlXxyqs,general_neg,ai_slop,high
OUy-_BUGUE0,jobs,white_collar_tech,high
yl73wKvr9NM,general_neg,ai_slop,high
A4i3-JqAeTQ,deepfake,misinfo_general,high
0FEc58osiVo,art,noai_activism,medium
FGFO-EvGVRw,general_neg,ai_slop,medium
eEoeBpoqzLs,surveillance,other,high
jcB6JWmML1Y,deepfake,nonconsensual_imagery,high
2B4_wFOSsuE,deepfake,misinfo_general,high
_ncGSCN7fR0,art,noai_activism,high
91utXFqgSok,jobs,white_collar_tech,high
qbEA8Vjmg58,regulation,other,high
SQxtC1cadJs,jobs,white_collar_tech,high
Ln3wr3U6n2Y,jobs,other,high
O6PWqm2SkMQ,general_neg,product_degradation,medium
LUx-QlRDCu0,art,style_mimicry,medium
y1n6rSl2kwA,general_neg,product_degradation,medium
C7V_tEldOHs,jobs,all_jobs_panic,low
46psLEZCwK8,education,learning_harm,high
Rc0kNnYgImg,jobs,personal_loss,high
M8HbJzbEnHc,art,noai_activism,medium
kdq2ievqR5k,deepfake,misinfo_general,high
HrfAHSUSMJA,regulation,econ_bubble,high
8I_yeica3r4,jobs,white_collar_tech,high
B4r83UDe3V4,art,creative_job_loss,high
nyZK21dGe04,surveillance,other,high
TpiuZdilY78,surveillance,data_privacy,medium
ulL-QPZTKHI,xrisk,loss_of_control,high
pwhCwnMuRB0,jobs,personal_loss,medium
dDd9vJwz2-I,general_neg,bubble_skepticism,medium
a74ve20n6yA,general_neg,bubble_skepticism,high
4Dl8tVuKF90,deepfake,misinfo_general,high
oT896h76s-Y,environment,electricity_grid,high
2fVZdAq9xrQ,deepfake,misinfo_general,medium
YiUG6F4wK0c,education,learning_harm,high
zEDyy4K4dSA,environment,electricity_grid,high
nrdXP_OiQtY,jobs,service_blue_collar,high
mE-Z6jVXhX0,education,learning_harm,medium
ffKEL1eXfTI,general_neg,product_degradation,high
2yU7UYdC4dg,regulation,econ_bubble,high
bx8fSNxsVlk,art,creative_job_loss,medium
jEjB41hDAyg,general_neg,bubble_skepticism,high
I1fMr9s0xuw,general_neg,ai_slop,medium
gjCgRwhUfjc,deepfake,misinfo_general,high
S6kRGJlugiw,general_neg,product_degradation,medium
1dMcJmsfoLI,general_neg,ai_slop,high
oO3PwgfNeQo,jobs,all_jobs_panic,medium
w1T0SjELfVo,jobs,white_collar_tech,high
kX-T9QMuCQw,art,noai_activism,high
TWGS8fmJzSc,xrisk,loss_of_control,high
vHPpBZiR80c,jobs,white_collar_tech,high
1aZTpqKiH-M,art,music_voice_theft,high
Bs_VjCqyDfU,general_neg,ai_slop,high
UUXZJk2zE3c,general_neg,ai_slop,high
y7pgdDBu8z4,art,music_voice_theft,low
FmFVoktxwlk,art,consent_training,medium
Gd4ef4WhCC8,art,creative_job_loss,high
0blykSWC77g,art,noai_activism,high
8fVIkOXgd8Y,jobs,white_collar_tech,high
5FScmwgDr-s,general_neg,ai_slop,high
NiMgFZsX_tY,general_neg,ai_slop,high
b2ImXK7nIjs,art,creative_job_loss,high
MV9Ro8F_bqI,deepfake,misinfo_general,high
3912bqhs3do,deepfake,misinfo_general,high
HT6hM5lDZUk,art,consent_training,medium
wxEpPin8MWw,deepfake,political_election,high
BLrfS1BAL9M,regulation,corporate_critique,medium
J7b4AJ9BhTA,deepfake,nonconsensual_imagery,high
guTJQjdif0g,deepfake,misinfo_general,high
GWoJvwbRblE,jobs,white_collar_tech,high
6e4_PZA_nNs,education,learning_harm,medium
fNmuyixB-nc,art,noai_activism,high
nHaTC2hLa28,jobs,white_collar_tech,high
1APCmA6YSpA,general_neg,ai_slop,high
0xUj_kUeZ_g,art,noai_activism,medium
LZJlLZgGAAc,jobs,white_collar_tech,medium
2yQFAzTGd7w,deepfake,misinfo_general,medium
IS6bTdj9USM,art,noai_activism,medium
vrTrOCQZoQE,general_neg,ai_slop,high
F98dnLySPIg,art,style_mimicry,low
w6b0k7oiicE,art,creative_job_loss,high
gwcNpCUC4dM,jobs,other,high
fNECYKQ83Is,general_neg,ai_slop,high
Y3JZdJlwomE,deepfake,nonconsensual_imagery,high
kPS_-cjh-u4,art,creative_job_loss,high
M8MmdsMBdDg,art,style_mimicry,medium
Gimw0n3VSeo,education,learning_harm,medium
6ge3r5wxims,jobs,white_collar_tech,high
gUIJ-SKOqrg,art,creative_job_loss,high
9jW1_bti3XQ,education,other,high
WAowt18OxHA,jobs,all_jobs_panic,high
WLl1P1BD8fM,art,noai_activism,high
auoAeic8lLw,deepfake,scam_fraud,high
6Yfo25hgnUQ,general_neg,hate_quit,medium
cEElUtwv8yw,general_neg,bubble_skepticism,medium
e9zI-zCTX_k,surveillance,facial_recognition,high
B0ocqxXZg5U,deepfake,nonconsensual_imagery,high
YExf_yPStv8,art,noai_activism,high
VmdNA6QIG5s,deepfake,celebrity_impersonation,high
4Bu61TcLOtk,art,noai_activism,high
qtIeoY606TQ,general_neg,product_degradation,high
oo4XI9e6H7w,surveillance,data_privacy,medium
WUZhM7BYPi4,art,style_mimicry,medium
lwsWFlARubA,jobs,all_jobs_panic,medium
Z7r13veQwpc,deepfake,misinfo_general,high
q8gqmnGFN-A,environment,data_centers,high
_oxtFP2UUyM,art,music_voice_theft,medium
pSLFcrxwCTc,art,noai_activism,medium
lo7ZH1DHt4E,art,noai_activism,high
ZpwSNiLV-nw,xrisk,agi_superintelligence,high
P5DgXqIIU2o,general_neg,product_degradation,medium
TuDiunofB24,surveillance,data_privacy,medium
1maTUNrZ724,jobs,layoffs_news,high
DRCYS21MBoM,general_neg,bubble_skepticism,medium
IosAppW6Sao,art,creative_job_loss,high
GXXy2TN604A,jobs,personal_loss,medium
1gZb1IlZTR0,education,other,high
_y8NPC_mn0g,deepfake,scam_fraud,high
Ku3OMJsLzwU,general_neg,antiai_identity,medium
QmfSPrQxBE4,art,noai_activism,medium
vB7pQxmAJMA,environment,general_resource,medium
yus10eR1Tqc,environment,other,high
CcC8S_wSGtI,jobs,white_collar_tech,high
5NAOyDYnneg,art,style_mimicry,medium
v0jHHyU7NMg,art,other,medium
N3QeB3LmwtU,general_neg,product_degradation,high
rSZDZ5qHYuI,jobs,personal_loss,medium
G-cdVurdoeA,education,learning_harm,high
8YpYMIGquO4,deepfake,scam_fraud,high
vGsYRxmKM9A,art,music_voice_theft,medium
UvGxnt_f-MA,art,consent_training,high
q5ALRZBByCA,art,noai_activism,high
YfwZUZtrduA,jobs,white_collar_tech,high
R55QzK8Hles,jobs,personal_loss,high
p2RQeNQ-YpM,jobs,all_jobs_panic,low
U82fZ4ooHcQ,xrisk,agi_superintelligence,medium
GGdJ9WwPNyw,art,creative_job_loss,high
EK4HQlPGvcw,jobs,personal_loss,medium
mbAw7BMHRaE,surveillance,data_privacy,high
LOzeVLFQcX4,art,consent_training,high
PkyHJusqPyE,deepfake,misinfo_general,high
dThRsW2INZg,art,other,high
pwt7mzDTUW4,art,consent_training,high
Mo3TmFJbBvQ,art,noai_activism,high
bdr2MDLfdf8,surveillance,state_corporate,high
CmMrqRxb8Zc,general_neg,other,low
gPJsVtVyBjI,deepfake,misinfo_general,medium
Qv8XOxIrfIg,education,learning_harm,high
PHDDJK68ZaU,deepfake,misinfo_general,medium
etlU357frvc,art,noai_activism,high
LdoL7suanl8,art,music_voice_theft,high
QJ2rsZLPD84,general_neg,ai_slop,high
Ir82cHgzPx0,art,other,high
lYCBgO9ukgs,general_neg,ai_slop,medium
BxOqWYytypg,art,consent_training,medium
cMZ8tPFUVxg,deepfake,scam_fraud,high
06yGDIsohYI,art,style_mimicry,high
hX6ZMAXCnFk,deepfake,political_election,medium
EUrOxh_0leE,general_neg,bubble_skepticism,medium
AMqBGwEdrE4,general_neg,ai_slop,high
x0j5kOM4ZzE,deepfake,misinfo_general,high
odwZh26h-EQ,jobs,white_collar_tech,high
G-mOcWI0WMI,art,noai_activism,high
a0IzsEIslvw,general_neg,product_degradation,medium
nvWMJ7U1fDI,education,learning_harm,medium
sHTuZd_lHQI,surveillance,other,high
oXwa9n0qDj8,general_neg,ai_slop,high
_aRPgV_J9H0,surveillance,data_privacy,high
BoSkkNa8TM0,art,noai_activism,high
breFdARjydY,environment,data_centers,high
QUm3p2KvivQ,deepfake,misinfo_general,high
n8MgVh6yK1U,deepfake,misinfo_general,medium
TA19fDYYM80,art,noai_activism,low
n2EcowmxRiM,general_neg,product_degradation,medium
w10ZHokfgek,jobs,personal_loss,high
EiPYgiu8-Hc,jobs,white_collar_tech,high
t6RlvhGj2so,general_neg,product_degradation,high
Rm8D75j-cuc,jobs,white_collar_tech,high
mGAH2_dPSI8,jobs,white_collar_tech,high
tItznSIZ8Ng,art,style_mimicry,medium
3CMPQzOwoy8,education,learning_harm,high
YY1wLdZ9xgE,jobs,white_collar_tech,high
h1AdTcd1_0Q,general_neg,bubble_skepticism,medium
YseFcDrasXo,jobs,white_collar_tech,medium
5z_qYJ1CGL4,xrisk,other,high
aSEnrDjLOfY,general_neg,product_degradation,high
Jts62hWkRO8,jobs,white_collar_tech,high
_EeojdzI0Sc,jobs,white_collar_tech,high
fj-PWi9TP7o,art,consent_training,medium
QECmW3NGkCM,general_neg,bubble_skepticism,medium
LcQGXC1f-8s,jobs,white_collar_tech,high
agndXJk2cHE,deepfake,misinfo_general,medium
K19eiaVB6N0,jobs,all_jobs_panic,medium
AaBj563Ys5A,environment,data_centers,high
asbCGqIPHOU,education,learning_harm,high
wAUTbQ4rPI4,regulation,corporate_critique,high
9Pd5Pztq49s,art,other,low
hO6BmfRFWww,art,other,high
8V_0BE-Ad-0,art,noai_activism,medium
F9peHi47Tuc,art,creative_job_loss,high
fjE68YcFn4w,jobs,white_collar_tech,high
V9cGiAiP_Cw,art,creative_job_loss,high
AgbdrgB8cA4,art,other,high
7EYrbWe8I6Q,art,style_mimicry,medium
4CIsZK1OC5c,jobs,all_jobs_panic,low
VTN2FFULEvE,general_neg,ai_slop,high
8tGnVWjI-z4,art,creative_job_loss,high
5isws9Qepo4,jobs,personal_loss,medium
sE1n7OIRvxc,art,noai_activism,medium
n7WLSqYnOos,surveillance,data_privacy,medium
Edi_mx_8D2M,jobs,personal_loss,high
Hi1R52abmdQ,art,style_mimicry,medium
zi-EvYCMenA,jobs,personal_loss,medium
F7SwmY93oRM,xrisk,other,high
QsAN8pss-kE,surveillance,data_privacy,medium
Snez5Mowxog,jobs,all_jobs_panic,medium
EPlGF1j2thc,surveillance,data_privacy,high
DFkWUQKN6ws,art,noai_activism,medium
1de4D93z-wA,xrisk,loss_of_control,medium
rC0mQ6Dso_w,deepfake,scam_fraud,high
9LkRHL9bSlU,art,music_voice_theft,high
yMsCbdDKnEI,deepfake,misinfo_general,medium
YG8fODHATGc,art,noai_activism,medium
sJ2hBK2O0fc,art,style_mimicry,medium
UTpBR8WGl3U,jobs,all_jobs_panic,low
RwvAfVOPgg8,art,creative_job_loss,high
HdKCGrLkCao,xrisk,agi_superintelligence,high
puZw7pm7er0,jobs,white_collar_tech,high
vUncEiyXIT4,general_neg,product_degradation,high
wU8RlvtAAWg,surveillance,data_privacy,medium
-UcLv-9Wnzg,art,noai_activism,medium
qpWIO6023Pc,general_neg,bubble_skepticism,high
no_oAmo5hIQ,general_neg,product_degradation,high
ci-Sk3OjSOU,art,noai_activism,high
khtcbYqK4DI,surveillance,data_privacy,high
0PIXuP3Z0l4,general_neg,product_degradation,high
-vP_VwSI3sU,xrisk,extinction_doom,medium
rjULbCk_q_c,general_neg,product_degradation,high
WxaoBjpquuU,jobs,personal_loss,high
-xBKQI_NdzA,general_neg,product_degradation,high
bxcb13GPxWY,surveillance,data_privacy,high
S0mr7vWZJ7A,jobs,other,high
lPBwJz45nrk,jobs,all_jobs_panic,high
Jk68px6ND0U,jobs,white_collar_tech,high
tAd-OOrdyMw,surveillance,state_corporate,medium
_p1dcNpiQLw,general_neg,product_degradation,high
QEJpZjg8GuA,general_neg,product_degradation,high
gDxhNEXIVJA,deepfake,misinfo_general,high
rTODT09dyBA,jobs,personal_loss,medium
iX4QOwSMuWU,general_neg,product_degradation,high
66R35CzZD8Y,surveillance,other,high
PdxzFSViDLo,jobs,all_jobs_panic,high
_Z3zVeWCdlg,surveillance,other,low
btDIrmZobJk,jobs,service_blue_collar,medium
gB69HaJZbYA,general_neg,product_degradation,high
kF09B3Zzbf8,deepfake,scam_fraud,high
3njLS9TzOKs,jobs,service_blue_collar,high
cXW1gjVb2_w,jobs,service_blue_collar,medium
qOR5CksTf00,jobs,service_blue_collar,high
sdftjBN_paU,general_neg,ai_slop,high
v6O-tH685Iw,surveillance,state_corporate,high
0Q04uGl4o70,art,music_voice_theft,medium
yL1d3n-BNuE,general_neg,product_degradation,high
L6pdlwsV4xw,jobs,service_blue_collar,high
9JmWNL7_AEg,surveillance,other,high
rMRAsCvsTnI,jobs,service_blue_collar,medium
SuueBBngZs0,general_neg,product_degradation,high
t_4XHn3odgU,surveillance,other,low
P3FKqsgBwLE,art,music_voice_theft,medium
x1-NNz88Fp8,art,consent_training,high
teDJaBVelso,general_neg,bubble_skepticism,high
MsYFrCYyFPg,surveillance,other,high
Z9fjB7m35-I,jobs,service_blue_collar,high
kx58OFt18jk,general_neg,product_degradation,high
eTNQDaexevs,jobs,all_jobs_panic,high
9QusiIa_eF8,surveillance,other,high
CP4HgVfufNM,art,noai_activism,high
eE7lYEtXHIQ,surveillance,tracking_spying,medium
QeT5EXT0Ehc,jobs,service_blue_collar,high
v1Q8dZOeCnE,surveillance,other,high
nyoKnHaoKE4,general_neg,ai_slop,high
xKT5ye02THs,general_neg,ai_slop,medium
sntcO2btlRI,jobs,all_jobs_panic,high
poOXAKxLazk,jobs,other,high
QMl93qj3m9o,art,style_mimicry,high
qbp70IZlVjY,general_neg,bubble_skepticism,high
J5tEBTAOgZ0,general_neg,ai_slop,high
22dquW4EYsQ,jobs,service_blue_collar,medium
IotCWBn3v6Y,general_neg,product_degradation,high
zVyMBJXNFEw,general_neg,ai_slop,high
Nu1oYFxiPPc,education,learning_harm,medium
z2guHaoY2_Y,general_neg,bubble_skepticism,high
Dh4g0gxirSQ,general_neg,bubble_skepticism,low
rd7QiJHWEZs,art,music_voice_theft,medium
84Ngzbq8F0E,regulation,corporate_critique,high
IDJjIk-T1Fc,general_neg,ai_slop,high
jWckcROc77U,jobs,other,low
uJets9d--3E,general_neg,product_degradation,high
QswxisfYVV8,general_neg,ai_slop,high
GGqkWQgXssk,education,learning_harm,high
Bn49sCh8Xow,general_neg,product_degradation,high
nCo4VIyT6jM,deepfake,misinfo_general,high
aHZ4MX5dY3w,jobs,all_jobs_panic,medium
LLR7kbmC9js,general_neg,ai_slop,high
7-UzV9AZKeU,general_neg,bubble_skepticism,high
McXCbgVeICY,general_neg,product_degradation,medium
vUzSXImIxTs,general_neg,hate_quit,medium
Xc-XUpGR_Co,general_neg,product_degradation,high
_goJAFQtCyk,general_neg,ai_slop,medium
-KpCPqMYAC8,surveillance,other,high
_Ph45HxRQo0,jobs,white_collar_tech,high
4Z8yJbdxEis,general_neg,ai_slop,high
pSgxFlBtvhY,education,student_cheating,high
IZSFyB-gsYw,general_neg,ai_slop,medium
HCNXmPJvl48,xrisk,agi_superintelligence,high
qSt7GuXe2zg,general_neg,product_degradation,high
jsJQsda6K9w,education,learning_harm,high
iWhlrkfJrCQ,general_neg,bubble_skepticism,medium
RwRXaYQ-EV8,general_neg,product_degradation,high
TuP2CznBBnU,education,learning_harm,high
CO1HJBbNqeM,surveillance,data_privacy,medium
DLwyGjFsPPM,jobs,white_collar_tech,high
3TZp1Kbh3Ho,general_neg,product_degradation,medium
Np_sv-boqxQ,education,learning_harm,medium
cHitd77E6zM,education,other,high
Vy9pYgs5i6M,xrisk,other,high
GHXBCpsmeHs,general_neg,ai_slop,high
0e1H-BzWCP8,surveillance,tracking_spying,medium
Y-a99uPwAOM,education,learning_harm,high
CrLW6vpRtfg,general_neg,product_degradation,medium
IB47PALpIpw,general_neg,bubble_skepticism,medium
BOWyDNRWSGI,xrisk,other,medium
vwx2Tmc6aw8,art,noai_activism,high
CtF-G-_Hxd8,xrisk,extinction_doom,high
UZ4FCr22eHE,jobs,other,high
H1yVtZE5Jng,general_neg,product_degradation,high
4iOXEF31D0Q,general_neg,ai_slop,high
3GhdIXY8yaE,xrisk,other,high
NAYll62LWGo,general_neg,antiai_identity,high
COTUpNLgTP4,general_neg,antiai_identity,high
bZRHlAgZE3w,general_neg,product_degradation,high
ueeqJ0ocEPo,general_neg,ai_slop,high
RkNUfDae75o,general_neg,hate_quit,medium
qZ4r_J2pAxQ,xrisk,loss_of_control,medium
2XUJVJ4cSj0,general_neg,antiai_identity,high
pE7kT3RpGG0,general_neg,bubble_skepticism,high
IWBF8KcfjYA,art,noai_activism,high
4ZTSapDrPMs,art,noai_activism,high
iHtUyxMW0D8,art,noai_activism,medium
4FShVtw26GQ,general_neg,antiai_identity,medium
6SVvNzwU8CI,art,creative_job_loss,high
jZJitzTjuYg,jobs,all_jobs_panic,medium
OrUfX860IHI,jobs,all_jobs_panic,low
u8abF9KYpVg,art,noai_activism,high
ptnQd7wRLmg,general_neg,antiai_identity,high
nB8ssSTQGhY,art,noai_activism,high
n6ZpPK4gzx0,general_neg,antiai_identity,high
y8PmzYWeu74,general_neg,antiai_identity,high
My4Uxqi03kM,jobs,all_jobs_panic,medium
6EA4zT9VCXo,art,noai_activism,high
BvmNgU7HFR4,art,creative_job_loss,high
TnFhsS5Q8UU,general_neg,antiai_identity,high
NoTtLZgoFTs,xrisk,loss_of_control,medium
BsPc2d4CpiI,art,noai_activism,high
4Z4Q_UG8m-Y,general_neg,antiai_identity,high
rl45BiUpunE,general_neg,antiai_identity,medium
9IIbL5rOWDo,environment,water_usage,high
qkGUgtWWBVg,jobs,all_jobs_panic,high
k-N_GTVtSLs,art,noai_activism,high
lfZsLAgfjYc,art,style_mimicry,medium
4bhtqDzXLTA,general_neg,antiai_identity,high
1jUDBjIzw68,art,consent_training,high
y85nqc2zm7M,xrisk,extinction_doom,medium
TZjC1q5xKFY,art,style_mimicry,medium
Re3BFlwUmAU,art,consent_training,high
ZPJ6VmeRJ0c,xrisk,agi_superintelligence,high
vesV3zZs1I0,art,consent_training,high
eDlYO_RazLo,general_neg,bubble_skepticism,low
3I60uZEqXr0,xrisk,extinction_doom,high
0e0QCkee39o,education,other,high
nPbTXEOJEVM,environment,data_centers,high
iw41MarJjg4,general_neg,hate_quit,high
m23qzVCkLX0,education,learning_harm,high
KDusf3MzXPQ,general_neg,antiai_identity,low
j5AQ7krE7rk,general_neg,antiai_identity,high
Y9dIL8P7_ck,general_neg,ai_slop,high
-oBpxethLro,deepfake,misinfo_general,medium
Xo-lCm3j2ko,art,noai_activism,low
AOW9sGpip6M,surveillance,data_privacy,high
ybv-anmBukw,art,noai_activism,high
qHuIkof9pj4,deepfake,scam_fraud,high
9gVs5JD1IPU,art,consent_training,high
fjZQwcvlcn4,art,noai_activism,high
xS7uYpA8VnE,jobs,all_jobs_panic,high
y6p2Out8VbQ,surveillance,tracking_spying,medium
TdzfEhNydXo,art,creative_job_loss,high
foWGy155fGE,jobs,personal_loss,medium
q034zm1W6bE,environment,general_resource,high
90irsXaKxZA,xrisk,loss_of_control,high
ICjubxfeICo,general_neg,antiai_identity,high
92k_4Ez2Rzc,jobs,all_jobs_panic,high
gyiN76cgjy4,jobs,personal_loss,medium
3IbsZrOZtlU,surveillance,facial_recognition,high
oUJkDdU_3mk,art,noai_activism,medium
G5yjlox-R-I,xrisk,loss_of_control,medium
fnJzxgHreg0,art,creative_job_loss,medium
MGPf6WnA5QQ,art,noai_activism,high
yQBBb62Oygw,general_neg,antiai_identity,medium
fT9ln0vlE7A,art,noai_activism,high
_oOpONUf5SA,art,noai_activism,high
J-_lKNUQNvE,regulation,pro_regulation,high
F2-Taoz8XCA,art,style_mimicry,high
j92E1Zlu530,regulation,safety_oversight,high
uIkh59yEuEo,education,school_bans,high
7kSvs3ollt4,xrisk,loss_of_control,high
dp7JfUXGrpw,general_neg,ai_slop,high
PiY94NN-p4M,art,noai_activism,high
xi6PBswjP00,xrisk,agi_superintelligence,high
KkXAVa4gHp4,art,noai_activism,high
QzXrUm3zgHM,education,teacher_impact,high
4y2jQ-Fqnco,art,noai_activism,high
CgpNrmmgawQ,art,noai_activism,high
K51bGu98Cq8,regulation,pro_regulation,high
bx0k-H2qdco,general_neg,antiai_identity,high
pFGC7zJNfss,general_neg,antiai_identity,medium
6wAm2c74wjE,art,consent_training,high
UcJrrv-cN38,art,noai_activism,high
lQk943YR2T0,jobs,all_jobs_panic,high
oor37UXuLj8,art,noai_activism,low
RFgtiPR7CCI,art,noai_activism,high
4_3HbI_dnz0,xrisk,other,low
-t1o9BT2o4M,art,noai_activism,high
yjKOgcq47UE,art,noai_activism,high
my6JARawDP0,general_neg,antiai_identity,low
grzKW2S2yoQ,art,noai_activism,high
IACLGw99VcA,art,noai_activism,high
gsUNxJHx394,jobs,other,medium
YIFMq6fawBY,art,noai_activism,high
qbjdf2_Vnyo,general_neg,ai_slop,high
tztZKgqiUWM,art,noai_activism,high
w5z4K9zfozk,surveillance,tracking_spying,medium
EGwZ5U-c1f8,art,noai_activism,high
EfRwBElBeZQ,jobs,white_collar_tech,medium
MwuJdPRF6KU,art,noai_activism,high
g8zpCUjIYZo,general_neg,antiai_identity,high
AkAJ4rsr0v4,general_neg,antiai_identity,high
BcNMrb7k3SM,art,noai_activism,high
mhAIW6pVxjM,art,noai_activism,high
wT-WJ_5TWtU,surveillance,data_privacy,high
eFTMp9_4H2A,art,noai_activism,high
96CQHLvDtjE,art,noai_activism,medium
LoftZXazCdU,art,noai_activism,high
Q6nem-F8AG8,general_neg,bubble_skepticism,high
RehBr-flbAw,regulation,corporate_critique,high
QIQePHIS8ME,deepfake,scam_fraud,high
_e-vssgkZ0Y,art,noai_activism,high
XcpahivemiE,art,noai_activism,high
hMy1gtViZJI,art,noai_activism,high
RTmGMdV_U_M,art,noai_activism,high
S2BCgghamJc,general_neg,product_degradation,high
EQ7Ks0bI-LY,xrisk,loss_of_control,medium
P3hzEJ2gJY0,xrisk,extinction_doom,high
DskUw5cxNWg,general_neg,product_degradation,high
iKgV_eVmwP8,jobs,all_jobs_panic,medium
mb5Lx4auBKI,jobs,white_collar_tech,medium
S3EciZOhlBc,xrisk,loss_of_control,high
a7l--vGjH44,jobs,white_collar_tech,high
5rgFu9oAhFA,jobs,all_jobs_panic,medium
4jMd7ZT7Rhg,general_neg,antiai_identity,medium
LfQIJgU_W2w,jobs,all_jobs_panic,low
S9a1nLw70p0,xrisk,agi_superintelligence,high
_pXwuHaK3ps,general_neg,product_degradation,medium
P6XphuL1o_A,jobs,other,high
gwuISEr7L8M,surveillance,other,high
OmRiNddxiEA,education,learning_harm,high
NoMhRl0E7mk,surveillance,data_privacy,high
B8z9ibfsY9c,education,learning_harm,high
Bt17NHAduYM,general_neg,hate_quit,high
12waK-aDHV0,general_neg,hate_quit,high
uQi446K0NCE,regulation,corporate_critique,high
rXOI6RTxJXU,surveillance,data_privacy,high
joEBm8UiIjc,surveillance,other,high
iDmH2wDTKoY,general_neg,product_degradation,high
7usmtO_bJx8,regulation,corporate_critique,high
XczRTOkZ2-c,general_neg,product_degradation,high
__jC8GZnpV4,art,consent_training,medium
KmLsTwRfQDU,surveillance,data_privacy,medium
NI8pV8P_I1g,xrisk,loss_of_control,medium
9g6AXEXQ20Q,regulation,corporate_critique,high
cQrpjTIoNmI,jobs,other,high
ZcH5C8Jlltc,xrisk,loss_of_control,medium
3u5dWtD3Kco,general_neg,bubble_skepticism,medium
NmDL3WRXBwI,regulation,corporate_critique,high
XUQFCpUvgNY,xrisk,agi_superintelligence,medium
xYInCvUj3vU,surveillance,data_privacy,medium
CSA0pXVOJcE,general_neg,product_degradation,medium
4KGu9-XKyE0,surveillance,data_privacy,high
b_SNExtznd4,surveillance,tracking_spying,high
VzpaB_rZCiA,xrisk,agi_superintelligence,medium
RolEGrP6sEw,deepfake,scam_fraud,high
-4f5IcNkcEs,environment,electricity_grid,high
QBSDA1TckZc,general_neg,product_degradation,medium
rFtClYdFp6c,general_neg,product_degradation,high
hNBoULJkxoU,xrisk,extinction_doom,low
qLwSAAgtzRw,jobs,other,low
-6fjiU_9klA,general_neg,product_degradation,high
VHDKTlMoeB8,general_neg,product_degradation,high
zOrKI839h0Y,xrisk,other,low
5hTeclJebrs,deepfake,misinfo_general,medium
TbUmPwD1Kgk,regulation,corporate_critique,high
6vY5UYyT0FE,art,other,low
19KPsrV36Ec,general_neg,bubble_skepticism,high
eKxNGFjyRv0,jobs,white_collar_tech,high
XkscOelMXJY,general_neg,product_degradation,high
n385mJHc6Ss,education,learning_harm,high
rO1hWeyQQnM,education,learning_harm,high
u5SWyKpAKFc,environment,electricity_grid,high
Vw0tTtJ5u7I,deepfake,misinfo_general,medium
qIiqdynbwxA,education,learning_harm,high
pU09Qmv2kDo,surveillance,state_corporate,high
6ht6tS-Q3rE,jobs,personal_loss,medium
XpdIxFplgvI,regulation,econ_bubble,high
HxHLboZvFrw,general_neg,product_degradation,high
MY46hD4-A2c,education,learning_harm,high
WrAdDyG5GtI,deepfake,misinfo_general,high
xlPE15TSq8E,surveillance,state_corporate,high
qEYZgeamdxE,education,learning_harm,high
xZrrvkFPOyM,jobs,service_blue_collar,high
wsKBNvdcatE,art,noai_activism,medium
eFE20vL7yhg,general_neg,bubble_skepticism,high
5-tzLvOu9lo,general_neg,bubble_skepticism,high
mQ7QnVcYOoQ,general_neg,bubble_skepticism,high
hNvXjEVGtmU,surveillance,data_privacy,medium
WsfPNDA32PE,general_neg,product_degradation,high
pw_wR3WIlZA,deepfake,misinfo_general,high
_F-OyvxoQMg,jobs,all_jobs_panic,medium
pNzZnbGBkGI,general_neg,product_degradation,high
8pqxhn9h7kM,general_neg,product_degradation,high
kMap2WrT164,regulation,econ_bubble,high
5X2YJpTDqM8,jobs,all_jobs_panic,high
xl86PtBmHDY,jobs,all_jobs_panic,medium
-IBHHMHhIvY,regulation,econ_bubble,high
gtq-KBJIadw,regulation,econ_bubble,high
iNiQd9jFw8s,general_neg,bubble_skepticism,high
FcKYvzJbTko,jobs,all_jobs_panic,medium
98Gu5-Xakgs,jobs,white_collar_tech,high
Q72flbyc2yQ,regulation,econ_bubble,high
BqjltspOYfY,regulation,econ_bubble,high
_JWRQdWHZlQ,jobs,other,high
o-u_ZkGBcNc,general_neg,bubble_skepticism,high
pEDUt43gfJM,regulation,econ_bubble,high
jxYMazRfxVg,general_neg,bubble_skepticism,high
s31ZpM8_p_M,jobs,other,high
dI_2Lx4cYUM,environment,general_resource,low
o53CwzeXNNU,general_neg,bubble_skepticism,high
IolDnkPsZqI,jobs,all_jobs_panic,medium
OeZdTxCqnnA,jobs,other,high
c5tdpOVrtdA,regulation,econ_bubble,high
FSzbTCHHURE,regulation,econ_bubble,high
SmuX-Al7DUs,environment,data_centers,high
9jGvW4p-_8w,jobs,other,high
BQ0aOG-DvpQ,jobs,all_jobs_panic,medium
oSHXPBslXGY,jobs,all_jobs_panic,high
bb_LabCbSzI,jobs,other,high
cmzptWcRs6Q,regulation,econ_bubble,high
9yy_Wz0BbyU,regulation,econ_bubble,high
9UzfFm231i4,general_neg,bubble_skepticism,high
E7Gj4iA6YKw,regulation,econ_bubble,high
lrR64YPcz_Y,regulation,econ_bubble,high
0wxBHxpMFXA,jobs,all_jobs_panic,high
zECyMRI8sV4,jobs,layoffs_news,low
D7D1ktkg7OM,general_neg,bubble_skepticism,high
37aUuoRyMhM,environment,other,high
Bs2vUYh1LcM,jobs,all_jobs_panic,low
Z5Pl9FxHZBQ,regulation,econ_bubble,high
ed3W4-id9pk,regulation,econ_bubble,high
Zsh6VgcYCdI,general_neg,bubble_skepticism,high
KUM2z_vit_E,jobs,other,high
JCDPSLar1uU,regulation,econ_bubble,high
NbL7yZCF-6Q,environment,electricity_grid,high
T3xu4ritjbg,jobs,all_jobs_panic,medium
inPBu71Jh_0,jobs,all_jobs_panic,low
m227RMSrN9o,regulation,econ_bubble,high
BXozwtz-1Pw,general_neg,bubble_skepticism,high
gfOYJY3Q8dI,jobs,all_jobs_panic,medium
UQhM13yK6DQ,jobs,other,high
UUuQ5gMeRiM,environment,data_centers,high
C35bMFVDrlo,jobs,other,high
2PiBakVRgw4,regulation,econ_bubble,high
h9rWVnKfYos,xrisk,other,medium
xRrp3DmIKl0,jobs,layoffs_news,high
0zKrHc3C29w,jobs,other,high
t1IV5G1ptBQ,jobs,all_jobs_panic,medium
G9i2CF6agYo,jobs,all_jobs_panic,medium
jn_FnrKS8CE,environment,electricity_grid,medium
uroiPjKemrM,regulation,econ_bubble,high
7bDVnxUXzec,jobs,all_jobs_panic,medium
zmSz3m2xc_M,art,noai_activism,medium
ifyaI4TOsDM,jobs,all_jobs_panic,high
cZgZDSVcg20,regulation,econ_bubble,high
f_r9_20Rb8s,jobs,other,high
4F45Yn9YT-w,regulation,corporate_critique,high
rrsZ0k7FPss,jobs,all_jobs_panic,low
sIMnCwC1WSE,regulation,econ_bubble,high
1yLWcXFS83A,environment,other,high
b5wOx2lZRM0,general_neg,bubble_skepticism,high
ED2OIvTlq2M,jobs,all_jobs_panic,low
30ITg-HlCQM,general_neg,bubble_skepticism,high
p6OwIIDZuso,jobs,all_jobs_panic,medium
rSz62hB05ig,regulation,econ_bubble,high
jQ19RWU_hps,regulation,econ_bubble,high
ra8E7ey_Ptg,environment,electricity_grid,medium
Vy2Nt0pg8c4,general_neg,bubble_skepticism,high
2LsLo8jw5SE,jobs,all_jobs_panic,medium
_-xyi2a-Y1M,jobs,all_jobs_panic,low
IYC9-QDkER0,xrisk,agi_superintelligence,high
z0eUZSlDux4,general_neg,bubble_skepticism,high
dfTZsWlny2Q,jobs,layoffs_news,high
EtcwmC-NWKo,jobs,all_jobs_panic,high
HxWr4Nn263Y,environment,electricity_grid,high
LZcLEOCmmNE,jobs,all_jobs_panic,medium
2po-s2yOCcg,general_neg,bubble_skepticism,high
WxUBCrr4CdE,jobs,other,high
p6MTsrLfUNg,jobs,all_jobs_panic,low
xcW7IlUmxt8,environment,data_centers,high
_63ldwMgaPA,general_neg,bubble_skepticism,high
wtr3j6b2HX4,jobs,other,high
VbrU0lTxgRc,jobs,other,high
hBkcJcg7Ddc,environment,general_resource,medium
oAbpVCn-Ox0,general_neg,bubble_skepticism,high
SOZwbW6UTXw,general_neg,bubble_skepticism,high
WwMSnpu-Fp0,regulation,econ_bubble,high
mFG3Ah-zf18,environment,other,medium
UPaaCGL2B7U,environment,data_centers,medium
kx_okFl98Vw,general_neg,bubble_skepticism,high
TPL1QvCfkRE,general_neg,bubble_skepticism,high
VcyeiXtPF34,jobs,all_jobs_panic,low
XEPClBBEmXg,jobs,all_jobs_panic,medium
s-nU3gSUeuQ,general_neg,bubble_skepticism,high
r_ktaPutkjM,jobs,all_jobs_panic,high
zud-EfsmLvA,jobs,other,high
wQjVprGq5eI,regulation,econ_bubble,high
eDSaZveGttk,environment,data_centers,high
KUR1C0P2yZ0,general_neg,bubble_skepticism,high
AxR0uIrs1EQ,jobs,all_jobs_panic,medium
rf9Sat5n0AQ,regulation,econ_bubble,high
xAA3F3FoX24,jobs,all_jobs_panic,medium
iG6KFMNrxCk,general_neg,bubble_skepticism,high
sUWwTpTp4_w,regulation,econ_bubble,high
KER1SbxWIlg,jobs,other,high
IPcVosG8Mng,jobs,all_jobs_panic,low
5m-9glfMzPw,regulation,econ_bubble,high
ncQPkMqfBU0,jobs,all_jobs_panic,high
qSifZs6oIDA,environment,data_centers,high
mkD_7iB1N_k,environment,data_centers,medium
iFB2fdB07cE,general_neg,product_degradation,high
YslPDzM6em8,jobs,other,high
jFpGRGbpUTo,surveillance,data_privacy,medium
ZTPkb6puAos,general_neg,bubble_skepticism,high
N_3X6qF2tT4,general_neg,bubble_skepticism,high
pjyUaedDWns,regulation,corporate_critique,medium
1oAzkXuvkrg,regulation,corporate_critique,high
inIb2xCkJKU,xrisk,other,high
deMxLYwhids,xrisk,extinction_doom,high
ZsmrwMTFEUk,deepfake,scam_fraud,high
5os_nalLwvI,jobs,white_collar_tech,high
AAm_VuXDoVw,xrisk,loss_of_control,high
NhMq52kqjC4,jobs,all_jobs_panic,high
KipDBa4bTl8,surveillance,state_corporate,high
z3XteRwHY_E,general_neg,product_degradation,high
8YAfm7o5yiI,jobs,other,high
qnOmUWd-OII,regulation,corporate_critique,high
G2XigGNU0UE,surveillance,other,medium
PT2qWAjsj2U,general_neg,bubble_skepticism,high
YxlRrSIaIBg,jobs,all_jobs_panic,high
XmoX-WOZ3TM,general_neg,ai_slop,high
bi-F4T-mgqU,surveillance,state_corporate,high
b9BkVk22nyw,general_neg,ai_slop,high
k220kqakTQA,general_neg,ai_slop,high
Bg2VYEPiHHA,environment,electricity_grid,high
jUiZg4LQgiY,general_neg,hate_quit,medium
xFpC9kXYImc,general_neg,ai_slop,high
Plzp5z5RsJw,surveillance,data_privacy,low
HHwtYRF3MPM,jobs,all_jobs_panic,low
57wFvOqzBvg,surveillance,data_privacy,high
W6YiThyRh30,general_neg,bubble_skepticism,high
_Pb1vlIZCkg,regulation,corporate_critique,high
Ak3OOI4sZWE,jobs,other,high
d106A-ONNqE,general_neg,ai_slop,high
qM7qhGpcssU,general_neg,ai_slop,high
tAXKxKTGWFQ,general_neg,bubble_skepticism,high
NYSYH2uGZ80,xrisk,other,low
7DiXXDVuMac,jobs,white_collar_tech,high
bau_rG1Ujms,regulation,corporate_critique,high
sH3Z08_QeeI,general_neg,product_degradation,high
L-0CYzrRQX8,general_neg,antiai_identity,medium
Tk9bVpYIIjc,general_neg,product_degradation,high
USVZuOafIi4,art,consent_training,high
-m_RFCo_4Ss,jobs,personal_loss,medium
Nasv4amXnXg,deepfake,celebrity_impersonation,high
ez6VxM7J4OY,regulation,corporate_critique,high
0_ur0Dj6emM,regulation,safety_oversight,medium
lb_o1VpqmQg,deepfake,misinfo_general,medium
PNC379oRUAY,xrisk,other,high
W1dIC287Zz0,xrisk,extinction_doom,high
3L-u2j2pyaA,surveillance,data_privacy,medium
zKjo8Oc2qLk,surveillance,data_privacy,medium
7Gnw2-FOIU0,jobs,service_blue_collar,high
JyKRsF1Hobk,general_neg,ai_slop,high
fPW3B6v60nc,general_neg,antiai_identity,medium
e2ChUJVy6QI,general_neg,ai_slop,high
SK0t3r-zgxc,surveillance,other,high
ORNjYfrxw0w,surveillance,state_corporate,high
0rBFtHCn-XY,education,learning_harm,high
BGU7RewfIR0,xrisk,other,high
g0MikM4Bsbc,xrisk,other,medium
iitq4Zrphdk,xrisk,personal_dread,medium
QNJj1CvAvtU,xrisk,loss_of_control,medium
Za9BRG0R5Zw,general_neg,ai_slop,high
1tzsAjsEa58,general_neg,ai_slop,high
0F_g33QeVNU,jobs,all_jobs_panic,low
npN5FD6X1oY,education,learning_harm,high
4i1Iy6jJ3oY,jobs,other,high
QBqFtvjnX7g,environment,electricity_grid,high
ohrkatzCoeE,jobs,other,medium
Y3N9qlPZBc0,general_neg,bubble_skepticism,high
jnWDFd2npG0,general_neg,bubble_skepticism,high
b_BaJPyuHqY,art,noai_activism,high
dAvX3QSunhQ,art,noai_activism,high
cNLfp4h1jIM,general_neg,bubble_skepticism,high
w9WqQVs1eRg,regulation,econ_bubble,medium
G0_emV4L8pw,jobs,layoffs_news,high
V5rr7tlkXag,general_neg,product_degradation,high
UhyzfCRXux4,art,noai_activism,high
D8-JDzHeMyw,art,noai_activism,high
Vu9Bw7qKMzQ,art,noai_activism,high
dVTYYQvhG-c,art,noai_activism,high
CaxTskB3K_g,art,noai_activism,high
wHe3qBcO0JY,jobs,layoffs_news,high
d3qmOIidFRc,art,creative_job_loss,high
DYWkqro7Vso,art,music_voice_theft,high
EdgGwDsN0xI,jobs,all_jobs_panic,medium
eOfIYuLQav0,art,noai_activism,high
7-1_oqZsSu4,art,noai_activism,high
biyCJLOBGDA,art,noai_activism,high
thbYwQA7EyA,art,noai_activism,high
IJL2DnSQSQI,surveillance,other,high
TsxKyUHsncY,art,music_voice_theft,high
PbVFX_RzdM8,art,noai_activism,high
irIp0sP0YN0,art,consent_training,high
BPjGN2o4QnI,art,noai_activism,high
cOBTD45U_Ms,jobs,personal_loss,high
TPE8KOg6sks,art,noai_activism,high
A5ESnZfXQG4,art,noai_activism,high
vyljtvZWN30,art,noai_activism,high
__1uVWUSJe4,art,noai_activism,high
vkRx235qWkI,art,noai_activism,high
2Il0zR0DQ4Q,art,noai_activism,medium
lQXpTOCJgcg,xrisk,loss_of_control,medium
Vvbg0xW1qfw,art,noai_activism,high
P97y2v70yW0,art,noai_activism,high
-j-mfC011ro,general_neg,bubble_skepticism,high
G_E3JF_YH-A,art,noai_activism,high
omXKazdBkv8,education,learning_harm,high
5ueG43qj_ao,art,noai_activism,high
Dq9BM9T0wuI,general_neg,bubble_skepticism,high
M3U5UVyGTuQ,general_neg,bubble_skepticism,high
F_9S4zaXTO4,xrisk,other,high
KXvEJ_In1N4,jobs,all_jobs_panic,medium
_IOh0S_L3C4,xrisk,other,high
BwRxvzR6roE,art,noai_activism,medium
CUUxtZ_KHoo,general_neg,bubble_skepticism,high
Xcvxk29BXXU,general_neg,bubble_skepticism,high
mFJLSk6GcXo,art,music_voice_theft,high
nGIpdiQrFDU,general_neg,bubble_skepticism,high
6Xp0Pe1V9UU,general_neg,bubble_skepticism,high
tUqYIQ1hzUA,general_neg,bubble_skepticism,high
uB9yZenVLzg,general_neg,bubble_skepticism,high
zMkm2hnqAVk,jobs,all_jobs_panic,low
8apmJQuO_mU,art,consent_training,high
H70cXKYsF-o,jobs,other,high
yddnm_Wroi8,general_neg,bubble_skepticism,medium
SwWzZXkAGMU,general_neg,ai_slop,high
YevOoc-b-wo,jobs,white_collar_tech,high
U0O2M9lK-2U,general_neg,bubble_skepticism,high
KreQ3K0qZrs,general_neg,bubble_skepticism,high
-zF1mkBpyf4,jobs,all_jobs_panic,medium
bs5snugP1VA,xrisk,loss_of_control,medium
kb5_40mNUgg,art,noai_activism,high
QiT2yK-5-yg,xrisk,loss_of_control,high
yI-Eovv2aSE,surveillance,other,medium
3XVfWmpnc2A,jobs,white_collar_tech,high
1RKGWg2Ex2U,general_neg,bubble_skepticism,medium
uylkLdfNWkQ,general_neg,bubble_skepticism,medium
ot8S4t1FyBg,art,noai_activism,high
z0AFJuukIXA,art,creative_job_loss,high
4xjfDdv6IOQ,jobs,all_jobs_panic,medium
F3ndXMYVel4,jobs,layoffs_news,high
WZ6wq45XaVY,art,noai_activism,high
yjEOvs2b5gY,jobs,layoffs_news,high
3LB24gDXWJ4,general_neg,bubble_skepticism,high
qrvK_KuIeJk,xrisk,loss_of_control,high
BgeumRY8j3w,art,music_voice_theft,high
JYFjRbXz94U,art,noai_activism,high
MxYkhysq_P4,art,noai_activism,high
kaRQl97Faak,art,style_mimicry,high
ERiXDhLHxmo,art,consent_training,high
WVsNUXAbWg0,art,noai_activism,high
tCFpbDJVqPE,art,creative_job_loss,high
ljHiH7XE0Qc,jobs,white_collar_tech,high
jdqe5UVfbI4,xrisk,other,medium
1U1HMqtam90,deepfake,misinfo_general,high
hLcY30KEeNs,jobs,personal_loss,medium
WFe-dPDAzVc,art,noai_activism,high
YWjg7R6OYFU,general_neg,bubble_skepticism,high
Sun-P8jfq8w,deepfake,misinfo_general,high
Sb1RMuwbzhE,xrisk,agi_superintelligence,medium
J4QPVDKRGUI,xrisk,extinction_doom,high
jIAoX6LfLhA,art,noai_activism,high
6lt3qSuJAjg,art,noai_activism,high
gx2BM4GKc8c,art,other,medium
Pnmu98sYFLQ,art,noai_activism,high
Ho-lrjG4VLU,art,noai_activism,high
E3rLEhw8wnU,art,noai_activism,medium
Cdprzdy5LSY,art,noai_activism,high
WGdVAMd1PMQ,art,consent_training,medium
9GFuEUl2N7Y,art,noai_activism,high
Slg0WUxUmwE,general_neg,product_degradation,medium
-abg75mFgDM,general_neg,hate_quit,high
gIoB6OaSMxc,art,style_mimicry,high
rkidPxPoXew,jobs,personal_loss,medium
TiaTUbCOuwU,jobs,all_jobs_panic,high
SlYF7M4NXEk,deepfake,misinfo_general,high
zkcFVKSd7JM,jobs,personal_loss,high
pDoJWniB6kk,xrisk,personal_dread,medium
JyKa_FQYf4M,art,style_mimicry,high
w3EZpcTZ4ZA,jobs,personal_loss,high
CURo_tSQ6OU,art,noai_activism,high
N_t08ozlxMQ,jobs,all_jobs_panic,medium
a_8yuEDSGDo,surveillance,other,low
wBScCOq3WDg,general_neg,hate_quit,medium
oy5Nvgr3cbs,art,creative_job_loss,high
EkDY3lCjaLQ,surveillance,state_corporate,high
N5DeESaHpms,general_neg,hate_quit,high
50SJf98jeoY,jobs,white_collar_tech,high
_00k7nwh7Zs,regulation,corporate_critique,medium
QJshquOZtno,jobs,all_jobs_panic,medium
1WpMXYLhvEs,jobs,layoffs_news,high
Wsv6Pm3axds,jobs,personal_loss,medium
2Ck1E_Ii9tE,xrisk,personal_dread,high
dmojshurIAw,xrisk,loss_of_control,high
Fwm237UbvAc,art,music_voice_theft,high
bRrFHurjjeM,art,noai_activism,high
ZhKp7WrZ3yg,jobs,all_jobs_panic,medium
8-RGjvAviZg,xrisk,personal_dread,high
Sex8KJnlrTE,general_neg,bubble_skepticism,high
v4zyUpMpS_k,general_neg,bubble_skepticism,high
iTVQj4-IXyk,art,style_mimicry,high
hwudbulJewY,jobs,layoffs_news,high
aTm0YJPhkyQ,environment,other,high
U5FPhnKMcKs,regulation,econ_bubble,medium
ynfeoJMDN6g,art,creative_job_loss,high
1NPeaI7LXzQ,jobs,white_collar_tech,high
1xOjTv1Q298,xrisk,personal_dread,high
SqPlswU46CA,general_neg,hate_quit,high
urkVFZAhz3U,regulation,corporate_critique,high
lBvcD85Kgv8,regulation,corporate_critique,high
JfNbOtfd6n4,general_neg,bubble_skepticism,high
dH8G5p1icyo,general_neg,bubble_skepticism,high
d1FI42EcVsU,general_neg,bubble_skepticism,high
0bF_AQvHs1M,general_neg,bubble_skepticism,high
B2zCWJBnfuE,jobs,all_jobs_panic,high
z6xLio7gy4E,general_neg,bubble_skepticism,high
57zRoB4gx5M,general_neg,bubble_skepticism,high
ZIRXKZdcFS8,general_neg,bubble_skepticism,high
PfThVasizcE,general_neg,bubble_skepticism,high
ZQNWQbD1Yuk,surveillance,data_privacy,high
HDeRj8FTk8k,general_neg,bubble_skepticism,high
HUOJfDM2o6M,general_neg,bubble_skepticism,high
z3a4BuWF2vQ,general_neg,bubble_skepticism,high
ZV5Fx4qMDgA,jobs,other,high
3EOpf7gTeaQ,general_neg,bubble_skepticism,high
TJCukhl5B6Y,general_neg,bubble_skepticism,high
bKxWv6vF9gI,surveillance,other,high
kNdjLf4f0uU,jobs,white_collar_tech,high
UFprzvsxops,surveillance,other,high
9B3A6cwCMGs,environment,electricity_grid,medium
kVQzJ2K2Wpw,jobs,white_collar_tech,high
Nd7wrC62LEk,jobs,all_jobs_panic,medium
ufd3W9udtIo,general_neg,bubble_skepticism,high
2CBfoNT6gwg,general_neg,bubble_skepticism,high
mcN1VTTIjQs,general_neg,bubble_skepticism,medium
cV3JNm4GUZY,general_neg,bubble_skepticism,high
ZM2c33qy16U,jobs,white_collar_tech,high
yaHiqGNrj60,xrisk,loss_of_control,medium
QU4uplCseRQ,jobs,white_collar_tech,high
bsFt58oMkY0,general_neg,bubble_skepticism,high
wcPjPGs-Rrs,general_neg,bubble_skepticism,high
wQvobgIFHXo,general_neg,bubble_skepticism,high
Dyz354fPEWE,jobs,all_jobs_panic,medium
1l8reMrxV_8,jobs,white_collar_tech,medium
uBoFVNKQWaU,general_neg,bubble_skepticism,high
iu7lh2ynTd0,jobs,all_jobs_panic,high
KNloSWQ5ZZo,general_neg,bubble_skepticism,high
PsKVSHjres4,regulation,corporate_critique,high
DpYBJkp5dII,general_neg,bubble_skepticism,high
BGnEGfFB3o0,regulation,corporate_critique,high
-5pQwk0V0y8,jobs,white_collar_tech,high
2aaY-jZS3aU,general_neg,bubble_skepticism,high
khS-CoEJiS8,regulation,safety_oversight,high
rgiuaJbyUyU,jobs,white_collar_tech,medium
AYCwJT5udKM,general_neg,bubble_skepticism,high
GrQoUVDCyM4,surveillance,state_corporate,high
pqg_TeyMmfM,art,noai_activism,medium
Pq1PtOiXAwQ,xrisk,loss_of_control,medium
WGczLy6u8mQ,general_neg,bubble_skepticism,high
PsqCHk9rQZs,deepfake,nonconsensual_imagery,medium
90mzBRCZFEQ,general_neg,hate_quit,high
tY4ANCWqwkk,art,noai_activism,high
BxE8WhFP0D4,jobs,all_jobs_panic,medium
y2ZVyKrBOW0,jobs,white_collar_tech,high
jqDuZlRSuKw,art,noai_activism,high
RkdLuvZtiIc,jobs,personal_loss,medium
bkReV6Bcu5U,art,other,low
oIaaNN9Eocg,art,noai_activism,high
5KzKtTwNQkw,general_neg,hate_quit,medium
OkIJ14QTb5U,general_neg,antiai_identity,high
zfaXTi3K9bE,art,noai_activism,high
_QbLI7eg1Xc,general_neg,hate_quit,high
ZqmnCSSeLBU,environment,other,high
d_sljSuLOoc,art,noai_activism,medium
vAxW-mnA6ek,art,style_mimicry,high
-ZjmIBRbo1U,art,noai_activism,medium
Z1NaKgLI9BU,general_neg,hate_quit,high
r9AFm-r_4Sw,art,noai_activism,high
6SLvwuR1bG0,general_neg,hate_quit,high
kYcPhclK1fY,environment,general_resource,low
962gOOVYBpo,art,noai_activism,high
qTluL6XPXYY,general_neg,hate_quit,low
xVRua-UO5_g,general_neg,hate_quit,high
OQOTeoRMQqk,art,consent_training,medium
jOm3a-MVvns,general_neg,bubble_skepticism,high
OeMRqflYq6U,education,other,low
_Fl4P5wXY10,art,noai_activism,low
oroBrP0TpKI,general_neg,hate_quit,medium
MiI5Hzy6gkQ,general_neg,hate_quit,medium
SNqW-iYljkY,general_neg,hate_quit,medium
UvzyjbOn23M,art,noai_activism,high
CT0hERNua4Y,general_neg,hate_quit,high
lxGS9UdekdQ,general_neg,hate_quit,high
80JbpD7-9K8,art,consent_training,high
Vv56Wwjp8lA,art,noai_activism,high
37GlJP_kCrQ,general_neg,hate_quit,high
zkJtg9h6UcU,general_neg,hate_quit,high
lfFUEE363G8,surveillance,facial_recognition,high
Ms-xZrwMvZk,general_neg,hate_quit,high
XQNDhauzYKc,general_neg,hate_quit,high
WQRTBKHa8_c,general_neg,hate_quit,high
rswjoWfZx6w,general_neg,hate_quit,medium
xPBzTssHz-s,art,noai_activism,medium
5pn7cgtpMcY,general_neg,antiai_identity,high
7hoOKd6SZRs,surveillance,data_privacy,medium
bbAEaXbcLpU,general_neg,hate_quit,high
J5hCzdJo0fQ,general_neg,hate_quit,high
aPTbEo7yY8o,general_neg,hate_quit,high
OHruPAYWP50,art,noai_activism,high
FEx6nhkAQlQ,general_neg,other,low
vvhhHzp5om4,jobs,personal_loss,medium
WqLXjIp2-gc,art,noai_activism,high
6b--L0lC1VY,art,consent_training,high
QocwxweYh_o,art,noai_activism,high
KHgEhV4uPRQ,general_neg,ai_slop,high
0OBejWqI9Os,general_neg,hate_quit,high
7XGct4rbYfI,art,music_voice_theft,high
nqpeCeM962Q,jobs,personal_loss,high
h8cEHHC3X8g,general_neg,hate_quit,high
Iyd_tqGNnLw,surveillance,state_corporate,medium
AFEEQbq42Po,education,learning_harm,medium
fYBsA2VtLmo,jobs,other,high
og1OLayYAF0,general_neg,ai_slop,high
1E7QmwPZUwE,general_neg,other,low
AWoXCUXMheQ,jobs,all_jobs_panic,high
PJCyqJGi2Yw,art,noai_activism,high
w2evlbSQxTc,general_neg,hate_quit,medium
AGi0ZpcS0Oc,general_neg,hate_quit,high
a7PhoAGVXw0,general_neg,ai_slop,high
FLkhkeMPtr0,general_neg,antiai_identity,high
PhaQyclUCko,general_neg,hate_quit,high
Xz7z2ee-LUk,art,consent_training,high
-TEDii_3_QE,general_neg,hate_quit,medium
9k-zQqPoZ18,art,noai_activism,high
VumlraTKAus,art,noai_activism,high
c7t67Z9-vrc,art,noai_activism,high
dCK5CmcaClA,environment,data_centers,medium
o859MfqCh48,art,noai_activism,high
5WuthVWaGxI,jobs,all_jobs_panic,high
GaFrM5F5vMk,art,noai_activism,high
9VdTmqE8Qqo,art,music_voice_theft,medium
Ir--4IwXQOo,general_neg,hate_quit,high
LtY74Rxp3Y0,general_neg,hate_quit,high
19M9TzJTnmI,general_neg,hate_quit,high
7qsBy_NApCY,general_neg,hate_quit,high
U6JR9FELKOY,art,consent_training,high
8hxoGc6EqtQ,xrisk,extinction_doom,high
wZp0GDbMYJ4,jobs,all_jobs_panic,medium
Nw7qi2_xcMU,general_neg,hate_quit,medium
FjUu6b4T5aU,general_neg,bubble_skepticism,medium
LPLblXgkyhU,xrisk,loss_of_control,medium
-v52o7S8U3w,general_neg,hate_quit,high
Hx9CvxnorHM,jobs,all_jobs_panic,high
WYWKU6-puhQ,art,consent_training,high
QE6wvcVeLTE,general_neg,bubble_skepticism,low
jF8_0dGGyPc,art,noai_activism,medium
ex3U_t7DBwQ,general_neg,hate_quit,low
6VY4tmGSamI,general_neg,hate_quit,high
McNusCN4nrU,general_neg,ai_slop,high
AgsEDnmDsLQ,deepfake,political_election,medium
8t1H1YOgJek,surveillance,tracking_spying,medium
eUjxXKppUYo,general_neg,hate_quit,high
mLnEhMUPNms,general_neg,hate_quit,medium
dTgIFd-cPy8,general_neg,antiai_identity,high
7fD4W4gaSKo,general_neg,hate_quit,high
eNjlesFhQPU,jobs,layoffs_news,high
_BXZKZSZfPQ,art,noai_activism,high
rFybSANVPqU,jobs,personal_loss,high
7-wV0zTy-S4,general_neg,hate_quit,high
_QlbEdP_ZOw,art,noai_activism,high
kNfQ60ksDVA,art,noai_activism,high
rmsiqyfChzQ,general_neg,ai_slop,high
rJQXEu7IDo4,general_neg,ai_slop,high
7RNytYEpDBk,general_neg,hate_quit,high
uxzx4wTMr5k,general_neg,hate_quit,high
fXb4hXAdFm0,general_neg,ai_slop,medium
9CoKiHkcZPk,art,noai_activism,high
vObMHTSEHIY,art,noai_activism,high
d3kaiNIE-jU,jobs,all_jobs_panic,medium
-fD9UNah7TU,art,consent_training,high
G1F_7VcKizo,art,noai_activism,medium
yzGplGL2zo4,general_neg,hate_quit,low
ix0aQsmGY3E,art,noai_activism,high
hcJpT-BBBYo,art,noai_activism,high
rgSBgk4ZYpw,general_neg,hate_quit,high
aSfhOUdSY_w,deepfake,other,high
erUW803_F4w,jobs,personal_loss,high
XRg9ltaJ3aQ,general_neg,hate_quit,medium
RRMOmmt5u6A,general_neg,ai_slop,high
C-FgUIDb_so,general_neg,hate_quit,medium
2OO2vCMWuEk,general_neg,ai_slop,medium
MBGekIZOOyg,jobs,white_collar_tech,high
PhDIPS0QzbQ,general_neg,ai_slop,medium
t6qz8hLkVEA,art,noai_activism,high
wYkLkedJRtc,art,creative_job_loss,high
LpPqNTakJbw,general_neg,product_degradation,high
BRG6uRzJ0Ak,general_neg,hate_quit,high
exWJVS6SZ-0,jobs,white_collar_tech,high
kn-RSsmPhqg,general_neg,hate_quit,medium
S1aXjQ2vs0I,art,creative_job_loss,medium
epmyBQlfzpI,general_neg,hate_quit,high
LdlRb1awTto,general_neg,product_degradation,medium
e6cORWR76Gk,jobs,other,low
0PNdtbS9AnY,jobs,white_collar_tech,high
xr6NOp8UcFI,general_neg,hate_quit,high
WDEstrh_90c,general_neg,hate_quit,high
zlUz3BZ3qwo,art,noai_activism,high
wLDLXaVIREQ,art,noai_activism,medium
29wd4E1u_-g,xrisk,loss_of_control,medium
GmxRW7NLVfg,general_neg,hate_quit,high
rsldYGs0PpQ,general_neg,ai_slop,high
rfPa0hU6Nj4,environment,data_centers,high
QLKJmDFJ2yM,jobs,white_collar_tech,medium
SKeYrwV8pAk,surveillance,tracking_spying,medium
OaMEMRdgClY,deepfake,misinfo_general,high
Djl3loL8q2Y,art,noai_activism,high
RuEJ0_yC004,general_neg,product_degradation,high
RzYltWIG1PU,art,noai_activism,medium
f424PjuEF9c,general_neg,hate_quit,low
SG7RjpVpjhw,general_neg,product_degradation,high
IvuOoUgQrH8,art,creative_job_loss,high
MP6JwxpRq5c,jobs,all_jobs_panic,medium
Cc5MdKIgp5M,art,noai_activism,medium
J16ZwQ2Rlqs,environment,general_resource,medium
KsXzTz5H2QQ,general_neg,bubble_skepticism,high
kxctiXjx_-k,general_neg,ai_slop,high
vPh4VRdG3QA,general_neg,product_degradation,high
geCRNmFb2QI,art,noai_activism,high
nux3VW4qbz8,art,style_mimicry,medium
qx7jKS9L_Ig,general_neg,bubble_skepticism,medium
3FHwD01WXFM,art,consent_training,medium
3ajJhl_2X4o,general_neg,hate_quit,high
-zOCrWxCqUU,surveillance,state_corporate,high
7X0CbVdPWNE,general_neg,hate_quit,high
d03Tww5n3bg,art,noai_activism,medium
m41CYzbaBrs,art,noai_activism,high
vh0aUBTCUIE,art,noai_activism,high
DDXC-42fwEA,surveillance,data_privacy,medium
V5wLQ-8eyQI,education,learning_harm,high
UEPYquuwwuw,jobs,all_jobs_panic,medium
TNx6VsGU6lQ,art,noai_activism,low
SfPfoPx9zVc,art,noai_activism,high
gOKRxfUWufk,art,style_mimicry,medium
PiC_XpVtzLY,surveillance,data_privacy,high
9pb2VPFGnhI,education,student_cheating,high
Gy-H7TQtN8g,surveillance,data_privacy,high
LxehKQ8HTL4,education,learning_harm,high
